time_s,D1_m,D2_m,D3_m
0.000000000000000000e+00,0.000000000000000000e+00,0.000000000000000000e+00,0.000000000000000000e+00
1.000000000000000021e-02,-6.209470645214646129e-07,-6.129138510810117602e-07,-5.964785756572913440e-07
2.000000000000000042e-02,-2.874755785905788663e-06,-2.812565838550035173e-06,-2.687372298536571212e-06
2.999999999999999889e-02,-7.398210067136104585e-06,-7.144704405004118444e-06,-6.645125071832831713e-06
4.000000000000000083e-02,-1.528713975954688306e-05,-1.453959192962770852e-05,-1.310399523014496385e-05
5.000000000000000278e-02,-2.917358306116369160e-05,-2.734478936249845567e-05,-2.393263540798340483e-05
5.999999999999999778e-02,-5.205692738287080496e-05,-4.808824472986750632e-05,-4.090658271801493151e-05
7.000000000000000666e-02,-8.380389818907520974e-05,-7.595015850038534561e-05,-6.219805379782966540e-05
8.000000000000000167e-02,-1.195151503170818985e-04,-1.052182622088650886e-04,-8.110902968384679649e-05
8.999999999999999667e-02,-1.528343766834558783e-04,-1.287863826426906548e-04,-9.003986717747675486e-05
1.000000000000000056e-01,-1.809561022491482693e-04,-1.433321826454268886e-04,-8.603337988661235525e-05
1.100000000000000006e-01,-2.056548098406984278e-04,-1.503944959390121985e-04,-7.187579107067700772e-05
1.199999999999999956e-01,-2.303103478691781610e-04,-1.533377360768290723e-04,-5.277796481370015101e-05
1.300000000000000044e-01,-2.575023059079551650e-04,-1.548542900562028027e-04,-3.348568077124181020e-05
1.400000000000000133e-01,-2.887596973575344344e-04,-1.566413684586307733e-04,-1.759940200368434774e-05
1.499999999999999944e-01,-3.245522806485891991e-04,-1.593501471842534163e-04,-7.258108970127539600e-06
1.600000000000000033e-01,-3.640250638236440951e-04,-1.623138494738085450e-04,-2.726732269203102127e-06
1.700000000000000122e-01,-4.057262388428496029e-04,-1.642991851018705651e-04,-3.129037736785607507e-06
1.799999999999999933e-01,-4.488935915135688795e-04,-1.648176705984012356e-04,-7.801846638291118002e-06
1.900000000000000022e-01,-4.934164251268627430e-04,-1.640923657870102330e-04,-1.631576178248158671e-05
2.000000000000000111e-01,-5.386269404147031982e-04,-1.618475801632530888e-04,-2.735171617111457190e-05
2.099999999999999922e-01,-5.830432445114647807e-04,-1.570655885085851951e-04,-3.861203036078181630e-05
2.200000000000000011e-01,-6.255052665510967827e-04,-1.491426511281045619e-04,-4.816230858973956754e-05
2.300000000000000100e-01,-6.658275278527090455e-04,-1.385423539381302311e-04,-5.522983054113248685e-05
2.399999999999999911e-01,-7.041396883511850816e-04,-1.261137284719484979e-04,-5.960577957338645177e-05
2.500000000000000000e-01,-7.401879203443208341e-04,-1.123660675616870269e-04,-6.097524174238324370e-05
2.600000000000000089e-01,-7.734304768168868364e-04,-9.754564144042733272e-05,-5.903964478788545312e-05
2.700000000000000178e-01,-8.033706031857202039e-04,-8.195379338797008763e-05,-5.385931640937686277e-05
2.800000000000000266e-01,-8.297312330720037557e-04,-6.610383153602588172e-05,-4.599750281865991184e-05
2.899999999999999800e-01,-8.526700741148481900e-04,-5.090989711484495913e-05,-3.665041379182444381e-05
2.999999999999999889e-01,-8.729101715529221121e-04,-3.777871811778296088e-05,-2.763282703520500471e-05
3.099999999999999978e-01,-8.915909090219222358e-04,-2.841038715953073012e-05,-2.103946263546792217e-05
3.200000000000000067e-01,-9.101599755874748574e-04,-2.463415746250219952e-05,-1.893353119068821335e-05
3.300000000000000155e-01,-9.304225300441152377e-04,-2.839902764379807521e-05,-2.320344041508168046e-05
3.400000000000000244e-01,-9.541423101720316680e-04,-4.132075562326469406e-05,-3.501520650282819987e-05
3.499999999999999778e-01,-9.820175453299486920e-04,-6.362927168444068853e-05,-5.375477079129263667e-05
3.599999999999999867e-01,-1.013133064772190044e-03,-9.364189998255861792e-05,-7.663162790067553753e-05
3.699999999999999956e-01,-1.045637460001258524e-03,-1.285112613605422750e-04,-9.967537480728641411e-05
3.800000000000000044e-01,-1.077807203434786015e-03,-1.653833505412639698e-04,-1.191790794074485039e-04
3.900000000000000133e-01,-1.108577718418974180e-03,-2.020173844476218228e-04,-1.325549969998641824e-04
4.000000000000000222e-01,-1.137662574918805059e-03,-2.369734791288742397e-04,-1.386576468373979182e-04
4.099999999999999756e-01,-1.165244068488851051e-03,-2.693502802087400149e-04,-1.375454198898465373e-04
4.199999999999999845e-01,-1.190934224895261965e-03,-2.977880974102127109e-04,-1.294325583670109022e-04
4.299999999999999933e-01,-1.213084270265816361e-03,-3.198394155437814983e-04,-1.139908292887342387e-04
4.400000000000000022e-01,-1.229914639388178174e-03,-3.331742928488086171e-04,-9.146785898837528600e-05
4.500000000000000111e-01,-1.241292789794927335e-03,-3.374062390303951423e-04,-6.433320939873411976e-05
4.600000000000000200e-01,-1.248462463319992494e-03,-3.338150995016205946e-04,-3.669510763391529664e-05
4.699999999999999734e-01,-1.252092444472113200e-03,-3.233617363645283635e-04,-1.197180335781829533e-05
4.799999999999999822e-01,-1.251727436971532314e-03,-3.061161279781912984e-04,7.946474445494642263e-06
4.899999999999999911e-01,-1.247162877860168682e-03,-2.826161141893431678e-04,2.151405494895188380e-05
5.000000000000000000e-01,-1.239126616598277327e-03,-2.545117820415528976e-04,2.701348079817191277e-05
5.100000000000000089e-01,-1.228351997707809303e-03,-2.235805213069642547e-04,2.361041898471910087e-05
5.200000000000000178e-01,-1.214936103550947992e-03,-1.910299056618052383e-04,1.201147073945194285e-05
5.300000000000000266e-01,-1.198838441574590075e-03,-1.579509780840151372e-04,-6.143469883558181840e-06
5.400000000000000355e-01,-1.180281716961007529e-03,-1.256737663866648786e-04,-2.886553913521316028e-05
5.500000000000000444e-01,-1.159440595228571590e-03,-9.540950536923535879e-05,-5.373306250814948321e-05
5.600000000000000533e-01,-1.136053209501451493e-03,-6.782494487727212047e-05,-7.777694869969379069e-05
5.699999999999999512e-01,-1.109131849864853801e-03,-4.273669003663795572e-05,-9.751406355396840489e-05
5.799999999999999600e-01,-1.076684899611332537e-03,-1.884666949866271816e-05,-1.090335281301656152e-04
5.899999999999999689e-01,-1.036161359332604540e-03,5.771922878846781315e-06,-1.088066715110201578e-04
5.999999999999999778e-01,-9.857235992322211163e-04,3.235723752153334110e-05,-9.522124047063819559e-05
6.099999999999999867e-01,-9.248843494428880948e-04,6.080410512583403200e-05,-6.926755717845110871e-05
6.199999999999999956e-01,-8.538233892428687046e-04,9.036034916205820276e-05,-3.368504391671193527e-05
6.300000000000000044e-01,-7.727347545731096893e-04,1.203047944122296350e-04,8.001261910628994862e-06
6.400000000000000133e-01,-6.820654773957001565e-04,1.497365089436283479e-04,5.163144877819567704e-05
6.500000000000000222e-01,-5.827484545009724596e-04,1.773767792390376933e-04,9.262013428242727722e-05
6.600000000000000311e-01,-4.760046360872928961e-04,2.018086739278648651e-04,1.266078574602750543e-04
6.700000000000000400e-01,-3.634355150099966773e-04,2.214302331969257717e-04,1.497841424429726201e-04
6.800000000000000488e-01,-2.472022453138507446e-04,2.343264535541375853e-04,1.590562777360956810e-04
6.899999999999999467e-01,-1.293846340542951449e-04,2.389594231764661592e-04,1.529224592391805078e-04
6.999999999999999556e-01,-1.124257426604846995e-05,2.349333831802263134e-04,1.322510307055285109e-04
7.099999999999999645e-01,1.061788920468642177e-04,2.223882315995300398e-04,9.951401583032082863e-05
7.199999999999999734e-01,2.210490411976160285e-04,2.009906997934747530e-04,5.750975622738105055e-05
7.299999999999999822e-01,3.314399442275612609e-04,1.706156609447177037e-04,9.714261122523023894e-06
7.399999999999999911e-01,4.369251804819466707e-04,1.329101367268033815e-04,-3.856967396607443303e-05
7.500000000000000000e-01,5.384190833222807660e-04,9.104853333430377646e-05,-8.095797505069650553e-05
7.600000000000000089e-01,6.363425078443677146e-04,4.779186069197087044e-05,-1.124068821031959961e-04
7.700000000000000178e-01,7.298305703430345162e-04,4.609136657826140815e-06,-1.304201034580424411e-04
7.800000000000000266e-01,8.176076700364186354e-04,-3.750620995399057722e-05,-1.343679747521920307e-04
7.900000000000000355e-01,8.984952768480175154e-04,-7.757585981919945636e-05,-1.249979697064722750e-04
8.000000000000000444e-01,9.709195277089053200e-04,-1.151666647166614354e-04,-1.047847010073352063e-04
8.100000000000000533e-01,1.033044369319631624e-03,-1.502796729296612015e-04,-7.750031333478704448e-05
8.199999999999999512e-01,1.083843238661132873e-03,-1.822993971899278362e-04,-4.677305914317720693e-05
8.299999999999999600e-01,1.123321555972743579e-03,-2.098096598538353732e-04,-1.552043093251276459e-05
8.399999999999999689e-01,1.151519444910749455e-03,-2.316376307794352270e-04,1.336140413538041007e-05
8.499999999999999778e-01,1.168114075501215134e-03,-2.472850137779775939e-04,3.690236144275075642e-05
8.599999999999999867e-01,1.173157877795784820e-03,-2.562104951239497488e-04,5.305973172534521353e-05
8.699999999999999956e-01,1.167177582607412762e-03,-2.577495449756715120e-04,6.098124710797671766e-05
8.800000000000000044e-01,1.150038985954944352e-03,-2.522544251417716010e-04,5.995788508014709397e-05
8.900000000000000133e-01,1.120525682102511012e-03,-2.414838528074593265e-04,4.907725849997709116e-05
9.000000000000000222e-01,1.077737965675825381e-03,-2.271472533677504715e-04,2.864875677915484616e-05
9.100000000000000311e-01,1.022645967714253326e-03,-2.093124728681129568e-04,1.611065045240547045e-06
9.200000000000000400e-01,9.580415382316084501e-04,-1.864594733580609307e-04,-2.689087262108537754e-05
9.300000000000000488e-01,8.872713648665739349e-04,-1.567827256342696897e-04,-5.128858739952263227e-05
9.399999999999999467e-01,8.129368285413973803e-04,-1.195188171864641709e-04,-6.738022742409967574e-05
9.499999999999999556e-01,7.362763048081833687e-04,-7.555228257966028463e-05,-7.327226518079974914e-05
9.599999999999999645e-01,6.576631967176382269e-04,-2.686183780497117024e-05,-6.899671165422699101e-05
9.699999999999999734e-01,5.777580499474188613e-04,2.470731730479716203e-05,-5.532684142153824417e-05
9.799999999999999822e-01,4.976968324880865499e-04,7.770306034894236687e-05,-3.348235044527619409e-05
9.899999999999999911e-01,4.178712285682851732e-04,1.299214543188109705e-04,-6.149966366107672027e-06
1.000000000000000000e+00,3.373124147126762944e-04,1.778920018776881061e-04,2.224763127612117884e-05
1.010000000000000009e+00,2.550306413602902375e-04,2.183357042902121445e-04,4.733010513411682152e-05
1.020000000000000018e+00,1.715321472828056722e-04,2.497741575166822852e-04,6.664190404815361366e-05
1.030000000000000027e+00,8.867275914232920634e-05,2.724221294388461719e-04,7.969199524769768382e-05
1.040000000000000036e+00,8.936845356172602788e-06,2.874600806279434110e-04,8.725352863128647677e-05
1.050000000000000044e+00,-6.464035852642713840e-05,2.969179821414810478e-04,9.118340752632118527e-05
1.060000000000000053e+00,-1.290780761280952555e-04,3.030120419620647553e-04,9.363820255256471417e-05
1.070000000000000062e+00,-1.830754785587871802e-04,3.064747220779119965e-04,9.530717095701379132e-05
1.080000000000000071e+00,-2.276412374969969473e-04,3.059295907774334613e-04,9.479465641631133548e-05
1.090000000000000080e+00,-2.651284706761641678e-04,2.989091581420913078e-04,8.974483389337591414e-05
1.100000000000000089e+00,-2.989027020294570606e-04,2.822676564676858749e-04,7.740595924782233664e-05
1.110000000000000098e+00,-3.341636602556286050e-04,2.514678894770830896e-04,5.409799718854546276e-05
1.120000000000000107e+00,-3.773651352939530728e-04,2.012975218262109251e-04,1.612115482733930070e-05
1.129999999999999893e+00,-4.337088859323783908e-04,1.284937906178322477e-04,-3.752482417612714799e-05
1.139999999999999902e+00,-5.058232311468290792e-04,3.310565267649836661e-05,-1.039089776540939880e-04
1.149999999999999911e+00,-5.948558512090533663e-04,-8.264749656875235466e-05,-1.776677188211131248e-04
1.159999999999999920e+00,-7.011096516168797022e-04,-2.151239949280927188e-04,-2.522427974430620657e-04
1.169999999999999929e+00,-8.226291866049767650e-04,-3.580233348075274164e-04,-3.192175723583051228e-04
1.179999999999999938e+00,-9.541985322785468283e-04,-5.016508043265913023e-04,-3.682324719627328054e-04
1.189999999999999947e+00,-1.088481596706328313e-03,-6.344061061167975430e-04,-3.891234181146442607e-04
1.199999999999999956e+00,-1.217599560775900957e-03,-7.447405804357590557e-04,-3.743676711179716498e-04
1.209999999999999964e+00,-1.333687535840028015e-03,-8.220767571777578111e-04,-3.201962728308053877e-04
1.219999999999999973e+00,-1.429294555922100245e-03,-8.575240581022732346e-04,-2.271430461846092683e-04
1.229999999999999982e+00,-1.498170726898339754e-03,-8.449061090241647819e-04,-1.005227266870063161e-04
1.239999999999999991e+00,-1.535492241212452202e-03,-7.811271415029865783e-04,5.010945322581839760e-05
1.250000000000000000e+00,-1.537122633337106425e-03,-6.654768965319053783e-04,2.128102779599057065e-04
1.260000000000000009e+00,-1.498761505719388822e-03,-4.987471893967761628e-04,3.753712089986885759e-04
1.270000000000000018e+00,-1.415762658448862588e-03,-2.829615600054373979e-04,5.267455176411903412e-04
1.280000000000000027e+00,-1.283983255547672692e-03,-2.207765483022384055e-05,6.573153350403396602e-04
1.290000000000000036e+00,-1.101707679059042017e-03,2.763247241661439808e-04,7.579633234161596914e-04
1.300000000000000044e+00,-8.715106693102285876e-04,5.995498091350632067e-04,8.191582896535343997e-04
1.310000000000000053e+00,-6.003453265965228965e-04,9.302178309552537171e-04,8.317790885492025226e-04
1.320000000000000062e+00,-2.980806705176387459e-04,1.248362178264834140e-03,7.893220471945633235e-04
1.330000000000000071e+00,2.382626995795428449e-05,1.533441713303369250e-03,6.896208490565138450e-04
1.340000000000000080e+00,3.536703310229354557e-04,1.766347559315371287e-03,5.360773165365148108e-04
1.350000000000000089e+00,6.821421881779267480e-04,1.932614498044741332e-03,3.395518505123500032e-04
1.360000000000000098e+00,1.004748919647088486e-03,2.025215916486100901e-03,1.192610570115829228e-04
1.370000000000000107e+00,1.320824299620400495e-03,2.043715566968704826e-03,-1.004118758404538305e-04
1.379999999999999893e+00,1.629884704976475480e-03,1.990588017928974444e-03,-2.960193127528736338e-04
1.389999999999999902e+00,1.929511076375010339e-03,1.868977606346475164e-03,-4.493713395339773813e-04
1.399999999999999911e+00,2.215905136736803956e-03,1.683083151920437967e-03,-5.486218751340965960e-04
1.409999999999999920e+00,2.484454921955477329e-03,1.438499733974113242e-03,-5.886777253853002359e-04
1.419999999999999929e+00,2.729543081653180818e-03,1.141753086554975769e-03,-5.716500505727719261e-04
1.429999999999999938e+00,2.945571762778304188e-03,8.010000485833492119e-04,-5.054132723308707659e-04
1.439999999999999947e+00,3.128828661344102476e-03,4.274935546958936365e-04,-4.008352191791505711e-04
1.449999999999999956e+00,3.277288857758900529e-03,3.489538698448582156e-05,-2.707783691440037777e-04
1.459999999999999964e+00,3.388322771690997597e-03,-3.635443961246181748e-04,-1.309454413829727745e-04
1.469999999999999973e+00,3.457696795579521653e-03,-7.564862345578928643e-04,8.098814285623668146e-07
1.479999999999999982e+00,3.481364197997101166e-03,-1.133165371765765305e-03,1.080180797476976845e-04
1.489999999999999991e+00,3.458007198498874810e-03,-1.481302371790176433e-03,1.795845210729067403e-04
1.500000000000000000e+00,3.390335554194907376e-03,-1.786296746782678815e-03,2.119295159156918374e-04
1.510000000000000009e+00,3.285013061382298372e-03,-2.031837325578046607e-03,2.090167810003038635e-04
1.520000000000000018e+00,3.151808870468899085e-03,-2.201302246382904997e-03,1.809155833515526898e-04
1.530000000000000027e+00,3.002647869182117554e-03,-2.279228120853144229e-03,1.417345042832210791e-04
1.540000000000000036e+00,2.850812185953181983e-03,-2.252550933226482501e-03,1.073919770276789376e-04
1.550000000000000044e+00,2.709423964553904496e-03,-2.112439664039535842e-03,9.261131450421590842e-05
1.560000000000000053e+00,2.588721959842460278e-03,-1.857140743646498726e-03,1.069850455853757449e-04
1.570000000000000062e+00,2.494178530324796771e-03,-1.493717128991666181e-03,1.524736948658196979e-04
1.580000000000000071e+00,2.427682036646173960e-03,-1.036448352840426074e-03,2.246591728579682735e-04
1.590000000000000080e+00,2.389929783274861476e-03,-5.038120152569445457e-04,3.157264239323247430e-04
1.600000000000000089e+00,2.380202237269625053e-03,8.206076920796867981e-05,4.151553686908887510e-04
1.610000000000000098e+00,2.393731083679238956e-03,6.936691503046510518e-04,5.083294803916025466e-04
1.620000000000000107e+00,2.420565680042361788e-03,1.298087978165433269e-03,5.769967504368954348e-04
1.629999999999999893e+00,2.447658358859751502e-03,1.860247710965300290e-03,6.031184683280498785e-04
1.639999999999999902e+00,2.462218346981707214e-03,2.347479168904022685e-03,5.737532242935642788e-04
1.649999999999999911e+00,2.454398627045751256e-03,2.733252925509168686e-03,4.846241919637286183e-04
1.659999999999999920e+00,2.419079904431025493e-03,2.999769721900359155e-03,3.418568907378000078e-04
1.669999999999999929e+00,2.356679499633297821e-03,3.139260946459783430e-03,1.617258979741498866e-04
1.679999999999999938e+00,2.272650380454508800e-03,3.153642381937165826e-03,-3.180675407000949838e-05
1.689999999999999947e+00,2.175961463546450050e-03,3.052838482583391209e-03,-2.111616711723279674e-04
1.699999999999999956e+00,2.077059525786175039e-03,2.852339754780255834e-03,-3.498897906652186649e-04
1.709999999999999964e+00,1.985804389865893343e-03,2.570565656276887784e-03,-4.271456205013116590e-04
1.719999999999999973e+00,1.910803804791817804e-03,2.227528346456122358e-03,-4.300983963999612100e-04
1.729999999999999982e+00,1.860973603744283441e-03,1.845644271570984684e-03,-3.533267738123499696e-04
1.739999999999999991e+00,1.846809238912907941e-03,1.450170615211271007e-03,-1.977662418805245514e-04
1.750000000000000000e+00,1.878287690660860720e-03,1.066223058505766244e-03,2.771506477824049882e-05
1.760000000000000009e+00,1.960988333659771134e-03,7.140766124802796133e-04,3.038596464007505991e-04
1.770000000000000018e+00,2.094819179420319248e-03,4.072451207090097176e-04,6.021343477310109153e-04
1.780000000000000027e+00,2.275855416155517404e-03,1.538711822445590479e-04,8.896572450233403455e-04
1.790000000000000036e+00,2.497622510981204955e-03,-4.226985467281839631e-05,1.133808415586243408e-03
1.800000000000000044e+00,2.750150950673025362e-03,-1.828287280239710019e-04,1.304477996190832366e-03
1.810000000000000053e+00,3.019217882064578317e-03,-2.755662821662592001e-04,1.376120675646198919e-03
1.820000000000000062e+00,3.287698845635362872e-03,-3.327498257057361205e-04,1.331264535275441781e-03
1.830000000000000071e+00,3.537878624375912894e-03,-3.684743189135302236e-04,1.163988043645295409e-03
1.840000000000000080e+00,3.753616514473314628e-03,-3.960949836957946809e-04,8.819847944296623984e-04
1.850000000000000089e+00,3.922772112886785574e-03,-4.254501111543800940e-04,5.074732673358554229e-04
1.860000000000000098e+00,4.039246756776487639e-03,-4.605989247128148894e-04,7.630843748852720503e-05
1.870000000000000107e+00,4.102987776941909026e-03,-4.997693041553606793e-04,-3.661196115165644732e-04
1.879999999999999893e+00,4.118360271318169917e-03,-5.370926054382332664e-04,-7.712898869407823011e-04
1.889999999999999902e+00,4.092775046190749028e-03,-5.641876167393331714e-04,-1.093739019548362968e-03
1.899999999999999911e+00,4.035891412495157607e-03,-5.712304025413165141e-04,-1.296130990077329738e-03
1.909999999999999920e+00,3.958698533006478441e-03,-5.481680367321135807e-04,-1.353421134030816445e-03
1.919999999999999929e+00,3.872622711598482873e-03,-4.858901774828686235e-04,-1.255604656638800417e-03
1.929999999999999938e+00,3.788469633789227301e-03,-3.775101588758927027e-04,-1.009024718562317796e-03
1.939999999999999947e+00,3.714025700193090713e-03,-2.208751889562623550e-04,-6.373077219630774717e-04
1.949999999999999956e+00,3.651256336764162856e-03,-2.129092098327664280e-05,-1.809752450688022955e-04
1.959999999999999964e+00,3.596725882615702148e-03,2.091998545991341626e-04,3.076335358405070841e-04
1.969999999999999973e+00,3.545710710065518630e-03,4.563870165494329323e-04,7.739160378490267909e-04
1.979999999999999982e+00,3.494914856745160500e-03,7.071023893742464216e-04,1.169075788342624793e-03
1.989999999999999991e+00,3.440727434971107938e-03,9.479610793337994983e-04,1.453035747922110186e-03
2.000000000000000000e+00,3.377473585704032777e-03,1.164111750922306983e-03,1.596345442629849105e-03
2.009999999999999787e+00,3.300130254967572306e-03,1.342443236935254641e-03,1.585216841222737488e-03
2.020000000000000018e+00,3.207813917586367896e-03,1.475454025915256878e-03,1.425569984053806335e-03
2.029999999999999805e+00,3.102009676890896822e-03,1.559706109653193756e-03,1.139965790804749971e-03
2.040000000000000036e+00,2.981184034452358939e-03,1.590588938714079109e-03,7.595434090146189424e-04
2.049999999999999822e+00,2.838646637805554689e-03,1.560367511760616310e-03,3.184931513644460302e-04
2.060000000000000053e+00,2.665874064586080342e-03,1.461721081118382438e-03,-1.463535511771496837e-04
2.069999999999999840e+00,2.457385827718191595e-03,1.292745396572144790e-03,-5.946737805600127739e-04
2.080000000000000071e+00,2.213381669469143258e-03,1.059509444096659115e-03,-9.842728667551871660e-04
2.089999999999999858e+00,1.939414397233707715e-03,7.754016398374219757e-04,-1.275609508686662919e-03
2.100000000000000089e+00,1.644058699676309836e-03,4.582722193562253693e-04,-1.437762777001368392e-03
2.109999999999999876e+00,1.336433881511430626e-03,1.273213079861495870e-04,-1.453438578937038322e-03
2.120000000000000107e+00,1.025635393738257494e-03,-1.981367197252215204e-04,-1.320603380649288403e-03
2.129999999999999893e+00,7.220928643310982548e-04,-4.979928514368042519e-04,-1.050692724475099909e-03
2.140000000000000124e+00,4.385308618721397013e-04,-7.510769305417778997e-04,-6.659192557885328838e-04
2.149999999999999911e+00,1.886482750678505774e-04,-9.371632341079657322e-04,-1.977903283112108612e-04
2.160000000000000142e+00,-1.607393452714857800e-05,-1.040753738315675905e-03,3.134330829215701154e-04
2.169999999999999929e+00,-1.696527702424524011e-04,-1.054741328753673905e-03,8.199968963539937695e-04
2.180000000000000160e+00,-2.731140386530893837e-04,-9.820095049181208190e-04,1.270239549649864082e-03
2.189999999999999947e+00,-3.331598796484190736e-04,-8.338840267115053091e-04,1.615087803905394803e-03
2.200000000000000178e+00,-3.590583849077786001e-04,-6.265729133949364451e-04,1.815708944148699405e-03
2.209999999999999964e+00,-3.603577225588736879e-04,-3.782980313422961652e-04,1.849050093151866298e-03
2.220000000000000195e+00,-3.465486186262017139e-04,-1.083121915406164593e-04,1.709731857740379515e-03
2.229999999999999982e+00,-3.274892352093152219e-04,1.633542392201192401e-04,1.409383548320047950e-03
2.240000000000000213e+00,-3.136093070010691642e-04,4.163826503756704999e-04,9.745257975180770344e-04
2.250000000000000000e+00,-3.159736872869524935e-04,6.307898477752450599e-04,4.431933029965054189e-04
2.259999999999999787e+00,-3.457297044493474027e-04,7.881303029245298117e-04,-1.388584188870635493e-04
2.270000000000000018e+00,-4.124372430007345876e-04,8.737246518253268803e-04,-7.214790063089891606e-04
2.279999999999999805e+00,-5.225103771493790116e-04,8.786198308969575457e-04,-1.253830974654711588e-03
2.290000000000000036e+00,-6.791071197061528423e-04,7.999036196877574089e-04,-1.689369939956581780e-03
2.299999999999999822e+00,-8.826250892239471870e-04,6.402132692595739923e-04,-1.990753694767999262e-03
2.310000000000000053e+00,-1.130631929772160085e-03,4.076194072357892679e-04,-2.133079911949973401e-03
2.319999999999999840e+00,-1.417885578897306849e-03,1.152410095505628992e-04,-2.105824177844572900e-03
2.330000000000000071e+00,-1.737096719300266091e-03,-2.200337862424673848e-04,-1.913966993848670913e-03
2.339999999999999858e+00,-2.079831632198953645e-03,-5.790737295503041102e-04,-1.577664611234276624e-03
2.350000000000000089e+00,-2.437619967042182687e-03,-9.422868607661131959e-04,-1.130625408557724663e-03
2.359999999999999876e+00,-2.803704352079614340e-03,-1.292028594805848425e-03,-6.178349000414332494e-04
2.370000000000000107e+00,-3.173593988113331335e-03,-1.613737249560011832e-03,-9.113362727850943213e-05
2.379999999999999893e+00,-3.542341901069068384e-03,-1.893719409097867866e-03,3.988301056172090719e-04
2.390000000000000124e+00,-3.901120190660254186e-03,-2.116226107819519503e-03,8.108996433297227351e-04
2.399999999999999911e+00,-4.237595146341113089e-03,-2.264355946527031246e-03,1.116833927043040875e-03
2.410000000000000142e+00,-4.539012071495994276e-03,-2.323636580297053049e-03,1.300729718477467442e-03
2.419999999999999929e+00,-4.793319511739294048e-03,-2.283534277095393330e-03,1.359105667560746907e-03
2.430000000000000160e+00,-4.989047058985811821e-03,-2.137571279825672618e-03,1.300934919744743375e-03
2.439999999999999947e+00,-5.118684488550860438e-03,-1.886748231692036374e-03,1.143075527187667776e-03
2.450000000000000178e+00,-5.184158469100470616e-03,-1.544748373787092942e-03,9.030360946310872191e-04
2.459999999999999964e+00,-5.196967665524168146e-03,-1.137408677973710718e-03,5.969932379446377156e-04
2.470000000000000195e+00,-5.171146245747703166e-03,-6.947373372640157189e-04,2.448429592083485444e-04
2.479999999999999982e+00,-5.116263854504557625e-03,-2.429231514883653140e-04,-1.253186907773092907e-04
2.490000000000000213e+00,-5.036118552818513207e-03,1.978306609436983668e-04,-4.790911683974528401e-04
2.500000000000000000e+00,-4.930105749137034254e-03,6.126182294970005000e-04,-7.807315816193186823e-04
2.509999999999999787e+00,-4.792404622426732659e-03,9.931321250956995101e-04,-9.959304949451639691e-04
2.520000000000000018e+00,-4.610357555065979981e-03,1.339533430132359808e-03,-1.093513538340531608e-03
2.529999999999999805e+00,-4.366518742489708393e-03,1.658410065475826286e-03,-1.050225956107876365e-03
2.540000000000000036e+00,-4.044722814653096445e-03,1.956582875413503952e-03,-8.583810605643672894e-04
2.549999999999999822e+00,-3.636180848246961094e-03,2.234934396004082443e-03,-5.317374520933036653e-04
2.560000000000000053e+00,-3.142337728292168581e-03,2.485670566453745175e-03,-1.060006785527499332e-04
2.569999999999999840e+00,-2.574322901248748789e-03,2.693224545903843102e-03,3.660480686857672003e-04
2.580000000000000071e+00,-1.950294551683365209e-03,2.837448381978203635e-03,8.228763312585611091e-04
2.589999999999999858e+00,-1.291930608736704652e-03,2.897728839591567299e-03,1.203843238176102986e-03
2.600000000000000089e+00,-6.212139134302060561e-04,2.856755542034015213e-03,1.458080592378857175e-03
2.609999999999999876e+00,4.200406097681720955e-05,2.703349564783584340e-03,1.551317986639121072e-03
2.620000000000000107e+00,6.823683698922125996e-04,2.434973869505845361e-03,1.470749950430215143e-03
2.629999999999999893e+00,1.291464198076599373e-03,2.060001748646390646e-03,1.227702578552038529e-03
2.640000000000000124e+00,1.868375291709437882e-03,1.597743047724520726e-03,8.560570046783506091e-04
2.649999999999999911e+00,2.416560781757058716e-03,1.074485131547227128e-03,4.050225598076095013e-04
2.660000000000000142e+00,2.938573094558508906e-03,5.172227439146584059e-04,-7.138209374609854599e-05
2.669999999999999929e+00,3.432043798056869793e-03,-5.131787595985042120e-05,-5.237254088520059119e-04
2.680000000000000160e+00,3.888275076681905681e-03,-6.148969889944173699e-04,-9.132844281674783529e-04
2.689999999999999947e+00,4.292409142877835933e-03,-1.164193904228434965e-03,-1.215394414127056715e-03
2.700000000000000178e+00,4.624730537157756283e-03,-1.695896900025833714e-03,-1.420221543366882461e-03
2.709999999999999964e+00,4.863487913501074802e-03,-2.210109817345080538e-03,-1.530597823784289341e-03
2.720000000000000195e+00,4.988365120412176570e-03,-2.707030508653679966e-03,-1.558056778807815051e-03
2.729999999999999982e+00,4.983243811994029354e-03,-3.184349190201879367e-03,-1.518811082160339415e-03
2.740000000000000213e+00,4.838589821659204128e-03,-3.635108426546792854e-03,-1.429740465188590430e-03
2.750000000000000000e+00,4.553969383502956547e-03,-4.045582455064348007e-03,-1.304287322219203904e-03
2.759999999999999787e+00,4.138759696271324985e-03,-4.395146121480481873e-03,-1.150511113140355920e-03
2.770000000000000018e+00,3.608771068331122212e-03,-4.660363492213140738e-03,-9.736086054503061485e-04
2.779999999999999805e+00,2.980195112221190393e-03,-4.821724733886940256e-03,-7.811657385498744751e-04
2.790000000000000036e+00,2.265292120351316500e-03,-4.868438315363823703e-03,-5.863338486719780421e-04
2.799999999999999822e+00,1.472290019141551422e-03,-4.798712410152622052e-03,-4.063414941710159073e-04
2.810000000000000053e+00,6.075022400800665027e-04,-4.617533607546469784e-03,-2.585607518698003785e-04
2.819999999999999840e+00,-3.239079545919531871e-04,-4.335566392435519743e-03,-1.580166726392836271e-04
2.830000000000000071e+00,-1.319205238170907636e-03,-3.969878635356879557e-03,-1.171947813318347111e-04
2.839999999999999858e+00,-2.378595366946757109e-03,-3.543686916011683924e-03,-1.454011723008822470e-04
2.850000000000000089e+00,-3.502682027593122249e-03,-3.082885239701110575e-03,-2.455529095264834347e-04
2.859999999999999876e+00,-4.688656325201847469e-03,-2.611270541125925923e-03,-4.104976538940935046e-04
2.870000000000000107e+00,-5.929157167628245489e-03,-2.148517914462717317e-03,-6.229925251200809375e-04
2.879999999999999893e+00,-7.214439373726714080e-03,-1.711571523680042312e-03,-8.598200552066344749e-04
2.890000000000000124e+00,-8.534069609391179909e-03,-1.315646099401611034e-03,-1.095875221587002931e-03
2.899999999999999911e+00,-9.875517854772988824e-03,-9.722189987202896908e-04,-1.305299126297421739e-03
2.910000000000000142e+00,-1.122202380006961583e-02,-6.864580480276621759e-04,-1.461918229817149670e-03
2.919999999999999929e+00,-1.255305599974975914e-02,-4.574457261065461005e-04,-1.542140222752747458e-03
2.930000000000000160e+00,-1.384649997140060748e-02,-2.803101750276109261e-04,-1.529113589707521443e-03
2.939999999999999947e+00,-1.507934014530719520e-02,-1.469837696517038857e-04,-1.414608740941131074e-03
2.950000000000000178e+00,-1.622633214882397701e-02,-4.508239248813698851e-05,-1.198036342933092710e-03
2.959999999999999964e+00,-1.725926474563833912e-02,4.247738263515697118e-05,-8.852884956385741536e-04
2.970000000000000195e+00,-1.814819756042267140e-02,1.357551708681952883e-04,-4.888560234071957474e-04
2.979999999999999982e+00,-1.886304329215596556e-02,2.556472601164575214e-04,-2.761584455313313249e-05
2.990000000000000213e+00,-1.937450936532542772e-02,4.223767985172943024e-04,4.746093072590972569e-04
3.000000000000000000e+00,-1.965690971270649470e-02,6.521785390658734307e-04,9.891126635898129810e-04
3.009999999999999787e+00,-1.969478735246651610e-02,9.503853313798258035e-04,1.479137794783804251e-03
3.020000000000000018e+00,-1.948954420246891070e-02,1.304918761564634235e-03,1.897507497455421790e-03
3.029999999999999805e+00,-1.905974959542694122e-02,1.686618745713790819e-03,2.191282246943660524e-03
3.040000000000000036e+00,-1.843466922967694488e-02,2.056771932444271308e-03,2.313188436923809942e-03
3.049999999999999822e+00,-1.764695933800889197e-02,2.375654828692402073e-03,2.232796876520375378e-03
3.060000000000000053e+00,-1.672850953719608180e-02,2.607880059269514997e-03,1.942585431481473959e-03
3.069999999999999840e+00,-1.570811673990873958e-02,2.725710898330723289e-03,1.459763493780779492e-03
3.080000000000000071e+00,-1.461005674480606899e-02,2.711181576476613848e-03,8.247489310454913939e-04
3.089999999999999858e+00,-1.345526209403750083e-02,2.555283118470124976e-03,9.494695922152527072e-05
3.100000000000000089e+00,-1.226436001522580518e-02,2.255007559240598553e-03,-6.646729035356446812e-04
3.109999999999999876e+00,-1.105890636021856707e-02,1.811981405703664075e-03,-1.389653572798399883e-03
3.120000000000000107e+00,-9.860254373977332329e-03,1.233269238546617951e-03,-2.021490269328699019e-03
3.129999999999999893e+00,-8.688847554093355810e-03,5.315506414468537406e-04,-2.512654379300571436e-03
3.140000000000000124e+00,-7.563976170511041951e-03,-2.753616816297007166e-04,-2.830756919719090194e-03
3.149999999999999911e+00,-6.501802949959692608e-03,-1.163467967114926831e-03,-2.959368245799851374e-03
3.160000000000000142e+00,-5.513529315646708943e-03,-2.101878919767512319e-03,-2.897319298752739324e-03
3.169999999999999929e+00,-4.607594368971423306e-03,-3.056314068794788088e-03,-2.660342923608910275e-03
3.180000000000000160e+00,-3.793704362115888230e-03,-3.994465446842589834e-03,-2.282729730066507950e-03
3.189999999999999947e+00,-3.082877711976714057e-03,-4.887294716077081672e-03,-1.813291232447666445e-03
3.200000000000000178e+00,-2.484232433782333251e-03,-5.706977397143165806e-03,-1.306929419316142649e-03
3.209999999999999964e+00,-2.004269798900237994e-03,-6.427264250371936966e-03,-8.183061007527226609e-04
3.220000000000000195e+00,-1.648886657307760753e-03,-7.026445210204915193e-03,-3.983921988529619458e-04
3.229999999999999982e+00,-1.423347445892531819e-03,-7.488085177921920479e-03,-8.957647151735777594e-05
3.240000000000000213e+00,-1.329987479889063523e-03,-7.799304015255342087e-03,8.035884657361779947e-05
3.250000000000000000e+00,-1.367863042938633313e-03,-7.950837553802081112e-03,1.007372739185235188e-04
3.259999999999999787e+00,-1.534930590512055592e-03,-7.939431831360055716e-03,-2.371403006609714440e-05
3.270000000000000018e+00,-1.829559436220961829e-03,-7.769318875072877759e-03,-2.753932704482165805e-04
3.279999999999999805e+00,-2.250761292819789677e-03,-7.452133022716567017e-03,-6.263082252610002905e-04
3.290000000000000036e+00,-2.798805759539004737e-03,-7.006939167256623704e-03,-1.041865698880372736e-03
3.299999999999999822e+00,-3.475297085704342082e-03,-6.459464698888237912e-03,-1.484656429380264413e-03
3.310000000000000053e+00,-4.280671264749702845e-03,-5.838560649357995777e-03,-1.915896103664298548e-03
3.319999999999999840e+00,-5.210435874278893445e-03,-5.171343228138496929e-03,-2.295707255913793324e-03
3.330000000000000071e+00,-6.252591146305973464e-03,-4.479592227152703020e-03,-2.584567287590605264e-03
3.339999999999999858e+00,-7.386002504098655198e-03,-3.777281620694485781e-03,-2.745502200031635278e-03
3.350000000000000089e+00,-8.579311152865370591e-03,-3.068901334513401535e-03,-2.746377318576495412e-03
3.359999999999999876e+00,-9.792338640195644150e-03,-2.350545146700658023e-03,-2.563929594436416270e-03
3.370000000000000107e+00,-1.098088069654076793e-02,-1.614585795895433305e-03,-2.189960813670770428e-03
3.379999999999999893e+00,-1.210180520490904479e-02,-8.547113090596622715e-04,-1.636087198723432936e-03
3.390000000000000124e+00,-1.311486992157380460e-02,-6.762834206413138437e-05,-9.332288916810889141e-04
3.399999999999999911e+00,-1.398119560394567480e-02,7.486453625689461515e-04,-1.260294052181683147e-04
3.410000000000000142e+00,-1.466092594068025418e-02,1.597310577063310554e-03,7.346406880242712907e-04
3.419999999999999929e+00,-1.511253836578536035e-02,2.483619276444218489e-03,1.597930483609996677e-03
3.430000000000000160e+00,-1.529496432317036490e-02,3.412859262367152167e-03,2.416316327356045433e-03
3.439999999999999947e+00,-1.517125703821967618e-02,4.386827479671343705e-03,3.146937112304130663e-03
3.450000000000000178e+00,-1.471068121096137139e-02,5.401998742122667008e-03,3.753869717520797074e-03
3.459999999999999964e+00,-1.388839264555277557e-02,6.450245373471472782e-03,4.211878016267917198e-03
3.470000000000000195e+00,-1.268630008324601183e-02,7.518508709124155365e-03,4.507774796149042508e-03
3.479999999999999982e+00,-1.109818145270242799e-02,8.584406222548265561e-03,4.636392472331275251e-03
3.490000000000000213e+00,-9.135864989020468438e-03,9.611092286609281346e-03,4.594775844846663709e-03
3.500000000000000000e+00,-6.830040068603929725e-03,1.054787769699562332e-02,4.381374764415637071e-03
3.509999999999999787e+00,-4.224877863518709808e-03,1.133732299141183668e-02,4.000937848135026169e-03
3.520000000000000018e+00,-1.373309987303624564e-03,1.192174713560340688e-02,3.467898866146828813e-03
3.529999999999999805e+00,1.661489764965548739e-03,1.224347419575299613e-02,2.802683031430704651e-03
3.540000000000000036e+00,4.802203239919664544e-03,1.224259964589614544e-02,2.025161632201098044e-03
3.549999999999999822e+00,7.959650793846638137e-03,1.186085315145207590e-02,1.154239699483317018e-03
3.560000000000000053e+00,1.104345867677488345e-02,1.105353582806512837e-02,2.155458955298178469e-04
3.569999999999999840e+00,1.397415772074605579e-02,9.802214382880265753e-03,-7.504050468935969656e-04
3.580000000000000071e+00,1.668982133817497812e-02,8.120978722622868712e-03,-1.686929490544735464e-03
3.589999999999999858e+00,1.914804494226601470e-02,6.056945740522773521e-03,-2.525844718882538746e-03
3.600000000000000089e+00,2.132733725096480973e-02,3.689093593034487896e-03,-3.193499003650579222e-03
3.609999999999999876e+00,2.322775730749480558e-02,1.125343188535772717e-03,-3.617663218419665729e-03
3.620000000000000107e+00,2.486806821543206467e-02,-1.504665672914576573e-03,-3.737188830318275735e-03
3.629999999999999893e+00,2.628006807894493063e-02,-4.060148350608835770e-03,-3.512775770451998306e-03
3.640000000000000124e+00,2.750341445986935821e-02,-6.399430636601179112e-03,-2.934614743585083150e-03
3.649999999999999911e+00,2.858178848153640830e-02,-8.388705316264946296e-03,-2.025493991322401943e-03
3.660000000000000142e+00,2.955839356933553583e-02,-9.910986296770014914e-03,-8.411902596183911448e-04
3.669999999999999929e+00,3.047049243455818984e-02,-1.087525182337161118e-02,5.314618248818566131e-04
3.680000000000000160e+00,3.134587349655666016e-02,-1.122262446306640342e-02,1.981266609076933610e-03
3.689999999999999947e+00,3.220308094149684081e-02,-1.092761201187348458e-02,3.385024494307040110e-03
3.700000000000000178e+00,3.305336820405505027e-02,-9.996438028920461363e-03,4.622165309274398753e-03
3.709999999999999964e+00,3.390152767444064991e-02,-8.465362078270617999e-03,5.587407200460228242e-03
3.720000000000000195e+00,3.474566226469136959e-02,-6.398991462402875245e-03,6.200326882596184433e-03
3.729999999999999982e+00,3.557754947616102031e-02,-3.887029091527740860e-03,6.412594504519016601e-03
3.740000000000000213e+00,3.638368219641650858e-02,-1.039518499782574610e-03,6.212339992811034654e-03
3.750000000000000000e+00,3.714608330300275818e-02,2.018329080737929059e-03,5.624481065101946155e-03
3.759999999999999787e+00,3.784334228055491467e-02,5.151970244647958649e-03,4.707580171944809357e-03
3.770000000000000018e+00,3.845235637293675790e-02,8.224281933394479716e-03,3.548156621674394481e-03
3.779999999999999805e+00,3.894852869666385470e-02,1.110076049553737447e-02,2.250980821438417368e-03
3.790000000000000036e+00,3.930193284136344889e-02,1.365053256644611565e-02,9.240735608924266617e-04
3.799999999999999822e+00,3.947180303315679650e-02,1.574548715993771830e-02,-3.376798748221553266e-04
3.810000000000000053e+00,3.940506894121734160e-02,1.726318875908439826e-02,-1.463178619479102438e-03
3.819999999999999840e+00,3.904116059092755525e-02,1.809560997413934072e-02,-2.407037026881038953e-03
3.830000000000000071e+00,3.832017710703110314e-02,1.816046391817618261e-02,-3.145669682961965436e-03
3.839999999999999858e+00,3.719097449928143034e-02,1.741134908213154767e-02,-3.671382214141856535e-03
3.850000000000000089e+00,3.561742742242122312e-02,1.584468472157766344e-02,-3.986755442795187482e-03
3.859999999999999876e+00,3.358138559845842003e-02,1.350180818226081637e-02,-4.101259511532458213e-03
3.870000000000000107e+00,3.108171971473541045e-02,1.046564451775399383e-02,-4.030929901070215773e-03
3.879999999999999893e+00,2.813145385720753483e-02,6.854108598183638289e-03,-3.799132416682978689e-03
3.890000000000000124e+00,2.475560913783859951e-02,2.813103342949260528e-03,-3.435811284698242398e-03
3.899999999999999911e+00,2.099027262062468785e-02,-1.490118098343742783e-03,-2.974872462023845331e-03
3.910000000000000142e+00,1.688228162045096736e-02,-5.873583066918327579e-03,-2.450620265071342622e-03
3.919999999999999929e+00,1.248919741574490601e-02,-1.014729369345621426e-02,-1.893949556943454269e-03
3.930000000000000160e+00,7.878343587950965149e-03,-1.412093956888728526e-02,-1.329855251124932277e-03
3.939999999999999947e+00,3.123401806632210721e-03,-1.761382293380236649e-02,-7.779142310574316439e-04
3.950000000000000178e+00,-1.699896149747633567e-03,-2.046510851720214144e-02,-2.541359377189329445e-04
3.959999999999999964e+00,-6.515566131606369445e-03,-2.254067680149241318e-02,2.292996839212151268e-04
3.970000000000000195e+00,-1.124725154358748556e-02,-2.373696579431528592e-02,6.657432459421479395e-04
3.979999999999999982e+00,-1.582074262257297456e-02,-2.398619637669681393e-02,1.052627413997031308e-03
3.990000000000000213e+00,-2.016989949001991855e-02,-2.326355393216478565e-02,1.386367789589181693e-03
4.000000000000000000e+00,-2.424066207138050183e-02,-2.159084304752395544e-02,1.659306022601334148e-03
4.009999999999999787e+00,-2.798987807926526725e-02,-1.903333233788339837e-02,1.862042026139575698e-03
4.019999999999999574e+00,-3.138283306563419833e-02,-1.569381979498848598e-02,1.987023153667821177e-03
4.030000000000000249e+00,-3.439393555431274202e-02,-1.170856084461206759e-02,2.028733547864629543e-03
4.040000000000000036e+00,-3.700835937820452781e-02,-7.243037930597345624e-03,1.982684742277261540e-03
4.049999999999999822e+00,-3.921971214242012116e-02,-2.482885690348539832e-03,1.848074055480544752e-03
4.059999999999999609e+00,-4.102441308695741612e-02,2.378971400349729187e-03,1.633089647207033304e-03
4.070000000000000284e+00,-4.241857489869880343e-02,7.152763290563620389e-03,1.356728230662990848e-03
4.080000000000000071e+00,-4.340005162135178451e-02,1.165692947993996094e-02,1.044532218123029330e-03
4.089999999999999858e+00,-4.397202130819823085e-02,1.572122515549187818e-02,7.223493961598632203e-04
4.099999999999999645e+00,-4.414430145971282721e-02,1.919151340667687305e-02,4.124290453591734126e-04
4.110000000000000320e+00,-4.393343963091468629e-02,2.193501242983498384e-02,1.311537811957277986e-04
4.120000000000000107e+00,-4.336410731043366384e-02,2.384330676000911281e-02,-1.138541470267456481e-04
4.129999999999999893e+00,-4.247060694069093589e-02,2.483420634478398364e-02,-3.258168939061613172e-04
4.139999999999999680e+00,-4.129524963976166640e-02,2.485559459892529299e-02,-5.167988192822347811e-04
4.150000000000000355e+00,-3.988386254302669909e-02,2.389086566830905464e-02,-7.021955365955236247e-04
4.160000000000000142e+00,-3.828256082270693750e-02,2.196169180953788311e-02,-8.963211888989711714e-04
4.169999999999999929e+00,-3.653805585854603966e-02,1.912583898162292101e-02,-1.111656011629475090e-03
4.179999999999999716e+00,-3.469862856025481002e-02,1.547300925361594533e-02,-1.358952120694383817e-03
4.190000000000000391e+00,-3.281182488284671572e-02,1.112278287453461433e-02,-1.644376587766613286e-03
4.200000000000000178e+00,-3.091863901284992722e-02,6.224972501494951092e-03,-1.963827997053210414e-03
4.209999999999999964e+00,-2.904693102283286907e-02,9.596903143375924358e-04,-2.297674521136435204e-03
4.219999999999999751e+00,-2.720683531068675623e-02,-4.465535744996191984e-03,-2.609013031317409040e-03
4.230000000000000426e+00,-2.539026610639960255e-02,-9.823494726466994523e-03,-2.847484969073704481e-03
4.240000000000000213e+00,-2.357569386579043760e-02,-1.488068143525093576e-02,-2.959200866420096630e-03
4.250000000000000000e+00,-2.173649166875566210e-02,-1.941413132064595884e-02,-2.899982524113065181e-03
4.259999999999999787e+00,-1.984801677431906330e-02,-2.322632293264018447e-02,-2.645917973224656047e-03
4.269999999999999574e+00,-1.788974890148463393e-02,-2.615403651281269018e-02,-2.196798967821271716e-03
4.280000000000000249e+00,-1.584419219557101771e-02,-2.807261155016842896e-02,-1.574005985691019323e-03
4.290000000000000036e+00,-1.369685577169857567e-02,-2.889975598677306523e-02,-8.173883908257368464e-04
4.299999999999999822e+00,-1.143784174197723727e-02,-2.859930401778472756e-02,1.799311848786859373e-05
4.309999999999999609e+00,-9.062010331061375046e-03,-2.718181653286533966e-02,8.678199457737119848e-04
4.320000000000000284e+00,-6.566988558162555403e-03,-2.470132742166487524e-02,1.667179561144390689e-03
4.330000000000000071e+00,-3.951592372058256898e-03,-2.125093560031786344e-02,2.358533287667354678e-03
4.339999999999999858e+00,-1.216159124989612053e-03,-1.695889957002434320e-02,2.896796481168036064e-03
4.349999999999999645e+00,1.635956611873848939e-03,-1.198465225643215691e-02,3.251845415741388967e-03
4.360000000000000320e+00,4.596197211637565762e-03,-6.514440266552079702e-03,3.408742425194097141e-03
4.370000000000000107e+00,7.648492150092152039e-03,-7.562209330859981631e-04,3.366273141724068167e-03
4.379999999999999893e+00,1.076927543848304157e-02,5.068379402280376138e-03,3.136347388957059102e-03
4.389999999999999680e+00,1.393136186973804348e-02,1.073621982392208851e-02,2.745778106045803583e-03
4.400000000000000355e+00,1.710851489897191255e-02,1.603531221923081701e-02,2.237181024908252523e-03
4.410000000000000142e+00,2.027617440633561544e-02,2.077308303900011338e-02,1.664626473299800607e-03
4.419999999999999929e+00,2.340867240695108584e-02,2.478030127200696320e-02,1.084977971581903462e-03
4.429999999999999716e+00,2.647685578273581072e-02,2.791442736266414384e-02,5.496690638708137200e-04
4.440000000000000391e+00,2.944786431358528689e-02,3.006398070265058411e-02,9.938150865020092752e-05
4.450000000000000178e+00,3.228654260424977662e-02,3.115324449176620769e-02,-2.384512793660628464e-04
4.459999999999999964e+00,3.495861150098511505e-02,3.114727321085326850e-02,-4.490398498904055917e-04
4.469999999999999751e+00,3.743482235768621352e-02,3.005628046625708621e-02,-5.274296561631109824e-04
4.480000000000000426e+00,3.969302622803527747e-02,2.793626475992674538e-02,-4.767658394085344683e-04
4.490000000000000213e+00,4.171696595090754883e-02,2.488474263230119540e-02,-3.089074789658452589e-04
4.500000000000000000e+00,4.349463717394840695e-02,2.103461568907384963e-02,-4.453562807109226560e-05
4.509999999999999787e+00,4.501805232620943037e-02,1.654823178311291831e-02,2.889815551683753590e-04
4.519999999999999574e+00,4.628250415365514625e-02,1.160999035962383130e-02,6.598445882562265332e-04
4.530000000000000249e+00,4.728462930558680749e-02,6.417096796818655934e-03,1.033289612287314118e-03
4.540000000000000036e+00,4.802211930528487577e-02,1.171633886596142688e-03,1.374865134303477916e-03
4.549999999999999822e+00,4.849594261575945059e-02,-3.924913579176535217e-03,1.655960817474536571e-03
4.559999999999999609e+00,4.871188424683371709e-02,-8.677638189444558670e-03,1.857916557790660270e-03
4.570000000000000284e+00,4.867993294033048923e-02,-1.290590527395937478e-02,1.972955891398438764e-03
4.580000000000000071e+00,4.841358621253331884e-02,-1.645042220852474882e-02,2.003948034281243830e-03
4.589999999999999858e+00,4.792937024759367365e-02,-1.917914148919021289e-02,1.963349845250479935e-03
4.599999999999999645e+00,4.724437256532742352e-02,-2.099397411729344784e-02,1.869349244980930474e-03
4.610000000000000320e+00,4.637273309580083880e-02,-2.183714747403689427e-02,1.740581715046014529e-03
4.620000000000000107e+00,4.532491001052742913e-02,-2.169324350025390175e-02,1.593634791929309912e-03
4.629999999999999893e+00,4.410962251626735636e-02,-2.058700213742797880e-02,1.443397355498402109e-03
4.639999999999999680e+00,4.273437595709925901e-02,-1.858105860852428404e-02,1.302204847958083906e-03
4.650000000000000355e+00,4.120387427576249761e-02,-1.577439463576740461e-02,1.177238964180981088e-03
4.660000000000000142e+00,3.951990267360321746e-02,-1.229804063894258601e-02,1.069924239564585492e-03
4.669999999999999929e+00,3.768358816771004427e-02,-8.307335071005946675e-03,9.781827158417319944e-04
4.679999999999999716e+00,3.569695641504302269e-02,-3.974102209188997911e-03,8.982813142780622477e-04
4.690000000000000391e+00,3.356244385602214636e-02,5.196388220673666541e-04,8.248225503321637495e-04
4.700000000000000178e+00,3.128213495490434620e-02,4.987953730588484506e-03,7.506354140905663460e-04
4.709999999999999964e+00,2.885747813520952651e-02,9.247762533523625969e-03,6.672976191723786971e-04
4.719999999999999751e+00,2.628871309348128349e-02,1.312508053272759198e-02,5.654764490347336360e-04
4.730000000000000426e+00,2.357465149357266046e-02,1.646113434927045510e-02,4.356721682777477058e-04
4.740000000000000213e+00,2.071402096369254556e-02,1.911932204261302184e-02,2.704374307482329261e-04
4.750000000000000000e+00,1.770731931354803043e-02,2.099172387968793740e-02,6.680291333381081840e-05
4.759999999999999787e+00,1.455748235840778788e-02,2.200327155417859323e-02,-1.729522531437122979e-04
4.769999999999999574e+00,1.127015949909948404e-02,2.211424332252893282e-02,-4.414360094147519844e-04
4.780000000000000249e+00,7.855129261349782718e-03,2.132253477707863470e-02,-7.256637704011014009e-04
4.790000000000000036e+00,4.327803057238773475e-03,1.966460618754622969e-02,-1.007027455835354237e-03
4.799999999999999822e+00,7.090255813193889565e-04,1.721333947830451863e-02,-1.263407562472023196e-03
4.809999999999999609e+00,-2.975694778807310391e-03,1.407404727610518831e-02,-1.472057813702382740e-03
4.820000000000000284e+00,-6.695350047226128476e-03,1.038095588064891044e-02,-1.610865161896527821e-03
4.830000000000000071e+00,-1.041199454433670499e-02,6.293314024297744745e-03,-1.658871507043893547e-03
4.839999999999999858e+00,-1.408157197421589998e-02,1.988465419389006620e-03,-1.598775062316669382e-03
4.849999999999999645e+00,-1.765708548802921371e-02,-2.347899080768531700e-03,-1.421181438444265579e-03
4.860000000000000320e+00,-2.109157064065107084e-02,-6.531425963022850258e-03,-1.127712891530157106e-03
4.870000000000000107e+00,-2.433996189668966026e-02,-1.038748093494426712e-02,-7.318600577755651239e-04
4.879999999999999893e+00,-2.736144445360720601e-02,-1.375951462085047740e-02,-2.591172814204382286e-04
4.889999999999999680e+00,-3.012265942974983943e-02,-1.651748343820056211e-02,2.532085195952666528e-04
4.900000000000000355e+00,-3.259947355890305959e-02,-1.856378030089873496e-02,7.586523248416356460e-04
4.910000000000000142e+00,-3.477595848837000680e-02,-1.983516410280913855e-02,1.207645699044774352e-03
4.919999999999999929e+00,-3.664236467484780629e-02,-2.030242349012600922e-02,1.554547706349216837e-03
4.929999999999999716e+00,-3.819366400039225784e-02,-1.996936163106274170e-02,1.763425566758179772e-03
4.940000000000000391e+00,-3.942748117153727777e-02,-1.886998261700126994e-02,1.813202316867533600e-03
4.950000000000000178e+00,-4.034114822435923980e-02,-1.706373702814588736e-02,1.701961915413056870e-03
4.959999999999999964e+00,-4.093121787517580573e-02,-1.463230587367862941e-02,1.446843150550342115e-03
4.969999999999999751e+00,-4.119755722004980747e-02,-1.168012508266886781e-02,1.077658874943819654e-03
4.980000000000000426e+00,-4.114821598059180408e-02,-8.334870689291404636e-03,6.287195394868157032e-04
4.990000000000000213e+00,-4.080009309740013912e-02,-4.743017096596948735e-03,1.344845672406314008e-04
5.000000000000000000e+00,-4.017625631018403171e-02,-1.061542234221592596e-03,-3.714754082551184220e-04
5.009999999999999787e+00,-3.930405402216083366e-02,2.549797650861286222e-03,-8.581681346685373626e-04
5.019999999999999574e+00,-3.821425956433673055e-02,5.935115142603099823e-03,-1.299550897052837188e-03
5.030000000000000249e+00,-3.693853466520587853e-02,8.950408069299420344e-03,-1.674716478782822338e-03
5.040000000000000036e+00,-3.550588108417965932e-02,1.147199086862031418e-02,-1.966576012632268756e-03
5.049999999999999822e+00,-3.394113868610761087e-02,1.340203260494145059e-02,-2.162135400090240810e-03
5.059999999999999609e+00,-3.226532793887974121e-02,1.467124273440371246e-02,-2.254084802497846769e-03
5.070000000000000284e+00,-3.049555696617094191e-02,1.524089110205007098e-02,-2.241317367174817943e-03
5.080000000000000071e+00,-2.864522807092139203e-02,1.510337821317892654e-02,-2.129071359938712257e-03
5.089999999999999858e+00,-2.672663260085621911e-02,1.427929635515198629e-02,-1.930707497001504878e-03
5.099999999999999645e+00,-2.475439900765283655e-02,1.281263537046933507e-02,-1.669441464390511312e-03
5.110000000000000320e+00,-2.274661590426737753e-02,1.076745321185745667e-02,-1.376839965875718960e-03
5.120000000000000107e+00,-2.072404923200652643e-02,8.225705650311566572e-03,-1.088753334836056481e-03
5.129999999999999893e+00,-1.870985591866529754e-02,5.283944564474151936e-03,-8.414794340211371841e-04
5.139999999999999680e+00,-1.672917566293804364e-02,2.049638391679080556e-03,-6.679376420954018711e-04
5.150000000000000355e+00,-1.480682079238213912e-02,-1.360979234796483263e-03,-5.925179552888407402e-04
5.160000000000000142e+00,-1.296471238781271920e-02,-4.825075604022802979e-03,-6.267214483950661998e-04
5.169999999999999929e+00,-1.122169507355394967e-02,-8.217896123883352069e-03,-7.685003837232826183e-04
5.179999999999999716e+00,-9.594640616086471535e-03,-1.141867223043921756e-02,-1.004183140791651847e-03
5.190000000000000391e+00,-8.098266929935205027e-03,-1.431499387491203326e-02,-1.310233634974837524e-03
5.200000000000000178e+00,-6.744000326912901258e-03,-1.680582376457158758e-02,-1.654980750879109013e-03
5.209999999999999964e+00,-5.539527490886274157e-03,-1.880467544530185775e-02,-2.001713392476280658e-03
5.219999999999999751e+00,-4.488709067396202783e-03,-2.024251177921328887e-02,-2.312465787249030815e-03
5.230000000000000426e+00,-3.590955411618691664e-03,-2.106937523436177087e-02,-2.551227941981503745e-03
5.240000000000000213e+00,-2.840754468792775888e-03,-2.125538526641397238e-02,-2.686940588276000470e-03
5.250000000000000000e+00,-2.227835987701935055e-03,-2.079155338543510478e-02,-2.696449652537766511e-03
5.259999999999999787e+00,-1.736931775692838022e-03,-1.968936858336779033e-02,-2.566136139521864225e-03
5.269999999999999574e+00,-1.346886722994970580e-03,-1.797894498977315250e-02,-2.291873526512949386e-03
5.280000000000000249e+00,-1.030754689162028271e-03,-1.570742976033519603e-02,-1.878943523399798868e-03
5.290000000000000036e+00,-7.576449138283519909e-04,-1.293849056266954851e-02,-1.342664478624167350e-03
5.299999999999999822e+00,-4.949477691158209744e-04,-9.751555754216783070e-03,-7.083511017595417328e-04
5.309999999999999609e+00,-2.100325475735330091e-04,-6.239964118749618399e-03,-9.784047409580794581e-06
5.320000000000000284e+00,1.276583288379843251e-04,-2.509034578865140981e-03,7.127023824275448803e-04
5.330000000000000071e+00,5.435603902530886404e-04,1.325300795302323089e-03,1.413755013049430940e-03
5.339999999999999858e+00,1.055058503585849664e-03,5.138291176044668986e-03,2.045025828777421919e-03
5.349999999999999645e+00,1.669694334917625096e-03,8.799495905663947543e-03,2.558420796750844606e-03
5.360000000000000320e+00,2.384608223300961789e-03,1.217719890296514208e-02,2.910292503509026660e-03
5.370000000000000107e+00,3.187125039054713310e-03,1.514383570261351210e-02,3.066041730402818341e-03
5.379999999999999893e+00,4.056164866828604679e-03,1.758190930589371634e-02,3.004362032534970382e-03
5.389999999999999680e+00,4.964064855862513476e-03,1.938977274510108456e-02,2.720340534505096778e-03
5.400000000000000355e+00,5.879210133775949684e-03,2.048747371939690226e-02,2.227552812733940742e-03
5.410000000000000142e+00,6.769884493297582788e-03,2.082287241955905685e-02,1.559405032435610006e-03
5.419999999999999929e+00,7.608019680842194842e-03,2.037653215790271796e-02,7.683890352825844356e-04
5.429999999999999716e+00,8.370930064259634457e-03,1.916336089702505921e-02,-7.840268081455508092e-05
5.440000000000000391e+00,9.041155946472491031e-03,1.723112171841806664e-02,-9.067903188856262214e-04
5.450000000000000178e+00,9.605762642040275440e-03,1.465724067450670243e-02,-1.643902339349486916e-03
5.459999999999999964e+00,1.005490927427124884e-02,1.154387092824269052e-02,-2.226773055936767838e-03
5.469999999999999751e+00,1.037894959209330163e-02,8.010686816868759635e-03,-2.611006505272885081e-03
5.480000000000000426e+00,1.056595512600742512e-02,4.187553804142500093e-03,-2.776861692903615821e-03
5.490000000000000213e+00,1.060238557998860465e-02,2.100265268494446705e-04,-2.729658071253004189e-03
5.500000000000000000e+00,1.047572180393385906e-02,-3.783348707809755431e-03,-2.495801140434069070e-03
5.509999999999999787e+00,1.017545947590117218e-02,-7.655380324286657247e-03,-2.118426833300016306e-03
5.519999999999999574e+00,9.692480142577737656e-03,-1.127602260358417409e-02,-1.653102451606893418e-03
5.530000000000000249e+00,9.020041796535148079e-03,-1.452618492675970818e-02,-1.160911213227282333e-03
5.540000000000000036e+00,8.156496664364114996e-03,-1.729932743125740108e-02,-6.995893267387542436e-04
5.549999999999999822e+00,7.106263687234421964e-03,-1.950421922285461990e-02,-3.169762538158076817e-04
5.559999999999999609e+00,5.878268579680497909e-03,-2.106951817093587892e-02,-4.809617336185632554e-05
5.570000000000000284e+00,4.485102235833814642e-03,-2.194678970698180423e-02,8.707976758295783129e-05
5.580000000000000071e+00,2.944413227465047123e-03,-2.211038539177070245e-02,8.645248947325337007e-05
5.589999999999999858e+00,1.280164518205810162e-03,-2.155655637143250383e-02,-3.335633770683537995e-05
5.599999999999999645e+00,-4.778227702552617878e-04,-2.030339842602382067e-02,-2.396367093949938862e-04
5.610000000000000320e+00,-2.294748401732781690e-03,-1.839035897929345784e-02,-4.880782687083533365e-04
5.620000000000000107e+00,-4.131657714768650902e-03,-1.587687183113043604e-02,-7.281443197221789754e-04
5.629999999999999893e+00,-5.947544450861516445e-03,-1.284150820218850179e-02,-9.100482774528535507e-04
5.639999999999999680e+00,-7.702270630465160757e-03,-9.381236774237040194e-03,-9.921577694454884657e-04
5.650000000000000355e+00,-9.358132803130188998e-03,-5.608703683500502329e-03,-9.460170655257205434e-04
5.660000000000000142e+00,-1.088031106655886447e-02,-1.647905521688247362e-03,-7.588145550089875693e-04
5.669999999999999929e+00,-1.223819566561419429e-02,2.369588974085694213e-03,-4.350655389206134266e-04
5.679999999999999716e+00,-1.340685341439245941e-02,6.308448836033122425e-03,3.316512967861096718e-06
5.690000000000000391e+00,-1.436641927706907261e-02,1.003545337018096201e-02,5.206172739336763266e-04
5.700000000000000178e+00,-1.510088560032731876e-02,1.342573620283715047e-02,1.072687460983192276e-03
5.709999999999999964e+00,-1.559954909527051098e-02,1.636595580015751117e-02,1.610354860909965751e-03
5.719999999999999751e+00,-1.585977212416740320e-02,1.875562591907581345e-02,2.081882902915690309e-03
5.730000000000000426e+00,-1.588703511635630380e-02,2.051053159701517192e-02,2.438105644332280979e-03
5.740000000000000213e+00,-1.569267876115634092e-02,2.156769170278955219e-02,2.639259492242842543e-03
5.750000000000000000e+00,-1.529263666595900677e-02,2.188843029720839717e-02,2.659629192785474376e-03
5.759999999999999787e+00,-1.470664743323864612e-02,2.145998328078417561e-02,2.490128798672416269e-03
5.769999999999999574e+00,-1.395533234589297830e-02,2.029818988328326718e-02,2.141158779556686341e-03
5.780000000000000249e+00,-1.305691605537185121e-02,1.844943203862076803e-02,1.643775410661702440e-03
5.790000000000000036e+00,-1.202750372054534229e-02,1.598792726778398149e-02,1.045392342467366554e-03
5.799999999999999822e+00,-1.088377355700488776e-02,1.300965987059166627e-02,4.017293027313704914e-04
5.809999999999999609e+00,-9.643917319767356805e-03,9.627315950449816945e-03,-2.300758088314265267e-04
5.820000000000000284e+00,-8.327277578722610749e-03,5.965957603862949259e-03,-7.969798106770109407e-04
5.830000000000000071e+00,-6.956030865022634450e-03,2.156291923395582937e-03,-1.256885904922391698e-03
5.839999999999999858e+00,-5.557371737891769574e-03,-1.672671409420921134e-03,-1.584644686663374451e-03
5.849999999999999645e+00,-4.161522804500859124e-03,-5.396692744434185979e-03,-1.772173220675879630e-03
5.860000000000000320e+00,-2.796299642359526601e-03,-8.895742134757817637e-03,-1.823573326454812826e-03
5.870000000000000107e+00,-1.483868085658097318e-03,-1.205539303456038686e-02,-1.751286663785622507e-03
5.879999999999999893e+00,-2.416335357264698814e-04,-1.477199000207707336e-02,-1.575483667371332594e-03
5.889999999999999680e+00,9.164253328502795738e-04,-1.695772580051765205e-02,-1.323112224884231882e-03
5.900000000000000355e+00,1.980458395910166241e-03,-1.854300502235551457e-02,-1.024345114665370805e-03
5.910000000000000142e+00,2.945496727839765592e-03,-1.947799458204999695e-02,-7.087697382648931645e-04
5.919999999999999929e+00,3.810210881615332893e-03,-1.973533147945396096e-02,-4.036672563147252184e-04
5.929999999999999716e+00,4.574737021421981971e-03,-1.931284150427601751e-02,-1.334708100061867255e-04
5.940000000000000391e+00,5.239333583453167388e-03,-1.823445050852358362e-02,8.126208532441151280e-05
5.950000000000000178e+00,5.803940775759351342e-03,-1.654922009164018840e-02,2.253080627136036973e-04
5.959999999999999964e+00,6.267900461644281690e-03,-1.432930819208042342e-02,2.897962364385426692e-04
5.969999999999999751e+00,6.629708394688577609e-03,-1.166707860887193290e-02,2.725797985606892614e-04
5.980000000000000426e+00,6.887288102587107302e-03,-8.671002554063396428e-03,1.784190731907957911e-04
5.990000000000000213e+00,7.039157412112131626e-03,-5.460156310035359228e-03,1.932817089455093686e-05
6.000000000000000000e+00,7.086251831527467550e-03,-2.157764761734306223e-03,-1.851668134760911847e-04
6.009999999999999787e+00,7.033437678961140804e-03,1.115013204417298828e-03,-4.087908578216832285e-04
6.019999999999999574e+00,6.889560067385761336e-03,4.243697703809473643e-03,-6.212881782285292710e-04
6.030000000000000249e+00,6.665822450028198801e-03,7.123144568693559782e-03,-7.930459748513648145e-04
6.040000000000000036e+00,6.373744555800591079e-03,9.659388764705857319e-03,-8.998668278981374492e-04
6.049999999999999822e+00,6.024156909183884558e-03,1.177204212391036627e-02,-9.260276913936793444e-04
6.059999999999999609e+00,5.627395436852524954e-03,1.339730783592784670e-02,-8.652339656157412035e-04
6.070000000000000284e+00,5.193678921571167652e-03,1.449049440887912460e-02,-7.204262430240503503e-04
6.080000000000000071e+00,4.732861657571505593e-03,1.502715161524611001e-02,-5.032775368982629356e-04
6.089999999999999858e+00,4.253933950050822407e-03,1.500317307988121435e-02,-2.330923901347453750e-04
6.099999999999999645e+00,3.765126300742531289e-03,1.443472052196043479e-02,6.557507791738633710e-05
6.110000000000000320e+00,3.274426754859848226e-03,1.335779367531585854e-02,3.661182998527436213e-04
6.120000000000000107e+00,2.789527341203960030e-03,1.182650465244657403e-02,6.426020244948320911e-04
6.129999999999999893e+00,2.317515210927870682e-03,9.910452539166215297e-03,8.720602556222888753e-04
6.139999999999999680e+00,1.865736190180754392e-03,7.692718650620235070e-03,1.037525241228836465e-03
6.150000000000000355e+00,1.443337617421568348e-03,5.268074963851260284e-03,1.130999321746783233e-03
6.160000000000000142e+00,1.061015458763680044e-03,2.739042582456902280e-03,1.153716332964462151e-03
6.169999999999999929e+00,7.287105187363968626e-04,2.097202333106261537e-04,1.113516039989642182e-03
6.179999999999999716e+00,4.540593315688943948e-04,-2.219607930446866866e-03,1.022372123140508548e-03
6.190000000000000391e+00,2.427212807117792295e-04,-4.455796018719765904e-03,8.953850995356576635e-04
6.200000000000000178e+00,9.821694043332992042e-05,-6.416323039851214161e-03,7.490258518199938327e-04
6.209999999999999964e+00,2.010867753308624657e-05,-8.033967909503371418e-03,5.977065072283463875e-04
6.219999999999999751e+00,2.951976566788423116e-06,-9.260105005836797437e-03,4.513934649415469796e-04
6.230000000000000426e+00,3.761580038213738940e-05,-1.006494674653478708e-02,3.159907613225960456e-04
6.240000000000000213e+00,1.130726021570051845e-04,-1.043662798433103549e-02,1.945464572474491091e-04
6.250000000000000000e+00,2.171535187624960264e-04,-1.038065685524522386e-02,8.769999655111636924e-05
6.259999999999999787e+00,3.374401422997789970e-04,-9.918592635573826588e-03,-5.520656619191124310e-06
6.269999999999999574e+00,4.627103370880263490e-04,-9.085595288367461983e-03,-8.623703868182343161e-05
6.280000000000000249e+00,5.832744135171107980e-04,-7.928587167983025888e-03,-1.553489415783376824e-04
6.290000000000000036e+00,6.899808038766149908e-04,-6.505308895510248865e-03,-2.144649106061691213e-04
6.299999999999999822e+00,7.737498233553700023e-04,-4.882471444071782157e-03,-2.662214796438723335e-04
6.309999999999999609e+00,8.259484989349138518e-04,-3.132780943393040710e-03,-3.136828323758723532e-04
6.320000000000000284e+00,8.381474357456636425e-04,-1.332399601259935890e-03,-3.603100680868405524e-04
6.330000000000000071e+00,8.014839330153334740e-04,4.412848958254921949e-04,-4.102711819808573337e-04
6.339999999999999858e+00,7.073285127753906314e-04,2.113171187609359965e-03,-4.674244914922240650e-04
6.349999999999999645e+00,5.489558682570195094e-04,3.614801830418632247e-03,-5.334024492415638573e-04
6.360000000000000320e+00,3.222710258720613884e-04,4.887483790059013629e-03,-6.068750505239892817e-04
6.370000000000000107e+00,2.525727540281890289e-05,5.883746852888568392e-03,-6.843404842240609917e-04
6.379999999999999893e+00,-3.424750606000353690e-04,6.568463696159028940e-03,-7.609917342642163020e-04
6.389999999999999680e+00,-7.792434384200888544e-04,6.920379040502220441e-03,-8.308082402486124994e-04
6.400000000000000355e+00,-1.280064749973044199e-03,6.933881732243503057e-03,-8.859936033145421634e-04
6.410000000000000142e+00,-1.834902484088089727e-03,6.620708871578754803e-03,-9.160752823032942667e-04
6.419999999999999929e+00,-2.427349393962227510e-03,6.010588943685946962e-03,-9.076749321714755589e-04
6.429999999999999716e+00,-3.035272767523135642e-03,5.149318701433193597e-03,-8.464059275274035676e-04
6.440000000000000391e+00,-3.633501496116279053e-03,4.094295671263338716e-03,-7.207195644761717332e-04
6.450000000000000178e+00,-4.196635191942597876e-03,2.909580709297993322e-03,-5.254304022569130164e-04
6.459999999999999964e+00,-4.700450498110070666e-03,1.662168354671838882e-03,-2.631404149264251731e-04
6.469999999999999751e+00,-5.122555047495897830e-03,4.189411122107944072e-04,5.586995093610494853e-05
6.480000000000000426e+00,-5.443762191766800783e-03,-7.570438416794724248e-04,4.137967344961720204e-04
6.490000000000000213e+00,-5.650200380963148368e-03,-1.810813358125558598e-03,7.854673109394409497e-04
6.500000000000000000e+00,-5.734636453600922869e-03,-2.698632813326071710e-03,1.139919788371251833e-03
6.509999999999999787e+00,-5.696189641526018012e-03,-3.389149825928864084e-03,1.443979984060843411e-03
6.519999999999999574e+00,-5.539620685293636382e-03,-3.863676380854305474e-03,1.666277109457911347e-03
6.530000000000000249e+00,-5.275436829300888912e-03,-4.116831326206505867e-03,1.780098777741124898e-03
6.540000000000000036e+00,-4.919806591720790080e-03,-4.156526806792805971e-03,1.765808932160878439e-03
6.549999999999999822e+00,-4.492598640360565346e-03,-4.001645641193525213e-03,1.614228340923356490e-03
6.559999999999999609e+00,-4.014154289943008651e-03,-3.678112586104041477e-03,1.330046808737614297e-03
6.570000000000000284e+00,-3.502590199136249461e-03,-3.215276803188895152e-03,9.332348392062228678e-04
6.580000000000000071e+00,-2.971707829438307181e-03,-2.642795610860490529e-03,4.583377937383470348e-04
6.589999999999999858e+00,-2.428958456305886030e-03,-1.987572557552749145e-03,-4.765159370813278858e-05
6.599999999999999645e+00,-1.874784624872302772e-03,-1.272153032699256539e-03,-5.298282844053672953e-04
6.610000000000000320e+00,-1.304692295961467231e-03,-5.159531130103457491e-04,-9.330770366060376839e-04
6.620000000000000107e+00,-7.125924882253616794e-04,2.621830576856956641e-04,-1.210681748056327512e-03
6.629999999999999893e+00,-9.302558730111173935e-05,1.042539761557721928e-03,-1.330692646643563421e-03
6.639999999999999680e+00,5.577905876476231192e-04,1.804284284006360279e-03,-1.279461934702470771e-03
6.650000000000000355e+00,1.240887686411992329e-03,2.525222404520547411e-03,-1.063265062553889456e-03
6.660000000000000142e+00,1.953630687147724174e-03,3.181735624424462429e-03,-7.077582474957510618e-04
6.669999999999999929e+00,2.689707018253951684e-03,3.749632337096220000e-03,-2.547009325060446152e-04
6.679999999999999716e+00,3.439654008630898836e-03,4.205508897664064771e-03,2.432748283425116911e-04
6.690000000000000391e+00,4.191621778886584979e-03,4.528269212944544507e-03,7.289668106253103120e-04
6.700000000000000178e+00,4.933008794645431065e-03,4.701379367735393673e-03,1.147927727229756207e-03
6.709999999999999964e+00,5.652878886435486715e-03,4.715687887866759805e-03,1.455976122519269571e-03
6.719999999999999751e+00,6.343916881515312793e-03,4.571492413977362723e-03,1.624970486555498686e-03
6.730000000000000426e+00,7.003246073221646925e-03,4.279132041541591075e-03,1.645705249607425135e-03
6.740000000000000213e+00,7.632241705304254782e-03,3.858240167739276222e-03,1.527884784450180347e-03
6.750000000000000000e+00,8.235418472240688820e-03,3.335778700591375892e-03,1.297363041749258726e-03
6.759999999999999787e+00,8.818875192937612392e-03,2.743411697542887887e-03,9.914831075573016413e-04
6.769999999999999574e+00,9.389312416013165241e-03,2.115317121809311141e-03,6.540175958991106646e-04
6.780000000000000249e+00,9.953758684507893126e-03,1.486641969600987524e-03,3.303558764799344790e-04
6.790000000000000036e+00,1.051909174239405720e-02,8.917483778823148905e-04,6.253121289059588705e-05
6.799999999999999822e+00,1.109115393979329123e-02,3.621170740858417527e-04,-1.156106222598445217e-04
6.809999999999999609e+00,1.167409345006729937e-02,-7.539310447727560073e-05,-1.820309935820614241e-04
6.820000000000000284e+00,1.226979056709771865e-02,-4.000130322900258576e-04,-1.287351298865365508e-04
6.830000000000000071e+00,1.287698765636651269e-02,-5.985886317823652970e-04,3.716940699379863062e-05
6.839999999999999858e+00,1.349118046808177318e-02,-6.660702438773926162e-04,2.946566718008166016e-04
6.849999999999999645e+00,1.410621206904542728e-02,-6.040328640279279872e-04,6.129091716421174261e-04
6.860000000000000320e+00,1.471600416559211942e-02,-4.188395627342626228e-04,9.563796282139476988e-04
6.870000000000000107e+00,1.531452952713708952e-02,-1.213818221554760187e-04,1.288439397618256410e-03
6.879999999999999893e+00,1.589503585526526666e-02,2.726059933453196110e-04,1.574265750465279369e-03
6.889999999999999680e+00,1.645057066871091767e-02,7.436919752233787147e-04,1.784670240403107497e-03
6.900000000000000355e+00,1.697532265926621903e-02,1.270817398782258991e-03,1.899999060833471596e-03
6.910000000000000142e+00,1.746485171551028989e-02,1.832311238081742568e-03,1.911880119265012929e-03
6.919999999999999929e+00,1.791503724502015171e-02,2.405654867345364493e-03,1.822560702001608732e-03
6.929999999999999716e+00,1.832110667350469319e-02,2.967355610805245871e-03,1.643290376944726893e-03
6.940000000000000391e+00,1.867734862232345652e-02,3.493522139494151246e-03,1.392523026768350452e-03
6.950000000000000178e+00,1.897699888752248792e-02,3.960605151324898647e-03,1.093635508453854894e-03
6.959999999999999964e+00,1.921198674073844315e-02,4.345964624041841542e-03,7.721092939429425673e-04
6.969999999999999751e+00,1.937270088849584945e-02,4.628399993840512545e-03,4.526265557822251192e-04
6.980000000000000426e+00,1.944795926372994144e-02,4.788804385241510371e-03,1.565474558589758833e-04
6.990000000000000213e+00,1.942550017933693599e-02,4.811230933834523271e-03,-9.969046089411886602e-05
7.000000000000000000e+00,1.929328473814490019e-02,4.684617443364205019e-03,-3.048436968786305480e-04
7.009999999999999787e+00,1.904116445229370527e-02,4.404668114030328187e-03,-4.522452697302283778e-04
7.019999999999999574e+00,1.866187057375826366e-02,3.974803964626434996e-03,-5.393835113332742749e-04
7.030000000000000249e+00,1.815080710187167573e-02,3.405654305050199223e-03,-5.682071358697240440e-04
7.040000000000000036e+00,1.750508779931390924e-02,2.713559345891794743e-03,-5.456848664144248531e-04
7.049999999999999822e+00,1.672284895775768762e-02,1.919164062550226396e-03,-4.835755905002689934e-04
7.059999999999999609e+00,1.580337729716968509e-02,1.046683990375351031e-03,-3.969485887307652510e-04
7.070000000000000284e+00,1.474742690451141987e-02,1.232473499396868140e-04,-3.022455376392471724e-04
7.080000000000000071e+00,1.355699523212121164e-02,-8.223799852757706199e-04,-2.157925767167449946e-04
7.089999999999999858e+00,1.223511502956538440e-02,-1.761083598770953702e-03,-1.523625561169178043e-04
7.099999999999999645e+00,1.078662321616656074e-02,-2.663707966670470200e-03,-1.230061035064546765e-04
7.110000000000000320e+00,9.219437788493033484e-03,-3.500838600084936209e-03,-1.328334585063483742e-04
7.120000000000000107e+00,7.545209213484449506e-03,-4.243182524010898765e-03,-1.800447048741269751e-04
7.129999999999999893e+00,5.779591381048644616e-03,-4.862280037001572019e-03,-2.560185317529412139e-04
7.139999999999999680e+00,3.943106419165566881e-03,-5.330554295927929231e-03,-3.454726844020926586e-04
7.150000000000000355e+00,2.061918865313272682e-03,-5.621373980226906410e-03,-4.273238687376364219e-04
7.160000000000000142e+00,1.668234163994271714e-04,-5.710795457438440706e-03,-4.777575041820454919e-04
7.169999999999999929e+00,-1.709457823682417792e-03,-5.580814666475767717e-03,-4.750421674227678793e-04
7.179999999999999716e+00,-3.534808878222455222e-03,-5.222176055127554679e-03,-4.037864725365651608e-04
7.190000000000000391e+00,-5.279071742279980300e-03,-4.635659348267831548e-03,-2.572831201298654970e-04
7.200000000000000178e+00,-6.914809351495943522e-03,-3.832410090098286540e-03,-3.835538023929990683e-05
7.209999999999999964e+00,-8.418169640005052079e-03,-2.834001498270077163e-03,2.406532571864517021e-04
7.219999999999999751e+00,-9.769882275982849987e-03,-1.672268724721836988e-03,5.586729181164332148e-04
7.230000000000000426e+00,-1.095638413487340715e-02,-3.889305067901024015e-04,8.873696077681156140e-04
7.240000000000000213e+00,-1.197105126990766211e-02,9.649963018205615735e-04,1.193116011241050333e-03
7.250000000000000000e+00,-1.281487919218965259e-02,2.330603318875173764e-03,1.439877407368833542e-03
7.259999999999999787e+00,-1.349576040208176099e-02,3.644089711442053368e-03,1.593506452286810827e-03
7.269999999999999574e+00,-1.402641814777223078e-02,4.841169728329828940e-03,1.626923368357840495e-03
7.280000000000000249e+00,-1.442201090676516889e-02,5.861721472262674572e-03,1.524682832440553198e-03
7.290000000000000036e+00,-1.469829856507611637e-02,6.653638799743850918e-03,1.285663672973824927e-03
7.299999999999999822e+00,-1.487037592353198170e-02,7.175760321960063422e-03,9.236945185186108296e-04
7.309999999999999609e+00,-1.495157715418949339e-02,7.400179122898802031e-03,4.665229065749993461e-04
7.320000000000000284e+00,-1.495268969592173681e-02,7.313728336660746399e-03,-4.682888263553160429e-05
7.330000000000000071e+00,-1.488189441169993077e-02,6.918194385434867089e-03,-5.703905463499114306e-04
7.339999999999999858e+00,-1.474511217957113866e-02,6.229584293287239796e-03,-1.056453596127855579e-03
7.349999999999999645e+00,-1.454605841304468933e-02,5.277176193388838539e-03,-1.460446559290846935e-03
7.360000000000000320e+00,-1.428624862527868439e-02,4.102154834528463911e-03,-1.745237570672954599e-03
7.370000000000000107e+00,-1.396575526496959298e-02,2.755101634323927837e-03,-1.885229685637077697e-03
7.379999999999999893e+00,-1.358445442065714902e-02,1.292701469838791403e-03,-1.869611855437488179e-03
7.389999999999999680e+00,-1.314268661805047776e-02,-2.251467120634491001e-04,-1.703457294526075205e-03
7.400000000000000355e+00,-1.264124341718544930e-02,-1.737627690754690911e-03,-1.406563547122497478e-03
7.410000000000000142e+00,-1.208149345511399034e-02,-3.185438819086364778e-03,-1.011017662189301128e-03
7.419999999999999929e+00,-1.146584336519818753e-02,-4.513451440587469207e-03,-5.579697629650680335e-04
7.429999999999999716e+00,-1.079832707857135421e-02,-5.673303073303974202e-03,-9.377482966529038146e-05
7.440000000000000391e+00,-1.008547315885401433e-02,-6.625977661295443660e-03,3.339400887180721863e-04
7.450000000000000178e+00,-9.336998676131996744e-03,-7.343840439011096489e-03,6.803157238354385489e-04
7.459999999999999964e+00,-8.565137309208926270e-03,-7.810888320426491102e-03,9.081445853080073001e-04
7.469999999999999751e+00,-7.782760352660597451e-03,-8.021380930615955654e-03,9.929439364409671249e-04
7.480000000000000426e+00,-7.001957828808054798e-03,-7.978556510992228928e-03,9.261287682766869726e-04
7.490000000000000213e+00,-6.233521483867539466e-03,-7.693908859325498950e-03,7.156299052159567327e-04
7.500000000000000000e+00,-5.486211086857581409e-03,-7.185941375098919316e-03,3.850713439732607497e-04
7.509999999999999787e+00,-4.765827389188391841e-03,-6.478470832475693476e-03,-2.836815533958080839e-05
7.519999999999999574e+00,-4.075335101974429143e-03,-5.599771990897763063e-03,-4.783296760208040539e-04
7.530000000000000249e+00,-3.415737313359317080e-03,-4.582293962602157142e-03,-9.150824416598435764e-04
7.540000000000000036e+00,-2.786246883616815169e-03,-3.461524979730936681e-03,-1.290746549295744040e-03
7.549999999999999822e+00,-2.184281609281589747e-03,-2.274579694201945591e-03,-1.563937948945822365e-03
7.559999999999999609e+00,-1.607029755884893793e-03,-1.060289717103894561e-03,-1.705075240490255654e-03
7.570000000000000284e+00,-1.053821420477920419e-03,1.399649555250022652e-04,-1.701084636807488528e-03
7.580000000000000071e+00,-5.267420850586636370e-04,1.283235560390114278e-03,-1.556622026620026189e-03
7.589999999999999858e+00,-2.948494252542259190e-05,2.327737566224067495e-03,-1.291820262591471952e-03
7.599999999999999645e+00,4.330346727597731305e-04,3.234733506133319336e-03,-9.393286634025154467e-04
7.610000000000000320e+00,8.534755159025348000e-04,3.968691269498371421e-03,-5.417653091085074951e-04
7.620000000000000107e+00,1.221134673369949882e-03,4.497556252344203469e-03,-1.480550385424894222e-04
7.629999999999999893e+00,1.522726287603491440e-03,4.794548257457177144e-03,1.923233661280389871e-04
7.639999999999999680e+00,1.744202707052739743e-03,4.840743303402927564e-03,4.358989310310189291e-04
7.650000000000000355e+00,1.872269248560969523e-03,4.627019153385734246e-03,5.506213404943606244e-04
7.660000000000000142e+00,1.895243204246975250e-03,4.154967402931412923e-03,5.193079596689070517e-04
7.669999999999999929e+00,1.803919593420739379e-03,3.437412387878917720e-03,3.415009311197286356e-04
7.679999999999999716e+00,1.592805273269115108e-03,2.498888252523647716e-03,3.396887905898990389e-05
7.690000000000000391e+00,1.260934995082699196e-03,1.375292873387940493e-03,-3.708847533734084523e-04
7.700000000000000178e+00,8.115486559294225830e-04,1.120383183920831523e-04,-8.291533026168025015e-04
7.709999999999999964e+00,2.515572016240091727e-04,-1.238300529718819060e-03,-1.290705591120067238e-03
7.719999999999999751e+00,-4.079147199350994894e-04,-2.617475708356929720e-03,-1.703809711114994720e-03
7.730000000000000426e+00,-1.150699983300469513e-03,-3.962922426957737193e-03,-2.019417270596801390e-03
7.740000000000000213e+00,-1.956224413215086177e-03,-5.210652904292441788e-03,-2.196370569137626790e-03
7.750000000000000000e+00,-2.801289631513105040e-03,-6.299254165514906259e-03,-2.206690948918855685e-03
7.759999999999999787e+00,-3.661328637273740874e-03,-7.173188419430935776e-03,-2.038834054355499487e-03
7.769999999999999574e+00,-4.511052163488369314e-03,-7.785209516042661260e-03,-1.698598375374459979e-03
7.780000000000000249e+00,-5.325481683222832441e-03,-8.098804462732565185e-03,-1.208649296509391484e-03
7.790000000000000036e+00,-6.081053092291441309e-03,-8.090266906632436264e-03,-6.064694095224323466e-04
7.799999999999999822e+00,-6.755968885194831713e-03,-7.749528997665138322e-03,5.977877707124216046e-05
7.809999999999999609e+00,-7.330418881221366714e-03,-7.080352533298197096e-03,7.363902404909024356e-04
7.820000000000000284e+00,-7.787297161190604583e-03,-6.100504534372505096e-03,1.369101414615207356e-03
7.830000000000000071e+00,-8.112554710748927714e-03,-4.841070947575186988e-03,1.908250530953891537e-03
7.839999999999999858e+00,-8.294869749068426931e-03,-3.344636266257771263e-03,2.313901639854628635e-03
7.849999999999999645e+00,-8.325934064615105046e-03,-1.663692383990732259e-03,2.559186672045301106e-03
7.860000000000000320e+00,-8.201450886836813073e-03,1.405665894596824360e-04,2.631508444273255622e-03
7.870000000000000107e+00,-7.920990710576128468e-03,2.000842239100440473e-03,2.533340678017621892e-03
7.879999999999999893e+00,-7.486836370253140832e-03,3.847479550194253875e-03,2.282446476003087248e-03
7.889999999999999680e+00,-6.904428775521860920e-03,5.610641230487831491e-03,1.909025285064821532e-03
7.900000000000000355e+00,-6.184274906285348004e-03,7.220977317686524607e-03,1.450313611418035074e-03
7.910000000000000142e+00,-5.341622140864347827e-03,8.612415891728703032e-03,9.468038263644229296e-04
7.919999999999999929e+00,-4.393007421514875943e-03,9.727830830105470283e-03,4.412665124367306894e-04
7.929999999999999716e+00,-3.353589232533814388e-03,1.052351297240414728e-02,-2.314573047370452734e-05
7.940000000000000391e+00,-2.237816399139906133e-03,1.096979188457524942e-02,-4.079285177801388615e-04
7.950000000000000178e+00,-1.061189924556793897e-03,1.105004058686787950e-02,-6.846396929399668155e-04
7.959999999999999964e+00,1.594907302912643707e-04,1.076068445902201957e-02,-8.376603063808785122e-04
7.969999999999999751e+00,1.406758650125026220e-03,1.011157569659262324e-02,-8.647399885293443212e-04
7.980000000000000426e+00,2.662917397335335962e-03,9.125667711557759396e-03,-7.763799536735377111e-04
7.990000000000000213e+00,3.911167658526480857e-03,7.838887000383929979e-03,-5.933138520990150887e-04
8.000000000000000000e+00,5.137487521795358267e-03,6.300281486707251348e-03,-3.423381404861852132e-04
8.009999999999999787e+00,6.331146833371117943e-03,4.570362251813089166e-03,-5.298949003085828857e-05
8.019999999999999574e+00,7.483025398285813104e-03,2.716908104082963252e-03,2.438310439121321672e-04
8.029999999999999361e+00,8.583766524345087801e-03,8.104133430449155613e-04,5.171521092822077385e-04
8.039999999999999147e+00,9.623365596438528818e-03,-1.079079682170386517e-03,7.385418313087158777e-04
8.050000000000000711e+00,1.059122259941141196e-02,-2.884620565689090688e-03,8.847967755480128310e-04
8.060000000000000497e+00,1.147533085732115217e-02,-4.545680912102823684e-03,9.391690957399892936e-04
8.070000000000000284e+00,1.226134207539323132e-02,-6.011319152803324892e-03,8.917682552672264416e-04
8.080000000000000071e+00,1.293312893844263123e-02,-7.241472267883127673e-03,7.406810990420037433e-04
8.089999999999999858e+00,1.347462489065030106e-02,-8.206562814786199159e-03,4.934743612355628776e-04
8.099999999999999645e+00,1.387113866216131697e-02,-8.887223376860207621e-03,1.672069852868488925e-04
8.109999999999999432e+00,1.410941782785040018e-02,-9.274857764460723089e-03,-2.136801374332829892e-04
8.119999999999999218e+00,1.417762701755506845e-02,-9.371861438986621787e-03,-6.201910442983030614e-04
8.130000000000000782e+00,1.406624824951100902e-02,-9.190505874235595229e-03,-1.021041744759841998e-03
8.140000000000000568e+00,1.376913283236406126e-02,-8.751300578604731886e-03,-1.384891981558927310e-03
8.150000000000000355e+00,1.328357323459914037e-02,-8.082012229020697769e-03,-1.683400342116865263e-03
8.160000000000000142e+00,1.261014867913324081e-02,-7.216628771050362552e-03,-1.894049662094436431e-03
8.169999999999999929e+00,1.175368582297565967e-02,-6.192987341777441042e-03,-2.001186521012807400e-03
8.179999999999999716e+00,1.072425650242614208e-02,-5.050228220521315106e-03,-1.996264599828754139e-03
8.189999999999999503e+00,9.536289916997672117e-03,-3.828063731751904335e-03,-1.879139940060630190e-03
8.199999999999999289e+00,8.206767016959970115e-03,-2.566921707521172078e-03,-1.659338687784681857e-03
8.210000000000000853e+00,6.754748447325306659e-03,-1.306739887827657650e-03,-1.355030343732622350e-03
8.220000000000000639e+00,5.201612901260396597e-03,-8.508953591666210635e-05,-9.904932278844218955e-04
8.230000000000000426e+00,3.569893228930412152e-03,1.063210980408710576e-03,-5.944070245630479147e-04
8.240000000000000213e+00,1.881285357355636954e-03,2.105554157942215229e-03,-1.985750254672090864e-04
8.250000000000000000e+00,1.558670233402518947e-04,3.012100304486901598e-03,1.647508696932370703e-04
8.259999999999999787e+00,-1.587917094507898573e-03,3.756958406488587927e-03,4.661985291048238353e-04
8.269999999999999574e+00,-3.334089594349522439e-03,4.318375842967070444e-03,6.813836029388583779e-04
8.279999999999999361e+00,-5.069925084672410008e-03,4.678793527033428719e-03,7.924602493933568083e-04
8.289999999999999147e+00,-6.785273983163946608e-03,4.826154936428321204e-03,7.903344220436296034e-04
8.300000000000000711e+00,-8.471554710263421925e-03,4.755298425028873892e-03,6.762250955359399695e-04
8.310000000000000497e+00,-1.012135178667779821e-02,4.468463756715441819e-03,4.615546103310644755e-04
8.320000000000000284e+00,-1.172689913261609589e-02,3.976607114429412185e-03,1.678981819880183076e-04
8.330000000000000071e+00,-1.327702139132666895e-02,3.301901809704532037e-03,-1.725747294893572312e-04
8.339999999999999858e+00,-1.475563001442826809e-02,2.478286673035491171e-03,-5.191716994556287452e-04
8.349999999999999645e+00,-1.614321103352072545e-02,1.548658442637825114e-03,-8.283355615599589375e-04
8.359999999999999432e+00,-1.741840320162503161e-02,5.617055040885773204e-04,-1.059429825554507104e-03
8.369999999999999218e+00,-1.855799660657799291e-02,-4.298554229235909880e-04,-1.178480382644148550e-03
8.380000000000000782e+00,-1.953769868516597868e-02,-1.371903780652864672e-03,-1.161827834882864490e-03
8.390000000000000568e+00,-2.033456518109687944e-02,-2.213183975438318737e-03,-1.000205942373865895e-03
8.400000000000000355e+00,-2.092852042758803349e-02,-2.908516349869656563e-03,-7.003810687892594736e-04
8.410000000000000142e+00,-2.130235110904325074e-02,-3.420245783156433510e-03,-2.837016402701707306e-04
8.419999999999999929e+00,-2.144266338628792595e-02,-3.720352241056235423e-03,2.157928543081892375e-04
8.429999999999999716e+00,-2.134191838620271703e-02,-3.793260071257456220e-03,7.533727886255749823e-04
8.439999999999999503e+00,-2.099870251338357627e-02,-3.636444443910190252e-03,1.278234808224458551e-03
8.449999999999999289e+00,-2.041582398315191366e-02,-3.258438237715284309e-03,1.740574124925400694e-03
8.460000000000000853e+00,-1.959881714386592713e-02,-2.676879994243211696e-03,2.097862478208768842e-03
8.470000000000000639e+00,-1.855569866692317188e-02,-1.917501055022963891e-03,2.318938393848931755e-03
8.480000000000000426e+00,-1.729669475808504400e-02,-1.012816304416179914e-03,2.386815755216014755e-03
8.490000000000000213e+00,-1.583422340430354000e-02,-8.513565354554788371e-07,2.299714128131089951e-03
8.500000000000000000e+00,-1.418400897691429741e-02,1.075178860757720510e-03,2.069436820988831624e-03
8.509999999999999787e+00,-1.236562025615219051e-02,2.167915588522401245e-03,1.718990544613174755e-03
8.519999999999999574e+00,-1.040083365370565033e-02,3.229151274020847662e-03,1.281249841550643554e-03
8.529999999999999361e+00,-8.312016865793457956e-03,4.213070917673929217e-03,7.966764381620925059e-04
8.539999999999999147e+00,-6.122755053625138742e-03,5.077137513419997285e-03,3.082349046031738387e-04
8.550000000000000711e+00,-3.858521682715023143e-03,5.782779637946397142e-03,-1.437881309351272149e-04
8.560000000000000497e+00,-1.544917872074869167e-03,6.298298134310481057e-03,-5.241702710461869233e-04
8.570000000000000284e+00,7.943353366843748957e-04,6.601717506438036474e-03,-8.042891267839748356e-04
8.580000000000000071e+00,3.136787207920729934e-03,6.680665340322058422e-03,-9.654257833320514662e-04
8.589999999999999858e+00,5.459983000881375552e-03,6.531242515295814302e-03,-1.001585849058513967e-03
8.599999999999999645e+00,7.742601343272706264e-03,6.158967504798947869e-03,-9.186376122432426830e-04
8.609999999999999432e+00,9.966228869741694182e-03,5.579996673565392959e-03,-7.316803074403889712e-04
8.619999999999999218e+00,1.211439703748700900e-02,4.819256317640608321e-03,-4.642002284063776948e-04
8.630000000000000782e+00,1.417058275029613526e-02,3.907265233785549990e-03,-1.474197130144647508e-04
8.640000000000000568e+00,1.611928742168636242e-02,2.879830169469404545e-03,1.840343523438263634e-04
8.650000000000000355e+00,1.794902158557200658e-02,1.779446449856802916e-03,4.984685863041630549e-04
8.660000000000000142e+00,1.965230870461664309e-02,6.535330643463727182e-04,7.701001086826965393e-04
8.669999999999999929e+00,2.122249451287380045e-02,-4.506069652148086751e-04,9.782854259768318950e-04
8.679999999999999716e+00,2.265199361714169760e-02,-1.489327520786014932e-03,1.107631781130106107e-03
8.689999999999999503e+00,2.393350876960147547e-02,-2.423062762223175768e-03,1.150418165476264475e-03
8.699999999999999289e+00,2.506094990768845468e-02,-3.216873606065447696e-03,1.107880415465766931e-03
8.710000000000000853e+00,2.602836983793453685e-02,-3.842751731707115190e-03,9.886667279760668215e-04
8.720000000000000639e+00,2.682910846737067770e-02,-4.281421959655914294e-03,8.068143665291441571e-04
8.730000000000000426e+00,2.745647742810787550e-02,-4.522274923902717958e-03,5.807427676173988751e-04
8.740000000000000213e+00,2.790451138172243134e-02,-4.562905150999618104e-03,3.319229979263762023e-04
8.750000000000000000e+00,2.816800096713904800e-02,-4.409048308331746900e-03,8.262040768965184560e-05
8.759999999999999787e+00,2.824293490334248147e-02,-4.073805200441278813e-03,-1.459504010776875246e-04
8.769999999999999574e+00,2.812759102083372750e-02,-3.575951942175273953e-03,-3.346555279664144029e-04
8.779999999999999361e+00,2.782308468597402204e-02,-2.938579898575620353e-03,-4.677195559429511923e-04
8.789999999999999147e+00,2.733296624012971146e-02,-2.188513705480454007e-03,-5.345072455149453257e-04
8.800000000000000711e+00,2.666249845148771502e-02,-1.355902318064379063e-03,-5.310163918123141872e-04
8.810000000000000497e+00,2.581797109696786288e-02,-4.736504896066837480e-04,-4.606103528924914564e-04
8.820000000000000284e+00,2.480639107161928744e-02,4.236143604594852854e-04,-3.336282221728895537e-04
8.830000000000000071e+00,2.363589620139785324e-02,1.301336891291152154e-03,-1.656218851351314416e-04
8.839999999999999858e+00,2.231600296234947586e-02,2.126639177375800292e-03,2.470317441693253374e-05
8.849999999999999645e+00,2.085671193779169499e-02,2.868717001678326543e-03,2.166897684330038043e-04
8.859999999999999432e+00,1.926776272116818844e-02,3.499294377255824252e-03,3.892147580994747744e-04
8.869999999999999218e+00,1.755948286286596743e-02,3.994539953976552343e-03,5.236834516968771067e-04
8.880000000000000782e+00,1.574334177370376522e-02,4.336500407358526328e-03,6.063784418150494713e-04
8.890000000000000568e+00,1.383002691075214084e-02,4.511853466652890506e-03,6.278613186039229323e-04
8.900000000000000355e+00,1.182709654802406411e-02,4.510071665246933974e-03,5.815468051478081849e-04
8.910000000000000142e+00,9.739380343852495694e-03,4.324186568665734989e-03,4.646508373235695754e-04
8.919999999999999929e+00,7.570917613308085665e-03,3.952906582103717613e-03,2.801843081460482282e-04
8.929999999999999716e+00,5.325211357224099960e-03,3.400829732188899099e-03,3.668325276270154435e-05
8.939999999999999503e+00,3.004466526465707308e-03,2.677427464781304608e-03,-2.535749627572738687e-04
8.949999999999999289e+00,6.106715693452359093e-04,1.797669092510390193e-03,-5.748979265543669717e-04
8.960000000000000853e+00,-1.852140675039383932e-03,7.836000171447042410e-04,-9.076893786827138107e-04
8.970000000000000639e+00,-4.377256048919811286e-03,-3.359444758851911923e-04,-1.229894470744151164e-03
8.980000000000000426e+00,-6.955973166197513061e-03,-1.527163306329609900e-03,-1.519884065810949564e-03
8.990000000000000213e+00,-9.577533836225711125e-03,-2.752502402011300971e-03,-1.758436900347665937e-03
9.000000000000000000e+00,-1.222855028459872255e-02,-3.971472684992195974e-03,-1.929903548142753583e-03
9.009999999999999787e+00,-1.489299665770180310e-02,-5.142095490739402412e-03,-2.023487607339033260e-03
9.019999999999999574e+00,-1.755214483256056085e-02,-6.222301994239499284e-03,-2.033921337605723925e-03
9.029999999999999361e+00,-2.018428446166111584e-02,-7.171076188926234218e-03,-1.961338908676236222e-03
9.039999999999999147e+00,-2.276568473422299274e-02,-7.950738324538079299e-03,-1.811788997376100920e-03
9.050000000000000711e+00,-2.527264358334647271e-02,-8.530126540788444262e-03,-1.598178469820599537e-03
9.060000000000000497e+00,-2.768213271269172326e-02,-8.886104869140225640e-03,-1.339165803376976506e-03
9.070000000000000284e+00,-2.997076814559185981e-02,-9.003099251208042733e-03,-1.055931266096632546e-03
9.080000000000000071e+00,-3.211515430260341447e-02,-8.873703811911416717e-03,-7.701378849334131714e-04
9.089999999999999858e+00,-3.409441258556315801e-02,-8.501128690879697358e-03,-5.040292196847521826e-04
9.099999999999999645e+00,-3.589161126039332184e-02,-7.900158345549149197e-03,-2.794485492196357654e-04
9.109999999999999432e+00,-3.749271650050815807e-02,-7.095251776771654278e-03,-1.145961360088711698e-04
9.119999999999999218e+00,-3.888588453318879423e-02,-6.118665646224504158e-03,-2.161976108341810441e-05
9.130000000000000782e+00,-4.006215318614020360e-02,-5.009712501689803782e-03,-6.257641282130108133e-06
9.140000000000000568e+00,-4.101461586786067648e-02,-3.812297658943208239e-03,-6.669936602608726706e-05
9.150000000000000355e+00,-4.173546208644723921e-02,-2.570233322198429288e-03,-1.911999263967799768e-04
9.160000000000000142e+00,-4.221486517277420886e-02,-1.324437902445648515e-03,-3.585199528751680529e-04
9.169999999999999929e+00,-4.244333712577749718e-02,-1.136957549140227476e-04,-5.425962007990378861e-04
9.179999999999999716e+00,-4.241354259146055961e-02,1.025029350619490473e-03,-7.170010060112062779e-04
9.189999999999999503e+00,-4.211907631345834097e-02,2.059185055484569465e-03,-8.563683379895907803e-04
9.199999999999999289e+00,-4.155381396680477013e-02,2.962443993704641943e-03,-9.382035454463171029e-04
9.210000000000000853e+00,-4.071479560715893925e-02,3.712766023153619803e-03,-9.477244721870891741e-04
9.220000000000000639e+00,-3.960536631352130910e-02,4.290036114387504353e-03,-8.820327901791957716e-04
9.230000000000000426e+00,-3.823483389001307992e-02,4.677041422234573531e-03,-7.496609283510271031e-04
9.240000000000000213e+00,-3.661649665523462188e-02,4.861889656785976614e-03,-5.674779585664516254e-04
9.250000000000000000e+00,-3.476706204004540585e-02,4.838796856442783255e-03,-3.582437608258873772e-04
9.259999999999999787e+00,-3.270598211985481507e-02,4.608693617653907698e-03,-1.476188484830116561e-04
9.269999999999999574e+00,-3.045239731762077948e-02,4.181914944890835831e-03,4.127461736750053076e-05
9.279999999999999361e+00,-2.802174887953299068e-02,3.580841269902676569e-03,1.931628930183980851e-04
9.289999999999999147e+00,-2.542534400155924482e-02,2.839178496854110299e-03,3.021527795386295327e-04
9.300000000000000711e+00,-2.267206419590872893e-02,1.998745694530213845e-03,3.702450523982970219e-04
9.310000000000000497e+00,-1.976949438856496349e-02,1.106595440488236963e-03,4.056858374081043694e-04
9.320000000000000284e+00,-1.672451440961939331e-02,2.125238840293009054e-04,4.212827688551651177e-04
9.330000000000000071e+00,-1.354462261143684655e-02,-6.341967521432058559e-04,4.316348136285015624e-04
9.339999999999999858e+00,-1.023918604204421441e-02,-1.387946520818333484e-03,4.503533555412669626e-04
9.349999999999999645e+00,-6.819450757559559692e-03,-2.008489539748901844e-03,4.886626094804441458e-04
9.359999999999999432e+00,-3.298230951498363258e-03,-2.462167577390030667e-03,5.545892038327698620e-04
9.369999999999999218e+00,3.095462676912559422e-04,-2.723677717421561697e-03,6.516714828786531214e-04
9.380000000000000782e+00,3.985927061020938522e-03,-2.777887148692833371e-03,7.777927303007152156e-04
9.390000000000000568e+00,7.709358783207668347e-03,-2.620924521119853169e-03,9.249222197479409864e-04
9.400000000000000355e+00,1.145430511832595463e-02,-2.260674645579181536e-03,1.079602928137746382e-03
9.410000000000000142e+00,1.519126482545710144e-02,-1.716457050453626312e-03,1.224313701118239298e-03
9.419999999999999929e+00,1.888802366554155968e-02,-1.017093706176035563e-03,1.340335370915378931e-03
9.429999999999999716e+00,2.251186143736453454e-02,-1.977242256682979111e-04,1.411526935285457775e-03
9.439999999999999503e+00,2.603133938053725158e-02,7.031551816898790833e-04,1.427302995488454341e-03
9.449999999999999289e+00,2.941728649098211690e-02,1.645955248170880274e-03,1.384192738233828036e-03
9.460000000000000853e+00,3.264360556497244298e-02,2.592101442653204756e-03,1.286480743434584078e-03
9.470000000000000639e+00,3.568774279888126816e-02,3.505760220075019532e-03,1.145757863700121691e-03
9.480000000000000426e+00,3.853026602588717486e-02,4.354579211802646517e-03,9.789388092874145870e-04
9.490000000000000213e+00,4.115421675820703923e-02,5.110078563097183134e-03,8.056344104626671698e-04
9.500000000000000000e+00,4.354516976842881526e-02,5.748600528290154221e-03,6.460559693232969559e-04
9.509999999999999787e+00,4.569152735184933700e-02,6.252310703745250081e-03,5.191896070932722250e-04
9.519999999999999574e+00,4.758412574469966794e-02,6.609305920866608876e-03,4.405283130626997680e-04
9.529999999999999361e+00,4.921524095417469102e-02,6.812919384927344085e-03,4.196800180426547388e-04
9.539999999999999147e+00,5.057754582752644473e-02,6.860796934329228304e-03,4.586120326484714434e-04
9.550000000000000711e+00,5.166328878819170106e-02,6.754042397345091757e-03,5.509318478067302570e-04
9.560000000000000497e+00,5.246399105739527752e-02,6.496751646672238589e-03,6.825143172801254087e-04
9.570000000000000284e+00,5.297077296418546688e-02,6.096056699704741934e-03,8.334662921909046559e-04
9.580000000000000071e+00,5.317475594108971720e-02,5.562129838000360801e-03,9.806550620291430882e-04
9.589999999999999858e+00,5.306700065602497352e-02,4.907619324312344558e-03,1.100012062900626586e-03
9.599999999999999645e+00,5.263833330623260420e-02,4.146891866597394311e-03,1.168726647400570142e-03
9.609999999999999432e+00,5.187965218360118813e-02,3.295696156744513071e-03,1.167683626171041539e-03
9.619999999999999218e+00,5.078253250500466831e-02,2.371078611423258799e-03,1.083724251992369131e-03
9.630000000000000782e+00,4.933993420076469155e-02,1.391363726499172948e-03,9.113328550642958931e-04
9.640000000000000568e+00,4.754772819366282627e-02,3.769107878624603251e-04,6.542986244311474030e-04
9.650000000000000355e+00,4.540716815441603327e-02,-6.482530447347369671e-04,3.273282398068639220e-04
9.660000000000000142e+00,4.292666551635455907e-02,-1.655596427868327638e-03,-4.410088843957385039e-05
9.669999999999999929e+00,4.012165733853634980e-02,-2.613248156231655957e-03,-4.267161430440346236e-04
9.679999999999999716e+00,3.701362113377937302e-02,-3.488056683637063421e-03,-7.838471985494058171e-04
9.689999999999999503e+00,3.362944158725162530e-02,-4.247275503018281551e-03,-1.079607863846847576e-03
9.699999999999999289e+00,3.000031205794866790e-02,-4.860626587287179660e-03,-1.283243091347744573e-03
9.710000000000000853e+00,2.615913278382390322e-02,-5.303693858403844483e-03,-1.374212228933003720e-03
9.720000000000000639e+00,2.213763751024376211e-02,-5.561309737135351414e-03,-1.346321924429875246e-03
9.730000000000000426e+00,1.796552554572930852e-02,-5.628583547427739794e-03,-1.208373076085368907e-03
9.740000000000000213e+00,1.367186207158909914e-02,-5.509308427967551242e-03,-9.811376537666345599e-04
9.750000000000000000e+00,9.286817530471178431e-03,-5.213731695022386092e-03,-6.929400757619886587e-04
9.759999999999999787e+00,4.842263978328052547e-03,-4.757231897497210885e-03,-3.757469608208161829e-04
9.769999999999999574e+00,3.716040157180324410e-04,-4.159569283504687721e-03,-6.177635742849049098e-05
9.779999999999999361e+00,-4.090339437224223100e-03,-3.443916895298111680e-03,2.198468906742572708e-04
9.789999999999999147e+00,-8.507524552481427610e-03,-2.635863126869429900e-03,4.459137151149715635e-04
9.800000000000000711e+00,-1.284358996411056990e-02,-1.763024783996598949e-03,6.005879276549430700e-04
9.810000000000000497e+00,-1.706340007024331404e-02,-8.552344381234155491e-04,6.754473025753174754e-04
9.820000000000000284e+00,-2.113443154879168784e-02,5.549368043273381729e-05,6.689194236053763861e-04
9.830000000000000071e+00,-2.502730626194349731e-02,9.358909008934908694e-04,5.858520085667853977e-04
9.839999999999999858e+00,-2.871551815918974362e-02,1.753158944823149943e-03,4.372123059848195955e-04
9.849999999999999645e+00,-3.217477203745003345e-02,2.477008790897868191e-03,2.395471939922355533e-04
9.859999999999999432e+00,-3.538218878708906945e-02,3.081687900856094203e-03,1.403051477965977609e-05
9.869999999999999218e+00,-3.831595258603433946e-02,3.547358952181816488e-03,-2.153371464156244859e-04
9.880000000000000782e+00,-4.095630878076571280e-02,3.859892721878265681e-03,-4.250371759663765237e-04
9.890000000000000568e+00,-4.328755100269712774e-02,4.009451492049807830e-03,-5.961312803115843438e-04
9.900000000000000355e+00,-4.529896363860255043e-02,3.989924125972603604e-03,-7.167792358711041860e-04
9.910000000000000142e+00,-4.698351431570915032e-02,3.800409381544910068e-03,-7.818314368664946697e-04
9.919999999999999929e+00,-4.833585972831462574e-02,3.447137908777034385e-03,-7.911305355558719173e-04
9.929999999999999716e+00,-4.935189121586906758e-02,2.943575098575184831e-03,-7.488624287336387471e-04
9.939999999999999503e+00,-5.002934986154210228e-02,2.309190272816235342e-03,-6.635356621677379954e-04
9.949999999999999289e+00,-5.036736854235011190e-02,1.569065287667896795e-03,-5.465204927344515396e-04
9.960000000000000853e+00,-5.036508561077920887e-02,7.542106375248539300e-04,-4.094783682253763635e-04
9.970000000000000639e+00,-5.002159200535168104e-02,-9.965106919096030562e-05,-2.631373779938823813e-04
9.980000000000000426e+00,-4.933749774538598309e-02,-9.550524206743682409e-04,-1.177651616957968699e-04
9.990000000000000213e+00,-4.831605454774117597e-02,-1.775342970809203058e-03,1.673481267385568960e-05
1.000000000000000000e+01,-4.696298209019812708e-02,-2.525920223366505922e-03,1.319123603090115832e-04
1.000999999999999979e+01,-4.528610354160669815e-02,-3.175188401572972153e-03,2.218383728184701326e-04
1.001999999999999957e+01,-4.329530924524261498e-02,-3.695722258223793286e-03,2.835520117313972783e-04
1.002999999999999936e+01,-4.100237490968751397e-02,-4.065123394781640018e-03,3.173209413225669363e-04
1.003999999999999915e+01,-3.842126080409268701e-02,-4.267158773289646788e-03,3.260971206741199667e-04
1.005000000000000071e+01,-3.557006917489963227e-02,-4.294301568721153005e-03,3.131181679859908196e-04
1.006000000000000050e+01,-3.247341788558157083e-02,-4.150354466988562599e-03,2.791337177240730302e-04
1.007000000000000028e+01,-2.916241575064585853e-02,-3.850298093544039530e-03,2.222305912593452949e-04
1.008000000000000007e+01,-2.567235733589746938e-02,-3.417519332922324630e-03,1.400743675711843062e-04
1.008999999999999986e+01,-2.204124096315990960e-02,-2.881601331116618193e-03,3.129964646907147099e-05
1.009999999999999964e+01,-1.831018193968120614e-02,-2.277801561977942351e-03,-1.050800469568283354e-04
1.010999999999999943e+01,-1.452328613813900181e-02,-1.645820694160225490e-03,-2.697826247717079878e-04
1.011999999999999922e+01,-1.072534800228767612e-02,-1.026301743004832869e-03,-4.613200051901742262e-04
1.013000000000000078e+01,-6.959069908877635498e-03,-4.568741869176191493e-04,-6.738848669906668956e-04
1.014000000000000057e+01,-3.263944313786668484e-03,3.001044627418622760e-05,-8.973118541876840470e-04
1.015000000000000036e+01,3.236324662011045433e-04,4.078244548107443405e-04,-1.118623739252157766e-03
1.016000000000000014e+01,3.770811975387216523e-03,6.570532683912275358e-04,-1.323228954809073247e-03
1.016999999999999993e+01,7.049727375138064266e-03,7.669999648321171749e-04,-1.495258160757467194e-03
1.017999999999999972e+01,1.013866241148207725e-02,7.370116220702395936e-04,-1.618221333187081423e-03
1.018999999999999950e+01,1.302180332887779846e-02,5.759615076640781442e-04,-1.677007947499154546e-03
1.019999999999999929e+01,1.568784355040667503e-02,3.002925486054404446e-04,-1.660731164733835440e-03
1.021000000000000085e+01,1.812880660387293161e-02,-6.794897283526348496e-05,-1.564807071628635188e-03
1.022000000000000064e+01,2.034009515228513143e-02,-5.020275097142827677e-04,-1.391132544724917085e-03
1.023000000000000043e+01,2.232104517169776828e-02,-9.710670285931077448e-04,-1.147104133418935974e-03
1.024000000000000021e+01,2.407408575544037199e-02,-1.442087628586501960e-03,-8.454393082871709863e-04
1.025000000000000000e+01,2.560192969597706661e-02,-1.884010416627440862e-03,-5.053544436521882968e-04
1.025999999999999979e+01,2.690471288156207411e-02,-2.271586540465845173e-03,-1.531206031736710282e-04
1.026999999999999957e+01,2.797922361057782539e-02,-2.587012356908300736e-03,1.800687184983322531e-04
1.027999999999999936e+01,2.881991917408140147e-02,-2.819501314846155089e-03,4.623174666069895496e-04
1.028999999999999915e+01,2.941979525824434463e-02,-2.964754807359365127e-03,6.649943198004832105e-04
1.030000000000000071e+01,2.977034247734046055e-02,-3.025104496594787674e-03,7.653339118426363222e-04
1.031000000000000050e+01,2.986157018051267126e-02,-3.009348440128633857e-03,7.484038432124586479e-04
1.032000000000000028e+01,2.968289713346456554e-02,-2.931503030198804195e-03,6.090373031148268480e-04
1.033000000000000007e+01,2.922479380185713169e-02,-2.808638330753199155e-03,3.534437749894087447e-04
1.033999999999999986e+01,2.848108925353387555e-02,-2.657963134688953732e-03,2.854853768932305005e-07
1.034999999999999964e+01,2.745158347432854681e-02,-2.493615611223536001e-03,-4.191886397978401130e-04
1.035999999999999943e+01,2.614346570985550539e-02,-2.324743951156809773e-03,-8.633456668229343893e-04
1.036999999999999922e+01,2.457057405297115651e-02,-2.155876272741076832e-03,-1.285320577675709303e-03
1.038000000000000078e+01,2.275206661015900453e-02,-1.987995536639675619e-03,-1.639000444136826107e-03
1.039000000000000057e+01,2.071245610538051743e-02,-1.818353628828726486e-03,-1.883352852530466824e-03
1.040000000000000036e+01,1.848211966757744296e-02,-1.639920784975516018e-03,-1.985579217071754572e-03
1.041000000000000014e+01,1.609635703093189457e-02,-1.442392134508902954e-03,-1.924671939676336936e-03
1.041999999999999993e+01,1.359385103632212120e-02,-1.213859985820290492e-03,-1.694204564365120111e-03
1.042999999999999972e+01,1.101656367216240044e-02,-9.410856645207955201e-04,-1.302172366924755865e-03
1.043999999999999950e+01,8.410005118536427113e-03,-6.094250329085823537e-04,-7.690296026668976817e-04
1.044999999999999929e+01,5.821167952976090756e-03,-2.050848503648128437e-04,-1.267879892972240878e-04
1.046000000000000085e+01,3.294663929142591183e-03,2.809151187648574488e-04,5.812603015729402326e-04
1.047000000000000064e+01,8.702625422738541946e-04,8.503701629849893607e-04,1.303224584494438055e-03
1.048000000000000043e+01,-1.417258368696236101e-03,1.498059705669924774e-03,1.984206818397456652e-03
1.049000000000000021e+01,-3.537871687220407475e-03,2.212523901176576598e-03,2.572300589948841101e-03
1.050000000000000000e+01,-5.466558925293698266e-03,2.976534371197107204e-03,3.023537388502273941e-03
1.050999999999999979e+01,-7.183152149833949007e-03,3.768144245116413459e-03,3.306205908986246510e-03
1.051999999999999957e+01,-8.671754192770058864e-03,4.562277380581267888e-03,3.404151975074904725e-03
1.052999999999999936e+01,-9.920850702337821736e-03,5.331695494360364287e-03,3.317711596819589940e-03
1.053999999999999915e+01,-1.092410483675093635e-02,6.047321363291597793e-03,3.062283987363454297e-03
1.055000000000000071e+01,-1.168052840581102099e-02,6.679196158176753904e-03,2.666026170042605156e-03
1.056000000000000050e+01,-1.219330796724089026e-02,7.198739076303846060e-03,2.167630608148308439e-03
1.057000000000000028e+01,-1.246807619814825803e-02,7.581439376626142312e-03,1.613662797441228151e-03
1.058000000000000007e+01,-1.251200258873880200e-02,7.808532580492557641e-03,1.054437492481672496e-03
1.058999999999999986e+01,-1.233397147624508763e-02,7.867352654500501738e-03,5.386443499192718502e-04
1.059999999999999964e+01,-1.194452240300853015e-02,7.751669809468180947e-03,1.085695273102367861e-04
1.060999999999999943e+01,-1.135468807078976808e-02,7.462857511660390096e-03,-2.028045393957771266e-04
1.061999999999999922e+01,-1.057502246822894509e-02,7.010570908618482359e-03,-3.738350962371463863e-04
1.063000000000000078e+01,-9.616275764035593990e-03,6.411488289414675294e-03,-3.966182972537242424e-04
1.064000000000000057e+01,-8.490675757115017860e-03,5.687207868028609607e-03,-2.785180200890550995e-04
1.065000000000000036e+01,-7.211856016940930425e-03,4.863315008931790202e-03,-4.083970478766333625e-05
1.066000000000000014e+01,-5.793873632427542358e-03,3.969207103649607764e-03,2.846885551219331852e-04
1.066999999999999993e+01,-4.251151854636350293e-03,3.036871332742992462e-03,6.594404865863561296e-04
1.067999999999999972e+01,-2.599020131068306878e-03,2.098997052594974832e-03,1.041379550486828259e-03
1.068999999999999950e+01,-8.535290397080664854e-04,1.187802710151937861e-03,1.389427787914792158e-03
1.069999999999999929e+01,9.684114710341255178e-04,3.335801097237412025e-04,1.667246651881051792e-03
1.071000000000000085e+01,2.847321474272243753e-03,-4.382206565062679842e-04,1.844875707655956780e-03
1.072000000000000064e+01,4.759820684678709238e-03,-1.109326706919374272e-03,1.900005276038993062e-03
1.073000000000000043e+01,6.679588626159172447e-03,-1.668442738204983051e-03,1.820600690378538318e-03
1.074000000000000021e+01,8.578693173471634709e-03,-2.110443445676461489e-03,1.606741777844265633e-03
1.075000000000000000e+01,1.042740407864268387e-02,-2.436846235246336624e-03,1.269730545323684160e-03
1.075999999999999979e+01,1.219461483761042665e-02,-2.655440187877152868e-03,8.306933458866671508e-04
1.076999999999999957e+01,1.385081145796151006e-02,-2.777179702380759303e-03,3.207068830288356282e-04
1.077999999999999936e+01,1.537102516631649526e-02,-2.812998543182452724e-03,-2.200471187463655940e-04
1.078999999999999915e+01,1.673507623096273308e-02,-2.773301953694298164e-03,-7.465411418331038352e-04
1.080000000000000071e+01,1.792712250012108710e-02,-2.668137999550387451e-03,-1.214099268478766947e-03
1.081000000000000050e+01,1.893717463235391335e-02,-2.505410271770194906e-03,-1.581430964963495165e-03
1.082000000000000028e+01,1.976287420466163458e-02,-2.288890724263050597e-03,-1.812899102653248726e-03
1.083000000000000007e+01,2.040877179553408222e-02,-2.018823015961055713e-03,-1.882468178097852643e-03
1.083999999999999986e+01,2.088402986950387008e-02,-1.694157483349154926e-03,-1.778009753249321524e-03
1.084999999999999964e+01,2.120075833142926608e-02,-1.314153285234945668e-03,-1.503431905021883775e-03
1.085999999999999943e+01,2.137281434229947388e-02,-8.794727639961838744e-04,-1.078679000599150860e-03
1.086999999999999922e+01,2.141419060195232441e-02,-3.936059894588968115e-04,-5.385349320296704736e-04
1.088000000000000078e+01,2.133772995509302869e-02,1.361474153752990262e-04,7.029667925421474338e-05
1.089000000000000057e+01,2.115509627580775334e-02,6.990788476251774079e-04,6.943623207159835189e-04
1.090000000000000036e+01,2.087761071794046186e-02,1.282436701148582199e-03,1.279908500639969325e-03
1.091000000000000014e+01,2.051707042246903728e-02,1.872829912714006487e-03,1.779084872718502503e-03
1.091999999999999993e+01,2.008555093108761042e-02,2.456635724962149322e-03,2.154342066295496932e-03
1.092999999999999972e+01,1.959328005858283761e-02,3.018505064164389400e-03,2.379776250147573342e-03
1.093999999999999950e+01,1.904550374899357731e-02,3.538935028554305619e-03,2.440265732126402527e-03
1.094999999999999929e+01,1.844111437809047016e-02,3.993720813186398509e-03,2.331206626549329076e-03
1.096000000000000085e+01,1.777421106165228901e-02,4.356430933132358387e-03,2.059977531188503935e-03
1.097000000000000064e+01,1.703666690262252079e-02,4.601890857423399615e-03,1.647102985341009421e-03
1.098000000000000043e+01,1.621981349658423166e-02,4.708687021382692087e-03,1.125223769253936006e-03
1.099000000000000021e+01,1.531553782422393623e-02,4.660912258401259285e-03,5.363540026429075482e-04
1.100000000000000000e+01,1.431748525726615068e-02,4.449789548385978122e-03,-7.156366703373986710e-05
1.100999999999999979e+01,1.322198701281396098e-02,4.074748450390907294e-03,-6.487919286379817407e-04
1.101999999999999957e+01,1.202841318166775197e-02,3.543633762904264094e-03,-1.148466626966705012e-03
1.102999999999999936e+01,1.073921827564980336e-02,2.872316436506533368e-03,-1.531059823698319817e-03
1.103999999999999915e+01,9.359516343314271125e-03,2.083569665991341462e-03,-1.768362856861687392e-03
1.105000000000000071e+01,7.896324211861259143e-03,1.205396078236771300e-03,-1.846488009460040686e-03
1.106000000000000050e+01,6.358813303728246165e-03,2.701940375965450401e-04,-1.766351863451218283e-03
1.107000000000000028e+01,4.759696008251953700e-03,-6.850871452483668503e-04,-1.541564511335125325e-03
1.108000000000000007e+01,3.115142638417593528e-03,-1.620378609512234313e-03,-1.196522402552898561e-03
1.108999999999999986e+01,1.441909760598847475e-03,-2.496741036543186684e-03,-7.661653520777992818e-04
1.109999999999999964e+01,-2.453490319688154107e-04,-3.280329843553926161e-03,-2.945426361693254027e-04
1.110999999999999943e+01,-1.933723503845102181e-03,-3.943121977060399554e-03,1.703570071017865750e-04
1.111999999999999922e+01,-3.610596609551131129e-03,-4.462343877863051041e-03,5.829924244130439389e-04
1.113000000000000078e+01,-5.264505697904795639e-03,-4.821985217097862243e-03,9.039424895165872314e-04
1.114000000000000057e+01,-6.887364264778280017e-03,-5.015388868343879404e-03,1.101499498096229117e-03
1.115000000000000036e+01,-8.474533261193056138e-03,-5.045361393950101650e-03,1.154456631526690636e-03
1.116000000000000014e+01,-1.002272373114686775e-02,-4.921811869581850865e-03,1.055798926957044696e-03
1.116999999999999993e+01,-1.152898013873472800e-02,-4.660228798362016887e-03,8.138060815595059283e-04
1.117999999999999972e+01,-1.299161625266703063e-02,-4.281898433386624458e-03,4.497245428895852619e-04
1.118999999999999950e+01,-1.441049618737004143e-02,-3.813272458534672400e-03,-5.137800739219571688e-06
1.119999999999999929e+01,-1.578523662022871324e-02,-3.283115970995618624e-03,-5.112114722489053678e-04
1.121000000000000085e+01,-1.711313616202341653e-02,-2.719337274864634148e-03,-1.022931853763921683e-03
1.122000000000000064e+01,-1.838873901006992523e-02,-2.147489530542562829e-03,-1.493043700706447830e-03
1.123000000000000043e+01,-1.960464147700388335e-02,-1.590592580650619864e-03,-1.878067960254861278e-03
1.124000000000000021e+01,-2.075215679081011608e-02,-1.068905898970060270e-03,-2.143027249720684708e-03
1.125000000000000000e+01,-2.182135023286406808e-02,-5.991840828611697499e-04,-2.264526786775922403e-03
1.125999999999999979e+01,-2.280102321057091846e-02,-1.940187556798005390e-04,-2.232503636281336478e-03
1.126999999999999957e+01,-2.367956668247080468e-02,1.378021669908422353e-04,-2.051409046082639572e-03
1.127999999999999936e+01,-2.444681987666775386e-02,3.898031521143835703e-04,-1.740873588295728091e-03
1.128999999999999915e+01,-2.509555894429202003e-02,5.566109153599556108e-04,-1.334510469896825783e-03
1.130000000000000071e+01,-2.562120740238649913e-02,6.344477112659411156e-04,-8.757066198184220319e-04
1.131000000000000050e+01,-2.602056461364120679e-02,6.225080236850090562e-04,-4.116903432910501382e-04
1.132000000000000028e+01,-2.629154859217061949e-02,5.231971363844375826e-04,1.156524109666363489e-05
1.133000000000000007e+01,-2.643374783682157780e-02,3.414404301129685538e-04,3.533227725051825332e-04
1.133999999999999986e+01,-2.644766019547533861e-02,8.519084260446783670e-05,5.826242759296042630e-04
1.134999999999999964e+01,-2.633276720279177641e-02,-2.330374666213118600e-04,6.827979480856510722e-04
1.135999999999999943e+01,-2.608729730473604777e-02,-5.964791649436848153e-04,6.527649941694675748e-04
1.136999999999999922e+01,-2.571034067191845657e-02,-9.868911861732139381e-04,5.044992680200894621e-04
1.138000000000000078e+01,-2.520332918527803598e-02,-1.386725735657316641e-03,2.598836809713042802e-04
1.139000000000000057e+01,-2.456943104188324262e-02,-1.779206542848376683e-03,-5.131214134180917344e-05
1.140000000000000036e+01,-2.381323625663875343e-02,-2.148669322407125489e-03,-3.944397427908309141e-04
1.141000000000000014e+01,-2.294220710000097196e-02,-2.482603779552383910e-03,-7.350429103026840218e-04
1.141999999999999993e+01,-2.196770632341238719e-02,-2.773154529704326306e-03,-1.043328500445006015e-03
1.142999999999999972e+01,-2.090394116310380704e-02,-3.016398453663227206e-03,-1.296025716307161501e-03
1.143999999999999950e+01,-1.976659962356720063e-02,-3.211196541767566501e-03,-1.477238516521221920e-03
1.144999999999999929e+01,-1.857267230765435526e-02,-3.359132904360126633e-03,-1.579670234355849863e-03
1.146000000000000085e+01,-1.733991241539570294e-02,-3.464003722095702030e-03,-1.604605839004015835e-03
1.147000000000000064e+01,-1.608479048583732335e-02,-3.529748329250586084e-03,-1.559599348328893128e-03
1.148000000000000043e+01,-1.482079970525199304e-02,-3.558734170051191907e-03,-1.455945591866485665e-03
1.149000000000000021e+01,-1.355855315550026294e-02,-3.551866523578794781e-03,-1.307571291934086491e-03
1.150000000000000000e+01,-1.230616838930786126e-02,-3.509014538241192905e-03,-1.129967281958110890e-03
1.150999999999999979e+01,-1.106875280896376344e-02,-3.428565575812131221e-03,-9.381312926320021063e-04
1.151999999999999957e+01,-9.848579355697903090e-03,-3.307698930916738202e-03,-7.452816209103052493e-04
1.152999999999999936e+01,-8.647173571629295299e-03,-3.144567225715460667e-03,-5.636174394976251230e-04
1.153999999999999915e+01,-7.467575690058787623e-03,-2.940584473707865895e-03,-4.053289534450493586e-04
1.155000000000000071e+01,-6.314761225906342576e-03,-2.700760430605553784e-03,-2.818272933125001668e-04
1.156000000000000050e+01,-5.194555955767755744e-03,-2.432425246802381695e-03,-2.016539026715269780e-04
1.157000000000000028e+01,-4.112157857674607515e-03,-2.143500721646967016e-03,-1.683794916102189455e-04
1.158000000000000007e+01,-3.070660826861604589e-03,-1.840767330775830218e-03,-1.790668959541506832e-04
1.158999999999999986e+01,-2.070183806898278842e-03,-1.528777201878251790e-03,-2.239966115257743969e-04
1.159999999999999964e+01,-1.108299793862207398e-03,-1.210125649694835954e-03,-2.882964400245480543e-04
1.160999999999999943e+01,-1.812319286097809892e-04,-8.865331970493954680e-04,-3.547376168052868476e-04
1.161999999999999922e+01,7.150533629847062025e-04,-5.598383214149575855e-04,-4.065514363118967727e-04
1.163000000000000078e+01,1.583419260241392644e-03,-2.333037485230564161e-04,-4.304129009747235100e-04
1.164000000000000057e+01,2.423424108310884544e-03,8.643700382991767841e-05,-4.196602283925907864e-04
1.165000000000000036e+01,3.229951886298033665e-03,3.883098456838120801e-04,-3.760280050585745838e-04
1.166000000000000014e+01,3.993870606460099212e-03,6.578735953575666397e-04,-3.085731645672830608e-04
1.166999999999999993e+01,4.703376388848348050e-03,8.791523554721177936e-04,-2.312833318169341330e-04
1.167999999999999972e+01,5.344404119009423491e-03,1.035560934698755717e-03,-1.611987813681893728e-04
1.168999999999999950e+01,5.901088149750776529e-03,1.110871892566651486e-03,-1.162731708208175499e-04
1.169999999999999929e+01,6.357601097967033842e-03,1.091501809377840070e-03,-1.119164162096737583e-04
1.171000000000000085e+01,6.700115592200748052e-03,9.687918255809069030e-04,-1.577978237207315376e-04
1.172000000000000064e+01,6.917341722850427546e-03,7.396851098299442014e-04,-2.566871815806670782e-04
1.173000000000000043e+01,7.000768048300068033e-03,4.069117706037113022e-04,-4.042897040843223167e-04
1.174000000000000021e+01,6.946160656619524212e-03,-1.978263859516484749e-05,-5.885579821991715737e-04
1.175000000000000000e+01,6.755106163662138834e-03,-5.226080477089794889e-04,-7.897160101452498603e-04
1.175999999999999979e+01,6.434521649357206365e-03,-1.076973577150429177e-03,-9.829477143777547252e-04
1.176999999999999957e+01,5.994518693844982232e-03,-1.654552368529354925e-03,-1.143022583558469174e-03
1.177999999999999936e+01,5.446415339058060731e-03,-2.226276491566372365e-03,-1.248625936102973951e-03
1.178999999999999915e+01,4.801419116773763748e-03,-2.764647835001093294e-03,-1.285486941920754465e-03
1.180000000000000071e+01,4.069703023524520909e-03,-3.245569929543823222e-03,-1.248314504724286605e-03
1.181000000000000050e+01,3.260294045700415193e-03,-3.649230471648527360e-03,-1.140998145527833546e-03
1.182000000000000028e+01,2.381931126941958139e-03,-3.959858802299259274e-03,-9.749684421617540358e-04
1.183000000000000007e+01,1.443820773894302547e-03,-4.165432583303947840e-03,-7.669705033840738557e-04
1.183999999999999986e+01,4.556130217303204543e-04,-4.258009557729079166e-03,-5.371413187727100370e-04
1.184999999999999964e+01,-5.724121930705560780e-04,-4.233689481592288299e-03,-3.066246198195561102e-04
1.185999999999999943e+01,-1.628140125869339616e-03,-4.091413955127095811e-03,-9.419927905134469143e-05
1.186999999999999922e+01,-2.696319725770864820e-03,-3.831564130613195583e-03,8.683536485172073957e-05
1.188000000000000078e+01,-3.758121585975096688e-03,-3.455346156510795408e-03,2.303106246828710054e-04
1.189000000000000057e+01,-4.791125853738916612e-03,-2.964552381394452985e-03,3.376809364392357581e-04
1.190000000000000036e+01,-5.769414745146870041e-03,-2.361382441312127444e-03,4.176654172950691659e-04
1.191000000000000014e+01,-6.664533907285232449e-03,-1.649085685142492007e-03,4.843732463795219468e-04
1.191999999999999993e+01,-7.447344975301576318e-03,-8.334214371198413965e-04,5.541254283012332768e-04
1.192999999999999972e+01,-8.089382062479253538e-03,7.648172161067410288e-05,6.426536291703416684e-04
1.193999999999999950e+01,-8.563221967695244449e-03,1.068366575276908422e-03,7.634037203077553456e-04
1.194999999999999929e+01,-8.843082895060409843e-03,2.126964254015007230e-03,9.259054875031704065e-04
1.196000000000000085e+01,-8.906157974933695889e-03,3.233479582998364903e-03,1.133874970839415580e-03
1.197000000000000064e+01,-8.733826235101913721e-03,4.365306641762251201e-03,1.384056662658783143e-03
1.198000000000000043e+01,-8.312816459482447531e-03,5.495898609490862223e-03,1.665810063147488747e-03
1.199000000000000021e+01,-7.637303533783258713e-03,6.593818890007184692e-03,1.960502311820084328e-03
1.200000000000000000e+01,-6.711071675391568937e-03,7.621856185639630174e-03,2.241584183236952545e-03
1.200999999999999979e+01,-5.547524171596059268e-03,8.538410920956470557e-03,2.477431085455748371e-03
1.201999999999999957e+01,-4.167756688235146716e-03,9.300861352226378817e-03,2.636363307605580405e-03
1.202999999999999936e+01,-2.599127510190037474e-03,9.868373666239597941e-03,2.690950600141208977e-03
1.203999999999999915e+01,-8.744526790805507528e-04,1.020394131558654237e-02,2.621086789765901016e-03
1.205000000000000071e+01,9.704445075326785302e-04,1.027783370567839603e-02,2.417761652508403254e-03
1.206000000000000050e+01,2.900579048626060561e-03,1.007208224394963783e-02,2.086917602249725983e-03
1.207000000000000028e+01,4.884018898497903202e-03,9.582868543933958233e-03,1.650137167505048982e-03
1.208000000000000007e+01,6.891697409305116290e-03,8.820006470926056857e-03,1.141484152948499470e-03
1.208999999999999986e+01,8.897311295573806511e-03,7.806027124433491393e-03,6.033377982282746169e-04
1.209999999999999964e+01,1.087861809018555830e-02,6.576205587158305381e-03,8.293623986904276693e-05
1.210999999999999943e+01,1.281855894692042995e-02,5.177977735334320618e-03,-3.715487294371012440e-04
1.211999999999999922e+01,1.470506751113514858e-02,3.668662728429413628e-03,-7.160852986660725446e-04
1.213000000000000078e+01,1.653031145606436922e-02,2.112333449108302723e-03,-9.157486973200661389e-04
1.214000000000000057e+01,1.828969014295381626e-02,5.762774508446587372e-04,-9.487929865013983166e-04
1.215000000000000036e+01,1.998021465268301836e-02,-8.731894063066901338e-04,-8.098287229535868197e-04
1.216000000000000014e+01,2.159918255412017485e-02,-2.174503771353676618e-03,-5.109681669191989397e-04
1.216999999999999993e+01,2.314406251896057587e-02,-3.273200067614867245e-03,-8.003558922378013459e-05
1.217999999999999972e+01,2.461214360936320178e-02,-4.124177032264321127e-03,4.424806280868800643e-04
1.218999999999999950e+01,2.599867936115734038e-02,-4.695060120382195563e-03,1.006156261028458418e-03
1.219999999999999929e+01,2.729558162415481742e-02,-4.968510523279863651e-03,1.554731199841713875e-03
1.221000000000000085e+01,2.849303850573706165e-02,-4.941075690667848935e-03,2.033394678168216462e-03
1.222000000000000064e+01,2.958220727988019813e-02,-4.620479644120305089e-03,2.396662292226486423e-03
1.223000000000000043e+01,3.055547199925245233e-02,-4.024920846191638868e-03,2.612695608776161374e-03
1.224000000000000021e+01,3.140478412155987137e-02,-3.183872459120570906e-03,2.664261654023214292e-03
1.225000000000000000e+01,3.212142930795345436e-02,-2.137054411977565987e-03,2.549558856079229587e-03
1.225999999999999979e+01,3.269759906119746456e-02,-9.312667279875811712e-04,2.283206830207122964e-03
1.226999999999999957e+01,3.312722797856394036e-02,3.822764501121283663e-04,1.894881832551672087e-03
1.227999999999999936e+01,3.340556700503357485e-02,1.749498997758494470e-03,1.425320652203454540e-03
1.228999999999999915e+01,3.352915324067106545e-02,3.115489697047730665e-03,9.217785477971295396e-04
1.230000000000000071e+01,3.349625215965142122e-02,4.426996868570810643e-03,4.334896708507580379e-04
1.231000000000000050e+01,3.330649923654039474e-02,5.634038990847246332e-03,6.363940702467216399e-06
1.232000000000000028e+01,3.296014003402097242e-02,6.690972511258891885e-03,-3.221484859961720368e-04
1.233000000000000007e+01,3.245804582159795421e-02,7.558140250243445407e-03,-5.264009412395965733e-04
1.233999999999999986e+01,3.180183406880315172e-02,8.203372197547652289e-03,-5.944818967867089143e-04
1.234999999999999964e+01,3.099275323829327189e-02,8.601963848344064065e-03,-5.298869518511635643e-04
1.235999999999999943e+01,3.002994814628993231e-02,8.735751930743091906e-03,-3.522020297412680693e-04
1.236999999999999922e+01,2.890985225620695820e-02,8.593045490634403441e-03,-9.511025120053124443e-05
1.238000000000000078e+01,2.762709682262621050e-02,8.169788488992841755e-03,1.983498912169532442e-04
1.239000000000000057e+01,2.617601136638272874e-02,7.470992539595050150e-03,4.818222692970198194e-04
1.240000000000000036e+01,2.455205815734031946e-02,6.511747931577480109e-03,7.116992235435796879e-04
1.241000000000000014e+01,2.275298181694973554e-02,5.317576893032949746e-03,8.524128997126625366e-04
1.241999999999999993e+01,2.077942356680112512e-02,3.923887134779052537e-03,8.802242263450696207e-04
1.242999999999999972e+01,1.863513760597720892e-02,2.374699013507656446e-03,7.853275024969527370e-04
1.243999999999999950e+01,1.632721122824602744e-02,7.211025305720795931e-04,5.725150193671868937e-04
1.244999999999999929e+01,1.386617895106404506e-02,-9.805995636361143110e-04,2.602909764325259155e-04
1.246000000000000085e+01,1.126592686185196382e-02,-2.671089527582133118e-03,-1.215137577505029289e-04
1.247000000000000064e+01,8.543653800349593902e-03,-4.290223699859343348e-03,-5.350745174627892725e-04
1.248000000000000043e+01,5.719539070516256943e-03,-5.779476651818405211e-03,-9.388205152339559097e-04
1.249000000000000021e+01,2.815619932858607743e-03,-7.085039192551860314e-03,-1.292620764538393065e-03
1.250000000000000000e+01,-1.452071940465091203e-04,-8.160554317699688157e-03,-1.562492261626931885e-03
1.250999999999999979e+01,-3.139114592955277467e-03,-8.968466774103876077e-03,-1.723479432498432667e-03
1.251999999999999957e+01,-6.141511847040742773e-03,-9.481247457170095122e-03,-1.761745051664379480e-03
1.252999999999999936e+01,-9.128898038698408934e-03,-9.683876623975986447e-03,-1.677086838444077346e-03
1.253999999999999915e+01,-1.208071405933538664e-02,-9.575834612719158478e-03,-1.484022498371896691e-03
1.255000000000000071e+01,-1.497857595397343589e-02,-9.169963126372877166e-03,-1.208891414139227818e-03
1.256000000000000050e+01,-1.780384926063271686e-02,-8.489219688769955238e-03,-8.843186733683608934e-04
1.257000000000000028e+01,-2.053670615626867341e-02,-7.564556911897858497e-03,-5.446855392913801551e-04
1.258000000000000007e+01,-2.315689596484796914e-02,-6.434217676610443776e-03,-2.232410861791074964e-04
1.258999999999999986e+01,-2.564395286447300124e-02,-5.142218732742482624e-03,5.109296176728538502e-05
1.259999999999999964e+01,-2.797659782999736486e-02,-3.735852003242808375e-03,2.571314774983320139e-04
1.260999999999999943e+01,-3.013305557676923541e-02,-2.264003403639731991e-03,3.830604262267827721e-04
1.261999999999999922e+01,-3.209219340119618541e-02,-7.762545451633849061e-04,4.262869995534937441e-04
1.263000000000000078e+01,-3.383395534977873265e-02,6.787057387419914494e-04,3.930450014006014927e-04
1.264000000000000057e+01,-3.533915343874530907e-02,2.055229202142236974e-03,2.977480507547677077e-04
1.265000000000000036e+01,-3.658970256625275475e-02,3.312258511299823877e-03,1.611279398676622714e-04
1.266000000000000014e+01,-3.756912887900717979e-02,4.414396090595245833e-03,7.550657860551189329e-06
1.266999999999999993e+01,-3.826269851179148890e-02,5.333099359304259088e-03,-1.375686860812952862e-04
1.267999999999999972e+01,-3.865764483007459729e-02,6.047485498306716216e-03,-2.504569564992450178e-04
1.268999999999999950e+01,-3.874408156341670878e-02,6.544140838618060785e-03,-3.120756776574253825e-04
1.269999999999999929e+01,-3.851624666230406280e-02,6.816299306765640290e-03,-3.109631883355943910e-04
1.271000000000000085e+01,-3.797358963397984982e-02,6.862901974812445419e-03,-2.450982173089371382e-04
1.272000000000000064e+01,-3.712153547871380188e-02,6.687733406355615348e-03,-1.224862895441724577e-04
1.273000000000000043e+01,-3.597169901921542373e-02,6.298886160141508629e-03,3.975144084529637015e-05
1.274000000000000021e+01,-3.454182308503381954e-02,5.708300367546398184e-03,2.173756077748741414e-04
1.275000000000000000e+01,-3.285629041892913771e-02,4.930558082821672079e-03,3.810561646234587505e-04
1.275999999999999979e+01,-3.094674496738234956e-02,3.981441651935205966e-03,4.986655908847435021e-04
1.276999999999999957e+01,-2.885083124619560249e-02,2.878274755471810220e-03,5.395071910559167978e-04
1.277999999999999936e+01,-2.660870505580664735e-02,1.642366345341607012e-03,4.803374771899349789e-04
1.278999999999999915e+01,-2.425972529366494934e-02,3.010909851522621276e-04,3.102402058753140138e-04
1.280000000000000071e+01,-2.184080358402272840e-02,-1.111900622814189195e-03,3.251920814206001606e-05
1.281000000000000050e+01,-1.938514191973397804e-02,-2.557061633606861652e-03,-3.352377409301920941e-04
1.282000000000000028e+01,-1.692087249384233161e-02,-3.989408653345100086e-03,-7.623830905309658028e-04
1.283000000000000007e+01,-1.447119826738423737e-02,-5.360609429143974383e-03,-1.209072854923380624e-03
1.283999999999999986e+01,-1.205585223838720466e-02,-6.622423207262136818e-03,-1.632116555119137368e-03
1.284999999999999964e+01,-9.691300897064634295e-03,-7.728819406841585214e-03,-1.989700570547121763e-03
1.285999999999999943e+01,-7.389692633774889996e-03,-8.636712264396367161e-03,-2.244554763887336366e-03
1.286999999999999922e+01,-5.159603147739600520e-03,-9.308304890271665299e-03,-2.368226393225991884e-03
1.288000000000000078e+01,-3.008794642996347538e-03,-9.715158582509772836e-03,-2.346220548965720527e-03
1.289000000000000057e+01,-9.454618651258198114e-04,-9.840357462068028901e-03,-2.180110022829738828e-03
1.290000000000000036e+01,1.022842014822118945e-03,-9.677923581428595975e-03,-1.885750749261992350e-03
1.291000000000000014e+01,2.889004649300217897e-03,-9.233078359980139913e-03,-1.491365989867937756e-03
1.291999999999999993e+01,4.643681882895232815e-03,-8.524518032600420653e-03,-1.036856209771062779e-03
1.292999999999999972e+01,6.273982874478781051e-03,-7.584839273631496272e-03,-5.707131214714040437e-04
1.293999999999999950e+01,7.765681963421355687e-03,-6.456991645117238741e-03,-1.428564550522178739e-04
1.294999999999999929e+01,9.105473371608201888e-03,-5.190359092796884184e-03,2.024273778987454773e-04
1.296000000000000085e+01,1.027996254915600031e-02,-3.839871137818656136e-03,4.295892810518794924e-04
1.297000000000000064e+01,1.127371434677396263e-02,-2.465863532627363217e-03,5.130134877700425530e-04
1.298000000000000043e+01,1.207024638416192945e-02,-1.130863176946878554e-03,4.399789075670637595e-04
1.299000000000000021e+01,1.265501067257253885e-02,1.056107304896075920e-04,2.141318523362066865e-04
1.300000000000000000e+01,1.301657945355997811e-02,1.190299739168881182e-03,-1.444927225557579001e-04
1.300999999999999979e+01,1.314591641140217849e-02,2.077305012177496635e-03,-6.028827747385725631e-04
1.301999999999999957e+01,1.303685217977093927e-02,2.730089360950315423e-03,-1.118439597411131567e-03
1.302999999999999936e+01,1.268807541597497326e-02,3.124610972097441926e-03,-1.641699730958195817e-03
1.303999999999999915e+01,1.210341158222459634e-02,3.250290789376071750e-03,-2.121220243961541990e-03
1.305000000000000071e+01,1.128949007319041131e-02,3.107918729938818903e-03,-2.510930577851950510e-03
1.306000000000000050e+01,1.025416859633358768e-02,2.707922348232520704e-03,-2.775922876756519060e-03
1.307000000000000028e+01,9.007640599998704284e-03,2.070951722453694219e-03,-2.894325787397438159e-03
1.308000000000000007e+01,7.563300024171615461e-03,1.227856944254519887e-03,-2.858017082973970165e-03
1.308999999999999986e+01,5.936015974542344607e-03,2.167578605291778479e-04,-2.674402844475527469e-03
1.309999999999999964e+01,4.140811371317209069e-03,-9.197073789777432526e-04,-2.366200422875834770e-03
1.310999999999999943e+01,2.195095033366844649e-03,-2.133752775621170199e-03,-1.966309044671425265e-03
1.311999999999999922e+01,1.219034043462035888e-04,-3.370987215930669814e-03,-1.510876410243944257e-03
1.313000000000000078e+01,-2.049933045914129580e-03,-4.572200171695814039e-03,-1.035215338579743372e-03
1.314000000000000057e+01,-4.287797123363448239e-03,-5.677396047735836469e-03,-5.720163882469021365e-04
1.315000000000000036e+01,-6.556106349261378412e-03,-6.628599657007769146e-03,-1.487442936388393426e-04
1.316000000000000014e+01,-8.816154653938897481e-03,-7.371550718667478110e-03,2.152962594551253734e-04
1.316999999999999993e+01,-1.102756427639154865e-02,-7.858792281779216141e-03,5.094423915828842067e-04
1.317999999999999972e+01,-1.315128577256693618e-02,-8.053973423640649332e-03,7.297912743387111783e-04
1.318999999999999950e+01,-1.515161928328680879e-02,-7.934722319911784519e-03,8.776317035249837396e-04
1.319999999999999929e+01,-1.699650072772056555e-02,-7.493269293787645571e-03,9.590519816318731619e-04
1.321000000000000085e+01,-1.865764544122028301e-02,-6.736399025381573265e-03,9.841972358670767612e-04
1.322000000000000064e+01,-2.011142133295608023e-02,-5.685607199166773859e-03,9.654265846674373172e-04
1.323000000000000043e+01,-2.133960606874039587e-02,-4.376629681205107016e-03,9.153979311560162023e-04
1.324000000000000021e+01,-2.232925245907724926e-02,-2.857612585697406199e-03,8.460140558939474240e-04
1.325000000000000000e+01,-2.307193203427027398e-02,-1.186275824697717541e-03,7.680480997006928134e-04
1.325999999999999979e+01,-2.356289018127133081e-02,5.732885598672302985e-04,6.909557787180847397e-04
1.326999999999999957e+01,-2.380019704502588443e-02,2.353980110608868727e-03,6.228110660744896540e-04
1.327999999999999936e+01,-2.378361195055817001e-02,4.089371398337491095e-03,5.706437748730804321e-04
1.328999999999999915e+01,-2.351300063334386958e-02,5.717732476491267993e-03,5.412938202440307741e-04
1.330000000000000071e+01,-2.298674753765404116e-02,7.185819703562217574e-03,5.422662698930052040e-04
1.331000000000000050e+01,-2.220110761158524543e-02,8.451370848694324603e-03,5.816063723277342104e-04
1.332000000000000028e+01,-2.115102805987045462e-02,9.483711015816364415e-03,6.663343792867514005e-04
1.333000000000000007e+01,-1.983173820976625451e-02,1.026315738126856551e-02,8.003106559749203651e-04
1.333999999999999986e+01,-1.823977736439476305e-02,1.078056305130309887e-02,9.830262727529245383e-04
1.334999999999999964e+01,-1.637321689946734035e-02,1.103725236000821508e-02,1.209632578282852792e-03
1.335999999999999943e+01,-1.423240424800036388e-02,1.104403723466246615e-02,1.470885798076197910e-03
1.336999999999999922e+01,-1.182205303178813886e-02,1.081854572631428361e-02,1.752214357089210183e-03
1.338000000000000078e+01,-9.153117003136822943e-03,1.038251082542740629e-02,2.033512375548663254e-03
1.339000000000000057e+01,-6.242485394405855939e-03,9.761047170196900102e-03,2.291523762773122180e-03
1.340000000000000036e+01,-3.111496985026184804e-03,8.982940744570693317e-03,2.503536492671784661e-03
1.341000000000000014e+01,2.141170488992225312e-04,8.079365654237105274e-03,2.649480138487823270e-03
1.341999999999999993e+01,3.703223614330237133e-03,7.081452004119831445e-03,2.712620701833046329e-03
1.342999999999999972e+01,7.320169957300446881e-03,6.019721896673168454e-03,2.681667358671847856e-03
1.343999999999999950e+01,1.102781093992744564e-02,4.925651107478878736e-03,2.554289441190258757e-03
1.344999999999999929e+01,1.478949520897410337e-02,3.832152176565484583e-03,2.338615549843859297e-03
1.346000000000000085e+01,1.856851126294219514e-02,2.771507463808401284e-03,2.051214330340798975e-03
1.347000000000000064e+01,2.232682057680924689e-02,1.772656608409782899e-03,1.713631596955203550e-03
1.348000000000000043e+01,2.602412429980463168e-02,8.589701883639554256e-04,1.348876688083869334e-03
1.349000000000000021e+01,2.961639161655260991e-02,4.571907712299837711e-05,9.773670145587730600e-04
1.350000000000000000e+01,3.305482995138286223e-02,-6.617075452121897253e-04,6.136817616125030258e-04
1.350999999999999979e+01,3.628817864891758366e-02,-1.265942501375277385e-03,2.671778385339837383e-04
1.351999999999999957e+01,3.926785342219148156e-02,-1.772700786952480711e-03,-5.416190314374851354e-05
1.352999999999999936e+01,4.195147168792915521e-02,-2.187354599191935079e-03,-3.413962561413389288e-04
1.353999999999999915e+01,4.430272471482227248e-02,-2.515118400855981002e-03,-5.859205901560493287e-04
1.355000000000000071e+01,4.629080767927690188e-02,-2.761629991824133493e-03,-7.810584931316707537e-04
1.356000000000000050e+01,4.789230983403990061e-02,-2.931041407551461878e-03,-9.209999918309620150e-04
1.357000000000000028e+01,4.909363611601199467e-02,-3.023608264249614055e-03,-9.991195120133203322e-04
1.358000000000000007e+01,4.989077708143881823e-02,-3.035997435689787114e-03,-1.008902026962495277e-03
1.358999999999999986e+01,5.028699163677652351e-02,-2.963716234125393471e-03,-9.467598954586750170e-04
1.359999999999999964e+01,5.029122893335588595e-02,-2.802775928633120459e-03,-8.137021333442322722e-04
1.360999999999999943e+01,4.991781173968973945e-02,-2.550031588376880549e-03,-6.152409522505579995e-04
1.361999999999999922e+01,4.918571028740038875e-02,-2.203851954674366630e-03,-3.612140624714722781e-04
1.363000000000000078e+01,4.811707099482719074e-02,-1.765427866614136540e-03,-6.587462164103945260e-05
1.364000000000000057e+01,4.673630304141741104e-02,-1.239388764492957776e-03,2.530062501660557410e-04
1.365000000000000036e+01,4.506999779013882296e-02,-6.334479020551089757e-04,5.761573191154309046e-04
1.366000000000000014e+01,4.314665479500361805e-02,4.188526771493977189e-05,8.847200048773641102e-04
1.366999999999999993e+01,4.099596857146980966e-02,7.732698056711611190e-04,1.161631144714188324e-03
1.367999999999999972e+01,3.864818626390497530e-02,1.544677305723938946e-03,1.392841836251620382e-03
1.368999999999999950e+01,3.613315316967632279e-02,2.337324269508061266e-03,1.567886391940925134e-03
1.369999999999999929e+01,3.347827105876947235e-02,3.128624882919682233e-03,1.679017851655332941e-03
1.371000000000000085e+01,3.070598062356379165e-02,3.890801744392251987e-03,1.719618449685817677e-03
1.372000000000000064e+01,2.783222248655018230e-02,4.590626579982132194e-03,1.683447823325118827e-03
1.373000000000000043e+01,2.486631053217983750e-02,5.190704283351606912e-03,1.565183056107345271e-03
1.374000000000000021e+01,2.181191623078721983e-02,5.651936147646629931e-03,1.361865345867993614e-03
1.375000000000000000e+01,1.866927774720245764e-02,5.937176209355451116e-03,1.075198098460053778e-03
1.375999999999999979e+01,1.543830088424076596e-02,6.015618505013532215e-03,7.141395080412845254e-04
1.376999999999999957e+01,1.212101607697993293e-02,5.866250887526587750e-03,2.960743992353992546e-04
1.377999999999999936e+01,8.722532161026468056e-03,5.479428098602100172e-03,-1.543060846275001534e-04
1.378999999999999915e+01,5.251418586070086443e-03,4.857455090668556970e-03,-6.073227026475550320e-04
1.380000000000000071e+01,1.720359996963062316e-03,4.015008678321837533e-03,-1.030736754935627879e-03
1.381000000000000050e+01,-1.853184822994218472e-03,2.979127301487444635e-03,-1.392294525319387032e-03
1.382000000000000028e+01,-5.446518062384721540e-03,1.788586501324733241e-03,-1.662316532268642410e-03
1.383000000000000007e+01,-9.031526222320082273e-03,4.926040317210376909e-04,-1.816161912526227922e-03
1.383999999999999986e+01,-1.257569672198623548e-02,-8.519585309842624089e-04,-1.837199285493065250e-03
1.384999999999999964e+01,-1.604477184624841790e-02,-2.185219769673470754e-03,-1.720412383829809022e-03
1.385999999999999943e+01,-1.940558912545586878e-02,-3.449120623035894975e-03,-1.474895379180253974e-03
1.386999999999999922e+01,-2.262757033884555194e-02,-4.590803423935601105e-03,-1.123580292904761318e-03
1.388000000000000078e+01,-2.568351874294426407e-02,-5.565079727161158230e-03,-7.009698462940212611e-04
1.389000000000000057e+01,-2.855092226042899375e-02,-6.337094148938232988e-03,-2.503326008228359020e-04
1.390000000000000036e+01,-3.121283713053733117e-02,-6.884180835080969812e-03,1.802153337082593849e-04
1.391000000000000014e+01,-3.365697455877687816e-02,-7.195501714417021182e-03,5.436284873614288761e-04
1.391999999999999993e+01,-3.587399284662890625e-02,-7.270490411129639993e-03,8.002397871174541212e-04
1.392999999999999972e+01,-3.785685149696024765e-02,-7.117996458930814924e-03,9.220518898889658050e-04
1.393999999999999950e+01,-3.960104256927578920e-02,-6.755970379815661592e-03,8.948426125117271788e-04
1.394999999999999929e+01,-4.110434808836518905e-02,-6.210366384596048735e-03,7.192544353991685508e-04
1.396000000000000085e+01,-4.236596780649787980e-02,-5.513159360791982343e-03,4.109568404253737981e-04
1.397000000000000064e+01,-4.338592308164288674e-02,-4.700449841674205799e-03,-9.554373433095607185e-07
1.398000000000000043e+01,-4.416518712869255125e-02,-3.811168689680839109e-03,-4.775278438459716656e-04
1.399000000000000021e+01,-4.470599778946782177e-02,-2.885888736141217943e-03,-9.745257682164873425e-04
1.400000000000000000e+01,-4.501164578780277731e-02,-1.965091732126558136e-03,-1.446857694063216800e-03
1.400999999999999979e+01,-4.508582325385030593e-02,-1.087043697289161084e-03,-1.852485418080956642e-03
1.401999999999999957e+01,-4.493238261999524252e-02,-2.861964431783985564e-04,-2.156263212582068111e-03
1.402999999999999936e+01,-4.455604185977773968e-02,4.073042049261553521e-04,-2.333844843384835343e-03
1.403999999999999915e+01,-4.396321902632319145e-02,9.677997119989868767e-04,-2.374496270369566391e-03
1.405000000000000071e+01,-4.316157082630043412e-02,1.375388544239736785e-03,-2.281217874765855119e-03
1.406000000000000050e+01,-4.215823647452960482e-02,1.618228876999706130e-03,-2.068261616479687235e-03
1.407000000000000028e+01,-4.095858706285525341e-02,1.694014879872421213e-03,-1.758102250957657101e-03
1.408000000000000007e+01,-3.956655124405444868e-02,1.609534955054836352e-03,-1.379209123582015879e-03
1.408999999999999986e+01,-3.798540041207396772e-02,1.379451998483485851e-03,-9.637489856937869574e-04
1.409999999999999964e+01,-3.621752416563416704e-02,1.025806950030581964e-03,-5.440482940505382515e-04
1.410999999999999943e+01,-3.426338048300461153e-02,5.780784303077839701e-04,-1.483837466630806806e-04
1.411999999999999922e+01,-3.212084042971531661e-02,7.259604356252451272e-05,2.022965875969450075e-04
1.413000000000000078e+01,-2.978546181047119976e-02,-4.491843852086477903e-04,4.959226841833431045e-04
1.414000000000000057e+01,-2.725143685063403237e-02,-9.432154076490618195e-04,7.292751155666589305e-04
1.415000000000000036e+01,-2.451315079896031202e-02,-1.366042159158547707e-03,9.064964839068119897e-04
1.416000000000000014e+01,-2.156744568013463370e-02,-1.678613871934765732e-03,1.036242647164289541e-03
1.416999999999999993e+01,-1.841577276179841641e-02,-1.849784321735647606e-03,1.128574395137393969e-03
1.417999999999999972e+01,-1.506500588818742402e-02,-1.858178710919284422e-03,1.193073552738439661e-03
1.418999999999999950e+01,-1.152709980537763163e-02,-1.692564733181454919e-03,1.238148478807663553e-03
1.419999999999999929e+01,-7.819127000233530578e-03,-1.352244099186874268e-03,1.270087851557804778e-03
1.421000000000000085e+01,-3.964318953794915973e-03,-8.480707221215561583e-04,1.291362237320051089e-03
1.422000000000000064e+01,7.252102926730436547e-06,-2.027151134863296677e-04,1.299667220901834595e-03
1.423000000000000043e+01,4.059875522634669165e-03,5.513234394270856951e-04,1.289235245437599618e-03
1.424000000000000021e+01,8.154868994004008456e-03,1.375449583104620087e-03,1.253813967889069562e-03
1.425000000000000000e+01,1.225277987424994511e-02,2.228402945990131702e-03,1.189124601776986919e-03
1.425999999999999979e+01,1.631391305981750792e-02,3.068084369555845996e-03,1.093429082944310854e-03
1.426999999999999957e+01,2.029769673091180379e-02,3.852234145951428847e-03,9.667084758193277743e-04
1.427999999999999936e+01,2.416208823239021294e-02,4.539131227984467311e-03,8.097318416777207414e-04
1.428999999999999915e+01,2.786363286115878940e-02,5.088887721800232702e-03,6.236971257676647172e-04
1.430000000000000071e+01,3.135816832454429298e-02,5.465277550710268342e-03,4.104550403950264618e-04
1.431000000000000050e+01,3.460224050381850019e-02,5.638095868898167912e-03,1.733431585542650241e-04
1.432000000000000028e+01,3.755520815480305891e-02,5.585944811845453516e-03,-8.148316774514963135e-05
1.433000000000000007e+01,4.018135633408543433e-02,5.298682653565678011e-03,-3.440083191449330052e-04
1.433999999999999986e+01,4.245120914827955200e-02,4.778667490294728759e-03,-6.004564704536463886e-04
1.434999999999999964e+01,4.434222193844249843e-02,4.040952497460455206e-03,-8.343018263216559231e-04
1.435999999999999943e+01,4.583932598477329090e-02,3.112912280129371319e-03,-1.027597411537576255e-03
1.436999999999999922e+01,4.693488742649214868e-02,2.032895266268997577e-03,-1.162896087710745419e-03
1.438000000000000078e+01,4.762777409701975800e-02,8.476637145358065185e-04,-1.225848458948752134e-03
1.439000000000000057e+01,4.792271328681389775e-02,-3.901060855092117804e-04,-1.207069915021712330e-03
1.440000000000000036e+01,4.783095469861246840e-02,-1.623172004680877413e-03,-1.102149516245842916e-03
1.441000000000000014e+01,4.737085674488630826e-02,-2.791242458012549096e-03,-9.111879883564085857e-04
1.441999999999999993e+01,4.656646883899030753e-02,-3.834499803928551661e-03,-6.397778145645164347e-04
1.442999999999999972e+01,4.544476601275102001e-02,-4.698339585630146101e-03,-3.006651166238032071e-04
1.443999999999999950e+01,4.403385454138678684e-02,-5.336867431685494122e-03,8.629618341246853724e-05
1.444999999999999929e+01,4.236277634573253764e-02,-5.714431602203496989e-03,4.964218387102820344e-04
1.446000000000000085e+01,4.046158403638617368e-02,-5.806470358071847554e-03,9.031251937883439437e-04
1.447000000000000064e+01,3.836067219046025017e-02,-5.600654022682816612e-03,1.280207014062967373e-03
1.448000000000000043e+01,3.608933657637843073e-02,-5.098312317429637072e-03,1.603268450387213776e-03
1.449000000000000021e+01,3.367393027684243562e-02,-4.315740759787383383e-03,1.850480979444971141e-03
1.450000000000000000e+01,3.113645036387375706e-02,-3.284533339207620396e-03,2.003447901859811871e-03
1.450999999999999979e+01,2.849456215584140681e-02,-2.049960245016468896e-03,2.049029215500516692e-03
1.451999999999999957e+01,2.576291718413665013e-02,-6.676186113950317467e-04,1.981783279417933218e-03
1.452999999999999936e+01,2.295445188130421088e-02,8.002095821707969981e-04,1.805516597523879833e-03
1.453999999999999915e+01,2.008103970160337801e-02,2.287740484189550779e-03,1.533231021962018709e-03
1.455000000000000071e+01,1.715414395967633163e-02,3.728940000331752453e-03,1.186160294097537678e-03
1.456000000000000050e+01,1.418600680332750795e-02,5.061254200687878915e-03,7.925476105614318164e-04
1.457000000000000028e+01,1.119097170003972332e-02,6.229285306181978413e-03,3.859219572558695221e-04
1.458000000000000007e+01,8.186211281049831506e-03,7.187568565010893189e-03,2.375486692205381736e-06
1.458999999999999986e+01,5.191423467940058795e-03,7.901932092227455240e-03,-3.232669167919401121e-04
1.459999999999999964e+01,2.227596097098777893e-03,8.349503960225664045e-03,-5.618751816299023989e-04
1.460999999999999943e+01,-6.843294771774801602e-04,8.518195196116601364e-03,-6.937939585674882462e-04
1.461999999999999922e+01,-3.524106694374442433e-03,8.406456502760043317e-03,-7.108789643593549238e-04
1.463000000000000078e+01,-6.272415485513029021e-03,8.023045720266233291e-03,-6.169190145257251933e-04
1.464000000000000057e+01,-8.911330227266620746e-03,7.386171939310058089e-03,-4.270933773335642137e-04
1.465000000000000036e+01,-1.142460728898133868e-02,6.522466176111694006e-03,-1.661627074555945666e-04
1.466000000000000014e+01,-1.379703722927855432e-02,5.466565099359273032e-03,1.350999326965907662e-04
1.466999999999999993e+01,-1.601357902964940447e-02,4.260616079258971838e-03,4.441352463953815986e-04
1.467999999999999972e+01,-1.805956321641881412e-02,2.952461474639103602e-03,7.298070024894603124e-04
1.468999999999999950e+01,-1.992148688511719001e-02,1.593055826900365794e-03,9.647660274484149995e-04
1.469999999999999929e+01,-2.158694884996511729e-02,2.346496670081659266e-04,1.128153342341807691e-03
1.471000000000000085e+01,-2.304417103513025505e-02,-1.070639391646597931e-03,1.207939593894365431e-03
1.472000000000000064e+01,-2.428285893811879537e-02,-2.273545411222114600e-03,1.201006786787662270e-03
1.473000000000000043e+01,-2.529604653174198983e-02,-3.331203627604347860e-03,1.111380322962344938e-03
1.474000000000000021e+01,-2.608070793538455265e-02,-4.209214451613966894e-03,9.489715949458467706e-04
1.475000000000000000e+01,-2.663685937587788669e-02,-4.881894289758915984e-03,7.292062415027551151e-04
1.475999999999999979e+01,-2.696713284766792673e-02,-5.332675147184256365e-03,4.716539733774970859e-04
1.476999999999999957e+01,-2.707734758982095410e-02,-5.555155401197632396e-03,1.973304015404981813e-04
1.477999999999999936e+01,-2.697640910382335250e-02,-5.553113761790459853e-03,-7.341504562633056842e-05
1.478999999999999915e+01,-2.667499875833503203e-02,-5.338969377516970642e-03,-3.217177688440494708e-04
1.480000000000000071e+01,-2.618463157018615164e-02,-4.932313092484806073e-03,-5.311913596448302778e-04
1.481000000000000050e+01,-2.551796527234857434e-02,-4.359431479320689459e-03,-6.898347795484046242e-04
1.482000000000000028e+01,-2.468955882988910569e-02,-3.653043731079218346e-03,-7.918690781533499522e-04
1.483000000000000007e+01,-2.371655767642262200e-02,-2.851750470214897519e-03,-8.388313628471374874e-04
1.483999999999999986e+01,-2.261936962080209404e-02,-1.999288084508515743e-03,-8.399136445001368191e-04
1.484999999999999964e+01,-2.142158783975654790e-02,-1.142891071790063957e-03,-8.108342789163701120e-04
1.485999999999999943e+01,-2.014861681024034470e-02,-3.302968215191858458e-04,-7.708845395434058305e-04
1.486999999999999922e+01,-1.882623608898316772e-02,3.932708701673741174e-04,-7.396837582297268203e-04
1.488000000000000078e+01,-1.748022092600297339e-02,9.869325542540619608e-04,-7.350408848886652276e-04
1.489000000000000057e+01,-1.613608491505724718e-02,1.415668871869801100e-03,-7.711971383944322489e-04
1.490000000000000036e+01,-1.481805124815851159e-02,1.652353267641998909e-03,-8.567492885392927931e-04
1.491000000000000014e+01,-1.354825138249415861e-02,1.679243664911178602e-03,-9.934183954497784273e-04
1.491999999999999993e+01,-1.234682220029609950e-02,1.488229080735954148e-03,-1.176392297167024991e-03
1.492999999999999972e+01,-1.123177588890920432e-02,1.080948760461197030e-03,-1.395070083816424278e-03
1.493999999999999950e+01,-1.021808883721647167e-02,4.693312045736852721e-04,-1.633583651175761617e-03
1.494999999999999929e+01,-9.317260281337601605e-03,-3.246965583917179243e-04,-1.872242428964433726e-03
1.496000000000000085e+01,-8.538023236252679365e-03,-1.270977136941643312e-03,-2.090376677635080987e-03
1.497000000000000064e+01,-7.887367752696529399e-03,-2.333459572985483246e-03,-2.269447833350294545e-03
1.498000000000000043e+01,-7.371361951379532332e-03,-3.472508478319971323e-03,-2.395622151543826996e-03
1.499000000000000021e+01,-6.995679592042714640e-03,-4.647013728000147330e-03,-2.461490999900469486e-03
1.500000000000000000e+01,-6.764881152172316781e-03,-5.815286171088487367e-03,-2.465888066555799781e-03
1.500999999999999979e+01,-6.680302778626596300e-03,-6.934569663963306013e-03,-2.411744380944123422e-03
1.501999999999999957e+01,-6.738796823615606293e-03,-7.961401972124190068e-03,-2.304403179685169528e-03
1.502999999999999936e+01,-6.933717387813823421e-03,-8.854168231700928343e-03,-2.151879455853641064e-03
1.503999999999999915e+01,-7.256213742416592685e-03,-9.575823247674055544e-03,-1.965123334279172095e-03
1.505000000000000071e+01,-7.695018090013988968e-03,-1.009489928830933046e-02,-1.756530531843123214e-03
1.506000000000000050e+01,-8.235996860130769329e-03,-1.038603308008755229e-02,-1.538124684117007706e-03
1.507000000000000028e+01,-8.862939338853671051e-03,-1.043145099224692014e-02,-1.321015771959390545e-03
1.508000000000000007e+01,-9.558757288211629233e-03,-1.022253886942076778e-02,-1.115357953397817055e-03
1.508999999999999986e+01,-1.030627324993033458e-02,-9.760636544296857203e-03,-9.300124115484429202e-04
1.509999999999999964e+01,-1.108927610963770377e-02,-9.057714160934079994e-03,-7.726147162077439626e-04
1.510999999999999943e+01,-1.189366745193320106e-02,-8.136742920906344864e-03,-6.498635385490948409e-04
1.511999999999999922e+01,-1.270728814045322431e-02,-7.030368938878110187e-03,-5.666468451123583177e-04
1.513000000000000078e+01,-1.351872487699598557e-02,-5.778255917566483234e-03,-5.244157023164634215e-04
1.514000000000000057e+01,-1.431683436542489571e-02,-4.424919627108679469e-03,-5.206501089405466852e-04
1.515000000000000036e+01,-1.509092330394276767e-02,-3.018067482686485545e-03,-5.493682769883648101e-04
1.516000000000000014e+01,-1.583034311089596274e-02,-1.606277493064253194e-03,-6.014005993473247897e-04
1.516999999999999993e+01,-1.652417499320031971e-02,-2.367751831338971212e-04,-6.650521372863321115e-04
1.517999999999999972e+01,-1.716225822468169307e-02,1.045374991257909262e-03,-7.282740840189035969e-04
1.518999999999999950e+01,-1.773636240441774439e-02,2.197825570891069700e-03,-7.809334292246395944e-04
1.519999999999999929e+01,-1.823977468308544264e-02,3.182930367017596050e-03,-8.153003721305208734e-04
1.521000000000000085e+01,-1.866617796573523738e-02,3.970207031340950571e-03,-8.256037702396920716e-04
1.522000000000000064e+01,-1.900950658688089351e-02,4.537525913418402265e-03,-8.083432096754239373e-04
1.523000000000000043e+01,-1.926430578931556323e-02,4.871465459177710781e-03,-7.628477693510334924e-04
1.524000000000000021e+01,-1.942528059489889367e-02,4.968127394131615499e-03,-6.907600253514149845e-04
1.525000000000000000e+01,-1.948640207929387344e-02,4.834019172402889870e-03,-5.948841560545571399e-04
1.525999999999999979e+01,-1.944068633419715822e-02,4.485878669425548415e-03,-4.785997966184387655e-04
1.526999999999999957e+01,-1.928066237493036156e-02,3.949447845667294898e-03,-3.458961446331892649e-04
1.527999999999999936e+01,-1.899908610970820616e-02,3.257689434741597133e-03,-2.015810301781671688e-04
1.528999999999999915e+01,-1.858983218051172073e-02,2.448584201498293488e-03,-5.157858576390069545e-05
1.530000000000000071e+01,-1.804846962083919704e-02,1.563079031981378687e-03,9.718448677417538054e-05
1.531000000000000050e+01,-1.737189067214637422e-02,6.438808104538840116e-04,2.378802891414852154e-04
1.532000000000000028e+01,-1.655781432356787097e-02,-2.656752569556632831e-04,3.649403004415020932e-04
1.533000000000000007e+01,-1.560544321731499595e-02,-1.123899387307110680e-03,4.739339504551110492e-04
1.533999999999999986e+01,-1.451663312717399977e-02,-1.893437934218700647e-03,5.608312132335568131e-04
1.534999999999999964e+01,-1.329595991074627656e-02,-2.542690857296246373e-03,6.222865846612108277e-04
1.535999999999999943e+01,-1.195001064494569457e-02,-3.046240963747651100e-03,6.565691940076506241e-04
1.536999999999999922e+01,-1.048763765820640709e-02,-3.386002372047504285e-03,6.633615303724828098e-04
1.538000000000000078e+01,-8.921201676123957300e-03,-3.553067213753505378e-03,6.424582122729179329e-04
1.539000000000000057e+01,-7.266917268120202597e-03,-3.548322917684983147e-03,5.933344532408578714e-04
1.540000000000000036e+01,-5.543373430701488240e-03,-3.380920296007002696e-03,5.164869361098089464e-04
1.541000000000000014e+01,-3.769430967934296779e-03,-3.065851089416616118e-03,4.152126311336145357e-04
1.541999999999999993e+01,-1.962765447111328859e-03,-2.621974714443874727e-03,2.964323942677808688e-04
1.542999999999999972e+01,-1.389411068344446757e-04,-2.070441279022531330e-03,1.706318760705200291e-04
1.543999999999999950e+01,1.689393520986852588e-03,-1.433156168345318905e-03,5.135700746296965104e-05
1.544999999999999929e+01,3.513052736206699785e-03,-7.314719101417730676e-04,-4.579324332427956216e-05
1.546000000000000085e+01,5.326510049068506648e-03,1.475754840891866229e-05,-1.046445002173975423e-04
1.547000000000000064e+01,7.127567207631232103e-03,7.875558296347291926e-04,-1.104004180570750284e-04
1.548000000000000043e+01,8.916071924539675092e-03,1.570207763562926325e-03,-5.227271646549016361e-05
1.549000000000000021e+01,1.069231353093453782e-02,2.346293673609393688e-03,7.408821766653018526e-05
1.550000000000000000e+01,1.245649504672996857e-02,3.099783287836339451e-03,2.659243868122762849e-04
1.550999999999999979e+01,1.420874510526445519e-02,3.815641075380190195e-03,5.139467523599195245e-04
1.551999999999999957e+01,1.594737283336285921e-02,4.478647980092235331e-03,8.018472833263023698e-04
1.552999999999999936e+01,1.766552510219329339e-02,5.070647850683161241e-03,1.104964940819501461e-03
1.553999999999999915e+01,1.934977033378764213e-02,5.569792924375920051e-03,1.391621240015894750e-03
1.555000000000000071e+01,2.098234586750890793e-02,5.953498827066775086e-03,1.628558092181483802e-03
1.556000000000000050e+01,2.254416573745175040e-02,6.202108762324236302e-03,1.787027989750123716e-03
1.557000000000000028e+01,2.401586715137406930e-02,6.300457669151855213e-03,1.846319069742496629e-03
1.558000000000000007e+01,2.537828528366687167e-02,6.238680711308497266e-03,1.795796850516324147e-03
1.558999999999999986e+01,2.661398258421099339e-02,6.013854085359546589e-03,1.636881788393924984e-03
1.559999999999999964e+01,2.770842270569622359e-02,5.631018990747525474e-03,1.383434301829012314e-03
1.560999999999999943e+01,2.864997197137744353e-02,5.102761208834120064e-03,1.059794760466286701e-03
1.561999999999999922e+01,2.943058530207520035e-02,4.449212764104776979e-03,6.985428876948612158e-04
1.563000000000000078e+01,3.004739485555907655e-02,3.698693648301426724e-03,3.384302109925350454e-04
1.564000000000000057e+01,3.050235961560293987e-02,2.886171358663197541e-03,1.997215373611613401e-05
1.565000000000000036e+01,3.079925380356333606e-02,2.048906141347054798e-03,-2.214795151570642627e-04
1.566000000000000014e+01,3.094107444981331403e-02,1.222495342218582340e-03,-3.614780421933936195e-04
1.566999999999999993e+01,3.092942604580703123e-02,4.389799406960483326e-04,-3.890346120790738561e-04
1.567999999999999972e+01,3.076391514685796608e-02,-2.748848432520956250e-04,-3.077381092157438166e-04
1.568999999999999950e+01,3.044102354472347921e-02,-8.996620409454636740e-04,-1.359040267059312542e-04
1.569999999999999929e+01,2.995480838092440604e-02,-1.423181126353143151e-03,9.646613907545383850e-05
1.571000000000000085e+01,2.929953449634624049e-02,-1.838319448488226092e-03,3.536040518742582369e-04
1.572000000000000064e+01,2.847140744348508959e-02,-2.141501221506914455e-03,5.993820072522267886e-04
1.573000000000000043e+01,2.746900832586287797e-02,-2.332345270756250311e-03,8.013153876051276082e-04
1.574000000000000021e+01,2.629453103348838860e-02,-2.412387096967086048e-03,9.348311523222350202e-04
1.575000000000000000e+01,2.495524592794418073e-02,-2.383493680877879235e-03,9.868304001449069648e-04
1.575999999999999979e+01,2.346290203899012786e-02,-2.248282158202755468e-03,9.560351522151546962e-04
1.576999999999999957e+01,2.183212784879079438e-02,-2.011463566684059279e-03,8.512138966704561709e-04
1.577999999999999936e+01,2.008048077418608801e-02,-1.679447744002085128e-03,6.900748906653598721e-04
1.578999999999999915e+01,1.822915541087690230e-02,-1.259220405921729303e-03,4.979724818137505268e-04
1.580000000000000071e+01,1.630180999495047314e-02,-7.590454345649668777e-04,3.041322563392341626e-04
1.581000000000000050e+01,1.432259246859808252e-02,-1.898879876050439891e-04,1.368858897092657624e-04
1.582000000000000028e+01,1.231562642890124751e-02,4.347187501238002137e-04,2.057935297933868407e-05
1.583000000000000007e+01,1.030445889663785496e-02,1.098858241579173415e-03,-2.703829271034464838e-05
1.583999999999999986e+01,8.309611423760743243e-03,1.782620056178579101e-03,1.504180167692103511e-06
1.584999999999999964e+01,6.347026701045664632e-03,2.461511258375493737e-03,1.017075834249547308e-04
1.585999999999999943e+01,4.430088506410010708e-03,3.109531707984517813e-03,2.600531628558001873e-04
1.586999999999999922e+01,2.572064306068448138e-03,3.702662578543904851e-03,4.581311618507290760e-04
1.588000000000000078e+01,7.852599056606664272e-04,4.218988108268502575e-03,6.739458895486646678e-04
1.589000000000000057e+01,-9.205640614275326745e-04,4.637993604793897232e-03,8.828000237419590191e-04
1.590000000000000036e+01,-2.536571733071490281e-03,4.942955229216970670e-03,1.061457312896793570e-03
1.591000000000000014e+01,-4.052123002019323433e-03,5.124243251032809671e-03,1.193061716793145273e-03
1.591999999999999993e+01,-5.455201822312472255e-03,5.179215821922898699e-03,1.268224841705470167e-03
1.592999999999999972e+01,-6.734804454057189901e-03,5.109924844901567176e-03,1.283452139469098410e-03
1.593999999999999950e+01,-7.881172490897817712e-03,4.922789994016794554e-03,1.241093021639910537e-03
1.594999999999999929e+01,-8.884167119577129554e-03,4.629939201031163520e-03,1.150488671157229477e-03
1.596000000000000085e+01,-9.733344694502056235e-03,4.248646801965901693e-03,1.026761570970214851e-03
1.597000000000000064e+01,-1.042025056953627994e-02,3.798401736405510216e-03,8.869522620461586316e-04
1.598000000000000043e+01,-1.094016524749620058e-02,3.298455969883806564e-03,7.466175500695297314e-04
1.599000000000000021e+01,-1.129220195009456029e-02,2.767014409532003293e-03,6.182581776317447103e-04
1.600000000000000000e+01,-1.147918228773199545e-02,2.220670126178879520e-03,5.102992391727229418e-04
1.601000000000000156e+01,-1.150771325350354035e-02,1.673686344446046739e-03,4.262979026279573643e-04
1.601999999999999957e+01,-1.138736002007706069e-02,1.138243996038380184e-03,3.655074262498045454e-04
1.603000000000000114e+01,-1.112926472732927649e-02,6.252949719442627919e-04,3.243628493760395228e-04
1.603999999999999915e+01,-1.074600542504793900e-02,1.442211789980656241e-04,2.969941264894692041e-04
1.605000000000000071e+01,-1.025257605454525656e-02,-2.985567811715556159e-04,2.748609302641559439e-04
1.605999999999999872e+01,-9.666338316786182369e-03,-6.998442241287611536e-04,2.476296963999696701e-04
1.607000000000000028e+01,-9.005362416001803580e-03,-1.058237509049193273e-03,2.057239065774168921e-04
1.607999999999999829e+01,-8.287011826610558157e-03,-1.372881617072794613e-03,1.424691116193902655e-04
1.608999999999999986e+01,-7.527572740508916942e-03,-1.643245164045263693e-03,5.487551384979494779e-05
1.610000000000000142e+01,-6.741176688834441509e-03,-1.868179039675727524e-03,-5.528713120061029329e-05
1.610999999999999943e+01,-5.937299706483466395e-03,-2.043586580326299182e-03,-1.795390623154988067e-04
1.612000000000000099e+01,-5.119418820237228544e-03,-2.161336520360307174e-03,-3.025435614491126858e-04
1.612999999999999901e+01,-4.286723193652312164e-03,-2.211308441866513368e-03,-4.055268332027427689e-04
1.614000000000000057e+01,-3.436355869984179627e-03,-2.183980712730339453e-03,-4.703921173685165764e-04
1.614999999999999858e+01,-2.563125082976647120e-03,-2.070452802882366897e-03,-4.811715050129254309e-04
1.616000000000000014e+01,-1.658341557700588643e-03,-1.861561946090493349e-03,-4.243489881961602195e-04
1.617000000000000171e+01,-7.113333402102766994e-04,-1.549634441224917968e-03,-2.914652205776928589e-04
1.617999999999999972e+01,2.870633881933997876e-04,-1.132096489422376945e-03,-8.301103730087337697e-05
1.619000000000000128e+01,1.342754349287464876e-03,-6.131467499606762031e-04,1.903586434871031301e-04
1.619999999999999929e+01,2.458770344251408509e-03,-3.075899904830036520e-06,5.096799250878981816e-04
1.621000000000000085e+01,3.634587536693166358e-03,6.815622426868077474e-04,8.492445655092484540e-04
1.621999999999999886e+01,4.863753070669217179e-03,1.416313321935770784e-03,1.177110608525305325e-03
1.623000000000000043e+01,6.133305385734177592e-03,2.169221037829790338e-03,1.457872888668186161e-03
1.623999999999999844e+01,7.426396981464127890e-03,2.904608235432676756e-03,1.658689178985667733e-03
1.625000000000000000e+01,8.724502797304876933e-03,3.586509871621298886e-03,1.754401700432324388e-03
1.626000000000000156e+01,1.000651456140117836e-02,4.178983695170318709e-03,1.728702259665094261e-03
1.626999999999999957e+01,1.124757175519412906e-02,4.646127895816322059e-03,1.574094007639468542e-03
1.628000000000000114e+01,1.242113606745223232e-02,4.955261537454542543e-03,1.294061209430917266e-03
1.628999999999999915e+01,1.350253713483880527e-02,5.081381020059868962e-03,9.054802962325250119e-04
1.630000000000000071e+01,1.447035763514912740e-02,5.009154226820523338e-03,4.375714594385760395e-04
1.630999999999999872e+01,1.530636300701674127e-02,4.733112840950715570e-03,-7.169412798808185187e-05
1.632000000000000028e+01,1.599686136796475006e-02,4.258905659366016110e-03,-5.785117214197176699e-04
1.632999999999999829e+01,1.653453052125299777e-02,3.604616820199362144e-03,-1.036127450159318210e-03
1.633999999999999986e+01,1.691752265059200469e-02,2.798967300068980375e-03,-1.400452335241420942e-03
1.635000000000000142e+01,1.714666585674256422e-02,1.877305971731501807e-03,-1.636979371477471608e-03
1.635999999999999943e+01,1.722470627003658966e-02,8.794392399004467105e-04,-1.724511620617288866e-03
1.637000000000000099e+01,1.715788004293731031e-02,-1.503574510555794400e-04,-1.655173100272526844e-03
1.637999999999999901e+01,1.695597322227648113e-02,-1.164949851986794458e-03,-1.434514102023298245e-03
1.639000000000000057e+01,1.662984181924850521e-02,-2.118512176777616329e-03,-1.082695776902222948e-03
1.639999999999999858e+01,1.618980567486590430e-02,-2.969716149029678204e-03,-6.333514945634303442e-04
1.641000000000000014e+01,1.564632903209632955e-02,-3.682450756248903650e-03,-1.289798462213587594e-04
1.642000000000000171e+01,1.501018959437008457e-02,-4.226830965980601061e-03,3.838676060187419460e-04
1.642999999999999972e+01,1.429075044938073018e-02,-4.581822870054277907e-03,8.577844439813920143e-04
1.644000000000000128e+01,1.349479451174418441e-02,-4.736956555599783694e-03,1.248177561759935498e-03
1.644999999999999929e+01,1.262746527443424360e-02,-4.691559901887442860e-03,1.518501952891021956e-03
1.646000000000000085e+01,1.169336905624912201e-02,-4.453484664251707199e-03,1.644634790288579222e-03
1.646999999999999886e+01,1.069619780835057328e-02,-4.038992682427147707e-03,1.616423289891502808e-03
1.648000000000000043e+01,9.638196080235340857e-03,-3.472492925133568477e-03,1.437625355429262078e-03
1.648999999999999844e+01,8.520882511679216814e-03,-2.784755111027825258e-03,1.125664473344143790e-03
1.650000000000000000e+01,7.346187426406009142e-03,-2.010507823588253071e-03,7.104407036720939090e-04
1.651000000000000156e+01,6.117092197793791084e-03,-1.186413659300207188e-03,2.314873545924947995e-04
1.651999999999999957e+01,4.838095467569672806e-03,-3.491687125205640498e-04,-2.658644246350128494e-04
1.653000000000000114e+01,3.515383526417305542e-03,4.660856187046536251e-04,-7.350083665271271108e-04
1.653999999999999915e+01,2.156242472315221276e-03,1.226527356487861408e-03,-1.133242102593962205e-03
1.655000000000000071e+01,7.687896193368845945e-04,1.902635260108360808e-03,-1.426037602812648113e-03
1.655999999999999872e+01,-6.368974603582577918e-04,2.470411016968920240e-03,-1.588980361750184749e-03
1.657000000000000028e+01,-2.047762804166237353e-03,2.913266179017090073e-03,-1.608710323517773509e-03
1.657999999999999829e+01,-3.448584089853165037e-03,3.221819007357425331e-03,-1.484457431425548722e-03
1.658999999999999986e+01,-4.823158836777700215e-03,3.393064800803944746e-03,-1.228617319223793440e-03
1.660000000000000142e+01,-6.153886466301772273e-03,3.430903802413496229e-03,-8.644604202485212585e-04
1.660999999999999943e+01,-7.421333326563999376e-03,3.346430828150981883e-03,-4.228274355933683100e-04
1.662000000000000099e+01,-8.605930110993705029e-03,3.155861996846330130e-03,5.975826685819541891e-05
1.662999999999999901e+01,-9.690138596765604864e-03,2.877832872148947119e-03,5.430004267245874946e-04
1.664000000000000057e+01,-1.065879330455625842e-02,2.532426385645667258e-03,9.867565844434752608e-04
1.664999999999999858e+01,-1.149912051407279805e-02,2.140463677626537348e-03,1.355079224310468773e-03
1.666000000000000014e+01,-1.220238879371263532e-02,1.721153071602532503e-03,1.618091498067259848e-03
1.667000000000000171e+01,-1.276526646111759630e-02,1.290090751729790859e-03,1.753424092870719967e-03
1.667999999999999972e+01,-1.318873145433342546e-02,8.598005945665053787e-04,1.749151292818212824e-03
1.669000000000000128e+01,-1.347646528082025764e-02,4.408660425466506545e-04,1.606045975243093702e-03
1.669999999999999929e+01,-1.363514722528553526e-02,4.123128416693818196e-05,1.336652450113662727e-03
1.671000000000000085e+01,-1.367504493462907110e-02,-3.347019736586495479e-04,9.629224001504644746e-04
1.671999999999999886e+01,-1.360855586278019239e-02,-6.848359782150910272e-04,5.149535928384153631e-04
1.673000000000000043e+01,-1.344798871976631005e-02,-1.007328792507184920e-03,2.969988441830628885e-05
1.673999999999999844e+01,-1.320475123111556313e-02,-1.299944650516854719e-03,-4.522776032671993311e-04
1.675000000000000000e+01,-1.288941063875316019e-02,-1.560279633846926254e-03,-8.911091862447359513e-04
1.676000000000000156e+01,-1.251151060311722629e-02,-1.785743320218878983e-03,-1.251431366164088314e-03
1.676999999999999957e+01,-1.207958822336624438e-02,-1.973736375542653639e-03,-1.505782295580153016e-03
1.678000000000000114e+01,-1.160154091776685430e-02,-2.122163294345993153e-03,-1.637404188579600359e-03
1.678999999999999915e+01,-1.108469841664366622e-02,-2.229623845842370559e-03,-1.641585298680309961e-03
1.680000000000000071e+01,-1.053600886208345445e-02,-2.295683956629191412e-03,-1.525859224812068336e-03
1.680999999999999872e+01,-9.962987695367787194e-03,-2.321856954346905068e-03,-1.309713940542714568e-03
1.682000000000000028e+01,-9.374560389248916617e-03,-2.312400368969254934e-03,-1.023037662569753698e-03
1.682999999999999829e+01,-8.780923105132683315e-03,-2.274042585018072604e-03,-7.026709597969599741e-04
1.683999999999999986e+01,-8.193027257990422724e-03,-2.215258970573850787e-03,-3.880574709199788763e-04
1.685000000000000142e+01,-7.622049786384556096e-03,-2.145483461885269727e-03,-1.168020620288756043e-04
1.685999999999999943e+01,-7.078256274853319575e-03,-2.073697241526066288e-03,7.999286072067530475e-05
1.687000000000000099e+01,-6.569770594847287697e-03,-2.006953015465622395e-03,1.816610836873164161e-04
1.687999999999999901e+01,-6.102343220700120162e-03,-1.949959753843286646e-03,1.797766433977365721e-04
1.689000000000000057e+01,-5.679043195356342152e-03,-1.904668731347621555e-03,7.876272095125034828e-05
1.689999999999999858e+01,-5.298546294531825476e-03,-1.868563202435815458e-03,-1.034281084157451583e-04
1.691000000000000014e+01,-4.954268483436849967e-03,-1.833936451617835346e-03,-3.367695788642637066e-04
1.692000000000000171e+01,-4.636875786864945101e-03,-1.790665546161589357e-03,-5.849538668680307352e-04
1.692999999999999972e+01,-4.337586998738419269e-03,-1.729806267517987545e-03,-8.123319873161730575e-04
1.694000000000000128e+01,-4.048626466684157946e-03,-1.644293708682168518e-03,-9.877979876768117583e-04
1.694999999999999929e+01,-3.762751023561643031e-03,-1.528656252324189736e-03,-1.087185207236299796e-03
1.696000000000000085e+01,-3.475434037509664547e-03,-1.381297970775685179e-03,-1.097428910245866647e-03
1.696999999999999886e+01,-3.187720409725260020e-03,-1.207292372203299215e-03,-1.020139559166491306e-03
1.698000000000000043e+01,-2.905719730201435959e-03,-1.017618687674987348e-03,-8.704083487521733315e-04
1.698999999999999844e+01,-2.637865730719107706e-03,-8.260190971684902616e-04,-6.722112261856862071e-04
1.700000000000000000e+01,-2.393447859289313251e-03,-6.470621013731947839e-04,-4.543363686773745536e-04
1.701000000000000156e+01,-2.182159428292350725e-03,-4.952093115519342432e-04,-2.469719600402928324e-04
1.701999999999999957e+01,-2.012879361712275120e-03,-3.831467549637134601e-04,-7.755786326502827135e-05
1.703000000000000114e+01,-1.892753538475796778e-03,-3.204942559231960990e-04,3.264834172573199749e-05
1.703999999999999915e+01,-1.827679655059021805e-03,-3.140195130683593534e-04,6.992342300443577430e-05
1.705000000000000071e+01,-1.822511076975132614e-03,-3.676725795692503793e-04,2.890316351020705347e-05
1.705999999999999872e+01,-1.880108922850624821e-03,-4.815825125765187576e-04,-8.634319725739528315e-05
1.707000000000000028e+01,-2.001134386114104564e-03,-6.519246617472368834e-04,-2.629068371830837960e-04
1.707999999999999829e+01,-2.185176578625359911e-03,-8.722391905887621338e-04,-4.817507950995954030e-04
1.708999999999999986e+01,-2.431224849794125318e-03,-1.134177717694955867e-03,-7.202897895246156493e-04
1.710000000000000142e+01,-2.737090896754323325e-03,-1.427269393377342743e-03,-9.542069219033388026e-04
1.710999999999999943e+01,-3.099646987297251070e-03,-1.739563142400296376e-03,-1.160138577385775053e-03
1.712000000000000099e+01,-3.515965525530575890e-03,-2.059197938568844196e-03,-1.319016083710629035e-03
1.712999999999999901e+01,-3.983454277301703289e-03,-2.374959290748896151e-03,-1.417890814887342492e-03
1.714000000000000057e+01,-4.498995819704526035e-03,-2.675821513856641801e-03,-1.450124899397827382e-03
1.714999999999999858e+01,-5.058885339567035892e-03,-2.951268698141714091e-03,-1.415704792342651827e-03
1.716000000000000014e+01,-5.659545026689121600e-03,-3.192352225538213403e-03,-1.321626802429765437e-03
1.717000000000000171e+01,-6.297566026956697392e-03,-3.392012509433176004e-03,-1.180932851068036346e-03
1.717999999999999972e+01,-6.969289367372564700e-03,-3.544870335835394529e-03,-1.010745174893280156e-03
1.719000000000000128e+01,-7.670992105912668134e-03,-3.647551344819054998e-03,-8.305532742224854730e-04
1.719999999999999929e+01,-8.399135227468587650e-03,-3.698991267747419286e-03,-6.603967644009900396e-04
1.721000000000000085e+01,-9.149766984879414283e-03,-3.699818589653822848e-03,-5.182601553428194336e-04
1.721999999999999886e+01,-9.917745744684606027e-03,-3.651499499915013790e-03,-4.175968357320175572e-04
1.723000000000000043e+01,-1.069668109325294832e-02,-3.556161712792857248e-03,-3.660787889060339653e-04
1.723999999999999844e+01,-1.147930921740156554e-02,-3.416816048026654305e-03,-3.653784416737474046e-04
1.725000000000000000e+01,-1.225792464150105704e-02,-3.237593180789001372e-03,-4.116051678016904576e-04
1.726000000000000156e+01,-1.302490245532918374e-02,-3.024023684659438767e-03,-4.963626562770850599e-04
1.726999999999999957e+01,-1.377277693918678610e-02,-2.782827394106240568e-03,-6.077882791753982418e-04
1.728000000000000114e+01,-1.449347849963036894e-02,-2.520833278454359498e-03,-7.310867004475003891e-04
1.728999999999999915e+01,-1.517799647795999018e-02,-2.244325522254672373e-03,-8.497309157199481496e-04
1.730000000000000071e+01,-1.581763128331357612e-02,-1.959981681184557508e-03,-9.483030785530737177e-04
1.730999999999999872e+01,-1.640546764976729549e-02,-1.676009163816996215e-03,-1.015333911362052005e-03
1.732000000000000028e+01,-1.693620818883807833e-02,-1.401609408650553341e-03,-1.044083979021316177e-03
1.732999999999999829e+01,-1.740514326622739916e-02,-1.145572872152856962e-03,-1.032004524548492961e-03
1.733999999999999986e+01,-1.780806237394104777e-02,-9.158412262766428514e-04,-9.807051136673774951e-04
1.735000000000000142e+01,-1.814167646406510126e-02,-7.196169373773098499e-04,-8.960040587761624806e-04
1.735999999999999943e+01,-1.840303976597090774e-02,-5.625210505032423930e-04,-7.866084631280830311e-04
1.737000000000000099e+01,-1.858837419608262362e-02,-4.472342702035416373e-04,-6.619858027398937885e-04
1.737999999999999901e+01,-1.869280587844348446e-02,-3.731586166991459675e-04,-5.311080027722613409e-04
1.739000000000000057e+01,-1.871083150906073175e-02,-3.369186288086357646e-04,-4.019872944099143878e-04
1.739999999999999858e+01,-1.863635125323676728e-02,-3.325284940714756383e-04,-2.809092107970872273e-04
1.741000000000000014e+01,-1.846239909859578171e-02,-3.513510709534619280e-04,-1.715735910235724276e-04
1.742000000000000171e+01,-1.818137879043893110e-02,-3.826475091101453826e-04,-7.500441139697163991e-05
1.742999999999999972e+01,-1.778570539271514053e-02,-4.145928561327404159e-04,9.884324193307951904e-06
1.744000000000000128e+01,-1.726836402260630704e-02,-4.352365927043238582e-04,8.561096852934273367e-05
1.744999999999999929e+01,-1.662357420768990207e-02,-4.335625257366169136e-04,1.552243600537688397e-04
1.746000000000000085e+01,-1.584787539429333147e-02,-4.009235707473603129e-04,2.209676455989409796e-04
1.746999999999999886e+01,-1.494132813800362787e-02,-3.325003621831446455e-04,2.829403817434561529e-04
1.748000000000000043e+01,-1.390821393412127772e-02,-2.281291894820805088e-04,3.384749412050973251e-04
1.748999999999999844e+01,-1.275693815232471773e-02,-9.218946037452691988e-05,3.825428650752163602e-04
1.750000000000000000e+01,-1.149932198267817653e-02,6.725096890161330024e-05,4.089373345785151260e-04
1.751000000000000156e+01,-1.014986129659535899e-02,2.394261845865981709e-04,4.115376212245861636e-04
1.751999999999999957e+01,-8.725304994906825026e-03,4.116162505965706864e-04,3.851936263017356082e-04
1.753000000000000114e+01,-7.244088546815006559e-03,5.700803907150898834e-04,3.266047399535847119e-04
1.753999999999999915e+01,-5.725207418546694217e-03,7.015559784916663554e-04,2.355102417080127085e-04
1.755000000000000071e+01,-4.187144712412481720e-03,7.946628186573685823e-04,1.154828773699315386e-04
1.755999999999999872e+01,-2.647370763059619415e-03,8.406581771536512189e-04,-2.622705664157532908e-05
1.757000000000000028e+01,-1.121667044363528279e-03,8.342635021595835735e-04,-1.790257731837206897e-04
1.757999999999999829e+01,3.771927759989285160e-04,7.749979759749800121e-04,-3.289928565306933332e-04
1.758999999999999986e+01,1.840175455777426101e-03,6.677608870572934946e-04,-4.597584681614813140e-04
1.760000000000000142e+01,3.261091003531830894e-03,5.216257950870595121e-04,-5.551207310884651415e-04
1.760999999999999943e+01,4.635335501292276762e-03,3.481591048523287628e-04,-6.018724982878169731e-04
1.762000000000000099e+01,5.959824008601593247e-03,1.608530663896909720e-04,-5.910715245360486899e-04
1.762999999999999901e+01,7.233241180656606491e-03,-2.517848169977725628e-05,-5.185206089374083801e-04
1.764000000000000057e+01,8.455207123773966077e-03,-1.946151214498057576e-04,-3.857853213343715804e-04
1.764999999999999858e+01,9.625239275566013428e-03,-3.335270856216832665e-04,-2.007950819609899201e-04
1.766000000000000014e+01,1.074293272790815754e-02,-4.296965895935028453e-04,2.337233313505191238e-05
1.767000000000000171e+01,1.180856756786339765e-02,-4.724453246482636696e-04,2.705790040716159412e-04
1.767999999999999972e+01,1.282267932679619603e-02,-4.534210377611919271e-04,5.229466222798407650e-04
1.769000000000000128e+01,1.378497623503146738e-02,-3.679284451705171536e-04,7.616655239878771964e-04
1.769999999999999929e+01,1.469385691328243572e-02,-2.155200963207541307e-04,9.684250142368957051e-04
1.771000000000000085e+01,1.554658579730961929e-02,2.188809794999428432e-07,1.127354344099335080e-03
1.771999999999999886e+01,1.633942019170965196e-02,2.719784705627377864e-04,1.226589387220257095e-03
1.773000000000000043e+01,1.706759202723904731e-02,5.890154368724031869e-04,1.259232451517765987e-03
1.773999999999999844e+01,1.772540634672294807e-02,9.376756392993786365e-04,1.223885326979414542e-03
1.775000000000000000e+01,1.830660563162084600e-02,1.302271886800225945e-03,1.124865094674818615e-03
1.776000000000000156e+01,1.880521767870564978e-02,1.666497400973950514e-03,9.723081607950087796e-04
1.776999999999999957e+01,1.921654722980528293e-02,2.014986471424978342e-03,7.818402825108067495e-04
1.778000000000000114e+01,1.953718647233960298e-02,2.333859070134777954e-03,5.727906421599013136e-04
1.778999999999999915e+01,1.976394808515739149e-02,2.610145249064081338e-03,3.650861112928872128e-04
1.780000000000000071e+01,1.989344013028516642e-02,2.831812648380351103e-03,1.768228149185447360e-04
1.780999999999999872e+01,1.992309965963728891e-02,2.989193159533641737e-03,2.351490605565938592e-05
1.782000000000000028e+01,1.985206560083423513e-02,3.076149738493825798e-03,-8.251009730015829483e-05
1.782999999999999829e+01,1.968071483670596686e-02,3.089788728060671209e-03,-1.336404146838776781e-04
1.783999999999999986e+01,1.941016884288442740e-02,3.030032201941933005e-03,-1.280024861600583897e-04
1.785000000000000142e+01,1.904284394055460669e-02,2.900124397645897998e-03,-6.886916800379588703e-05
1.785999999999999943e+01,1.858276302457027504e-02,2.706782563086262538e-03,3.620238878608717642e-05
1.787000000000000099e+01,1.803471685547966205e-02,2.459093511344161327e-03,1.755309173472282039e-04
1.787999999999999901e+01,1.740350217749079068e-02,2.167416906187263816e-03,3.339457366148785656e-04
1.789000000000000057e+01,1.669394228245973250e-02,1.843027861906747699e-03,4.944867341996342846e-04
1.789999999999999858e+01,1.591057026823115839e-02,1.497399534761970985e-03,6.398884382924599663e-04
1.791000000000000014e+01,1.505672598647300395e-02,1.140908566728552048e-03,7.534657498981642190e-04
1.792000000000000171e+01,1.413451696257696753e-02,7.824429980762643774e-04,8.207200442142108948e-04
1.792999999999999972e+01,1.314595774173814985e-02,4.302274048359450804e-04,8.317858167781685703e-04
1.794000000000000128e+01,1.209391608320111756e-02,9.247532537930601632e-05,7.831410692165057929e-04
1.794999999999999929e+01,1.098241223268208583e-02,-2.225948460642585328e-04,6.780112287760441808e-04
1.796000000000000085e+01,9.817055814701490177e-03,-5.065977847030623095e-04,5.262304955453241031e-04
1.796999999999999886e+01,8.605480559634512763e-03,-7.508155191268835703e-04,3.434664924912208270e-04
1.798000000000000043e+01,7.357110022575821459e-03,-9.466894485244249733e-04,1.492736051661282335e-04
1.798999999999999844e+01,6.082991238534910840e-03,-1.086218967486080305e-03,-3.508329968669696321e-05
1.800000000000000000e+01,4.796421015862140091e-03,-1.161538862737203663e-03,-1.881141395767155504e-04
1.801000000000000156e+01,3.513165563612443126e-03,-1.164879653273798296e-03,-2.899201119302879980e-04
1.801999999999999957e+01,2.250250589467129702e-03,-1.089916486404400716e-03,-3.251321606939540777e-04
1.803000000000000114e+01,1.024592982975495005e-03,-9.331955410206889141e-04,-2.854333935429719492e-04
1.803999999999999915e+01,-1.472609966968311027e-04,-6.943456823397297153e-04,-1.702283023823894970e-04
1.805000000000000071e+01,-1.249131195181913279e-03,-3.759126039346645412e-04,1.373181867238849457e-05
1.805999999999999872e+01,-2.265830020645978778e-03,1.628765650728836032e-05,2.528276399770652220e-04
1.807000000000000028e+01,-3.183722640481008448e-03,4.729974200938244304e-04,5.277632368674152171e-04
1.807999999999999829e+01,-3.990718196151656419e-03,9.820239449853265887e-04,8.158024547564729501e-04
1.808999999999999986e+01,-4.676514442210132766e-03,1.528584999643520887e-03,1.093000475669869817e-03
1.810000000000000142e+01,-5.233203677871440043e-03,2.095373207621734242e-03,1.336102193046378181e-03
1.810999999999999943e+01,-5.655027594746263493e-03,2.663531428117002584e-03,1.525090274551796875e-03
1.812000000000000099e+01,-5.937361397404459541e-03,3.214414794216571922e-03,1.646035256732679289e-03
1.812999999999999901e+01,-6.076655437458818552e-03,3.730366273243532118e-03,1.692306117450076116e-03
1.814000000000000057e+01,-6.071479690850074482e-03,4.194344532050002169e-03,1.663941444072770254e-03
1.814999999999999858e+01,-5.922761888231100127e-03,4.590307723425254664e-03,1.567136443591106562e-03
1.816000000000000014e+01,-5.632721261490564700e-03,4.904820991858206518e-03,1.414375236920093403e-03
1.817000000000000171e+01,-5.204256655863210082e-03,5.128086710518513398e-03,1.223497616614457233e-03
1.817999999999999972e+01,-4.641628965576128675e-03,5.253541433772098562e-03,1.015030112534469255e-03
1.819000000000000128e+01,-3.951016236616923007e-03,5.277449586714983917e-03,8.094672196060182867e-04
1.819999999999999929e+01,-3.139951759192000699e-03,5.199483111469505904e-03,6.257221238079825262e-04
1.821000000000000085e+01,-2.216734187233375224e-03,5.023184964973853410e-03,4.798195568965074598e-04
1.821999999999999886e+01,-1.190702045550987541e-03,4.755425010713035250e-03,3.830975940063907821e-04
1.823000000000000043e+01,-7.248264657667037993e-05,4.405757207110885462e-03,3.409626359866337920e-04
1.823999999999999844e+01,1.126459062787825947e-03,3.986368230010354195e-03,3.529446883432535995e-04
1.825000000000000000e+01,2.394098752349655117e-03,3.511755580662333405e-03,4.131645382422526784e-04
1.826000000000000156e+01,3.717543782105319980e-03,2.997744054255803946e-03,5.107522456664042709e-04
1.826999999999999957e+01,5.083265740726596385e-03,2.460996956240819617e-03,6.312546577598588792e-04
1.828000000000000114e+01,6.478293530860659670e-03,1.919450778575808488e-03,7.592605752438060310e-04
1.828999999999999915e+01,7.890781208157445631e-03,1.392090763664240475e-03,8.804264499500416520e-04
1.830000000000000071e+01,9.308966040352820159e-03,8.971154329393174042e-04,9.817795133283764488e-04
1.830999999999999872e+01,1.072016092737940705e-02,4.501915095128915267e-04,1.051897690610487622e-03
1.832000000000000028e+01,1.211141404387305193e-02,6.446761091033424685e-05,1.082515242272970172e-03
1.832999999999999829e+01,1.347083171020176454e-02,-2.486597365516973247e-04,1.070390455593317252e-03
1.833999999999999986e+01,1.478785033018598788e-02,-4.797477343811789013e-04,1.017607638351872897e-03
1.835000000000000142e+01,1.605263829890914845e-02,-6.222788171016203950e-04,9.305146750093180961e-04
1.835999999999999943e+01,1.725561543796286235e-02,-6.733877391729175448e-04,8.183946427349575534e-04
1.837000000000000099e+01,1.838713744211019699e-02,-6.342773082181820277e-04,6.920572412907478443e-04
1.837999999999999901e+01,1.943720783425483684e-02,-5.104497760453982494e-04,5.623599812821522288e-04
1.839000000000000057e+01,2.039574582405495953e-02,-3.112290421227039230e-04,4.393143562045748445e-04
1.839999999999999858e+01,2.125339691577000575e-02,-4.861153168968088194e-05,3.318354300821358630e-04
1.841000000000000014e+01,2.200173868190668028e-02,2.633760260549543168e-04,2.470410826391800400e-04
1.842000000000000171e+01,2.263247461883262368e-02,6.083921651805821286e-04,1.887942579076480598e-04
1.842999999999999972e+01,2.313681956508296944e-02,9.677715947945843278e-04,1.568058145130099231e-04
1.844000000000000128e+01,2.350604810809895501e-02,1.321742555809469078e-03,1.472943444726310461e-04
1.844999999999999929e+01,2.373259447249021631e-02,1.651211669368236054e-03,1.544997669038018556e-04
1.846000000000000085e+01,2.381061574114381324e-02,1.938977060771015105e-03,1.718326806990615879e-04
1.846999999999999886e+01,2.373577361951905232e-02,2.170093213690343307e-03,1.923248894688068058e-04
1.848000000000000043e+01,2.350485897408890329e-02,2.331998159322069483e-03,2.089567653064127752e-04
1.848999999999999844e+01,2.311602953458069890e-02,2.415159186014500733e-03,2.155701584466896315e-04
1.850000000000000000e+01,2.256968038559020381e-02,2.414229193894256928e-03,2.082779330988781511e-04
1.851000000000000156e+01,2.186890157783156347e-02,2.328640062397598250e-03,1.862169122220937417e-04
1.851999999999999957e+01,2.101861832490958815e-02,2.161728596563329031e-03,1.507274302683615438e-04
1.853000000000000114e+01,2.002427288905717431e-02,1.919286617350362319e-03,1.039136711451766308e-04
1.853999999999999915e+01,1.889156175416877373e-02,1.609081185447931803e-03,4.819379090598997615e-05
1.855000000000000071e+01,1.762689004083439412e-02,1.241017639080414531e-03,-1.347404566380415214e-05
1.855999999999999872e+01,1.623707243123266933e-02,8.264846240596739968e-04,-7.814351275022427879e-05
1.857000000000000028e+01,1.472845792633702307e-02,3.770878558815538516e-04,-1.439612385645264907e-04
1.857999999999999829e+01,1.310682530994576253e-02,-9.584996048038500131e-05,-2.103654192919719203e-04
1.858999999999999986e+01,1.137793791254906005e-02,-5.811232484900176378e-04,-2.775198245839227869e-04
1.860000000000000142e+01,9.547560029545452964e-03,-1.068003297606812552e-03,-3.462117637572922424e-04
1.860999999999999943e+01,7.621033137580989283e-03,-1.547007610236229153e-03,-4.181151427247098624e-04
1.862000000000000099e+01,5.603573434488431926e-03,-2.009902456838058311e-03,-4.952684112970499007e-04
1.862999999999999901e+01,3.501308224134582273e-03,-2.448927733298510503e-03,-5.788264686937581250e-04
1.864000000000000057e+01,1.321963107244499089e-03,-2.856348328613102748e-03,-6.682718045976642233e-04
1.864999999999999858e+01,-9.251882018324691058e-04,-3.224723684423849279e-03,-7.615151779914403150e-04
1.866000000000000014e+01,-3.229688332868088652e-03,-3.547460624556333843e-03,-8.554393914261479437e-04
1.867000000000000171e+01,-5.580260047447035097e-03,-3.819317724557757133e-03,-9.465167172756364577e-04
1.867999999999999972e+01,-7.964783054180728933e-03,-4.036464575686337167e-03,-1.031067231647623487e-03
1.869000000000000128e+01,-1.036960951970977186e-02,-4.195828050715236235e-03,-1.104880303301576053e-03
1.869999999999999929e+01,-1.277899024871190052e-02,-4.294515206134270728e-03,-1.162994167402388052e-03
1.871000000000000085e+01,-1.517552495779972942e-02,-4.330231363386800175e-03,-1.200523268493549440e-03
1.871999999999999886e+01,-1.754095125105405162e-02,-4.301993973876073150e-03,-1.213761625958014205e-03
1.873000000000000043e+01,-1.985626227966909990e-02,-4.210121453541657184e-03,-1.200479651810127963e-03
1.873999999999999844e+01,-2.210189344215258977e-02,-4.056237282273943666e-03,-1.160124541243615038e-03
1.875000000000000000e+01,-2.425879615088016861e-02,-3.844098292102507766e-03,-1.094695989573931175e-03
1.876000000000000156e+01,-2.630900892823535842e-02,-3.579843776364548692e-03,-1.008862609133460595e-03
1.876999999999999957e+01,-2.823462568189743019e-02,-3.270581165148350126e-03,-9.082816933582037915e-04
1.878000000000000114e+01,-3.001723453666948344e-02,-2.923418745486734954e-03,-7.983337473991849965e-04
1.878999999999999915e+01,-3.163972046839699792e-02,-2.546841743547697146e-03,-6.851987834666676625e-04
1.880000000000000071e+01,-3.308824163654164319e-02,-2.152206434148073652e-03,-5.770000126603501292e-04
1.880999999999999872e+01,-3.435164439940562725e-02,-1.752610144773643960e-03,-4.822868663447982653e-04
1.882000000000000028e+01,-3.541997014705629276e-02,-1.360835752451919475e-03,-4.076795713277379246e-04
1.882999999999999829e+01,-3.628494152919625737e-02,-9.892972000745301701e-04,-3.576989468436644437e-04
1.883999999999999986e+01,-3.694116750378013958e-02,-6.507256077625282395e-04,-3.355175271690648774e-04
1.885000000000000142e+01,-3.738528969636753518e-02,-3.568292498941759579e-04,-3.418661157324600426e-04
1.885999999999999943e+01,-3.761431487153452796e-02,-1.162216389083552012e-04,-3.734525849965974163e-04
1.887000000000000099e+01,-3.762619748650482265e-02,6.528520725698248677e-05,-4.239944835992178200e-04
1.887999999999999901e+01,-3.742193675865217173e-02,1.827815556063810227e-04,-4.869719988380914440e-04
1.889000000000000057e+01,-3.700613281025159906e-02,2.318447551552869196e-04,-5.568500492082832914e-04
1.889999999999999858e+01,-3.638588249489656257e-02,2.097219460302507529e-04,-6.285876641245525566e-04
1.891000000000000014e+01,-3.557015042787056713e-02,1.159497965256087057e-04,-6.975834418720163995e-04
1.892000000000000171e+01,-3.456989704357187748e-02,-4.787878729795597295e-05,-7.603148289463128491e-04
1.892999999999999972e+01,-3.339783391742510987e-02,-2.780680373718582882e-04,-8.145012999290471203e-04
1.894000000000000128e+01,-3.206804737037081271e-02,-5.687328963178931319e-04,-8.590215120623849671e-04
1.894999999999999929e+01,-3.059623444482987425e-02,-9.124074268747060009e-04,-8.943137681200328442e-04
1.896000000000000085e+01,-2.899979887525989952e-02,-1.300576165739796789e-03,-9.224842449144097156e-04
1.896999999999999886e+01,-2.729692544752491609e-02,-1.723239315007785372e-03,-9.462768881875710351e-04
1.898000000000000043e+01,-2.550530792481792153e-02,-2.168197747198837705e-03,-9.676873978888662301e-04
1.898999999999999844e+01,-2.364142090778007660e-02,-2.620956730665715672e-03,-9.872167711051026921e-04
1.900000000000000000e+01,-2.172017032996966662e-02,-3.065076285395162709e-03,-1.003652756194454987e-03
1.901000000000000156e+01,-1.975484811758127304e-02,-3.482873645364818922e-03,-1.014308372518333027e-03
1.901999999999999957e+01,-1.775775128249058518e-02,-3.856802612861226932e-03,-1.016023383503832870e-03
1.903000000000000114e+01,-1.574072250150957211e-02,-4.170721894972366679e-03,-1.006094333825933822e-03
1.903999999999999915e+01,-1.371444229629251339e-02,-4.409855541447330399e-03,-9.819232606615791240e-04
1.905000000000000071e+01,-1.168745545189352024e-02,-4.560426354945048416e-03,-9.404010946835231720e-04
1.905999999999999872e+01,-9.666915707822833215e-03,-4.610931379877519602e-03,-8.789945733147774007e-04
1.907000000000000028e+01,-7.660305815882473626e-03,-4.554266760229210703e-03,-7.976648425930899303e-04
1.907999999999999829e+01,-5.675587051262912484e-03,-4.388113746840847755e-03,-6.989679945058880055e-04
1.908999999999999986e+01,-3.719880913855419351e-03,-4.113694003954366553e-03,-5.864889023575975240e-04
1.910000000000000142e+01,-1.799152172239833116e-03,-3.735387437788490091e-03,-4.641824197144010333e-04
1.910999999999999943e+01,8.071192298199712626e-05,-3.261606181908562659e-03,-3.370353260261833872e-04
1.912000000000000099e+01,1.913508159020795409e-03,-2.704832490993297998e-03,-2.109484666040422696e-04
1.912999999999999901e+01,3.693503104699980780e-03,-2.080345112696864798e-03,-9.140580325925607666e-05
1.914000000000000057e+01,5.415622069444949067e-03,-1.405444417441118398e-03,1.719717700815885414e-05
1.914999999999999858e+01,7.074642944620711422e-03,-6.995925798161731213e-04,1.111399345129854087e-04
1.916000000000000014e+01,8.664921535045829598e-03,1.604665130926889941e-05,1.874162985711764454e-04
1.917000000000000171e+01,1.018081929614045138e-02,7.198110454194052129e-04,2.443709874230334139e-04
1.917999999999999972e+01,1.161651687391306552e-02,1.390135977193030729e-03,2.815897178661612129e-04
1.919000000000000128e+01,1.296546628573353940e-02,2.005775876500772575e-03,2.993208986980223593e-04
1.919999999999999929e+01,1.422090117361608438e-02,2.547044008115026924e-03,2.988621033709204381e-04
1.921000000000000085e+01,1.537686238194681948e-02,2.997481488799673237e-03,2.833243923387777311e-04
1.921999999999999886e+01,1.642795706536868613e-02,3.344137801252087747e-03,2.569830908520019360e-04
1.923000000000000043e+01,1.736839537368189273e-02,3.577003532957743950e-03,2.238478019551318589e-04
1.923999999999999844e+01,1.819249258894330840e-02,3.689779379256765118e-03,1.877143452793190645e-04
1.925000000000000000e+01,1.889633132996065140e-02,3.681641514221042737e-03,1.533549609993894905e-04
1.926000000000000156e+01,1.947812347832772462e-02,3.557511351140940289e-03,1.263399687753272366e-04
1.926999999999999957e+01,1.993707477048198284e-02,3.326645424336517783e-03,1.113672023135443416e-04
1.928000000000000114e+01,2.027301090500494007e-02,3.001839240396931164e-03,1.114755139259470318e-04
1.928999999999999915e+01,2.048735129490417486e-02,2.599845400393648726e-03,1.287507444112210458e-04
1.930000000000000071e+01,2.058352566891352708e-02,2.141105265045719665e-03,1.645812013712460553e-04
1.930999999999999872e+01,2.056591660191002188e-02,1.647910628994738932e-03,2.185733453869495189e-04
1.932000000000000028e+01,2.043892783723429141e-02,1.142653477912787237e-03,2.878073490745420627e-04
1.932999999999999829e+01,2.020754157216534189e-02,6.475675574632023786e-04,3.677963435090612432e-04
1.933999999999999986e+01,1.987824097668394741e-02,1.848501883705795993e-04,4.539211648707577049e-04
1.935000000000000142e+01,1.945868590594388228e-02,-2.244289822751173512e-04,5.416398734291364260e-04
1.935999999999999943e+01,1.895674319653258694e-02,-5.619873937936201201e-04,6.260666591252439604e-04
1.937000000000000099e+01,1.838043065924415895e-02,-8.129575970876461470e-04,7.024732796579851455e-04
1.937999999999999901e+01,1.773851642861269673e-02,-9.657278593479205059e-04,7.673844821072758372e-04
1.939000000000000057e+01,1.704023308012278526e-02,-1.012527233884379140e-03,8.186642024625438892e-04
1.939999999999999858e+01,1.629409154773934013e-02,-9.507431975818222015e-04,8.546016945737294496e-04
1.941000000000000014e+01,1.550760991179392194e-02,-7.831330091443845613e-04,8.738569712935007104e-04
1.942000000000000171e+01,1.468853243326976449e-02,-5.163684058569100507e-04,8.767940673509920469e-04
1.942999999999999972e+01,1.384557760856243956e-02,-1.599146093179601154e-04,8.661499604627035959e-04
1.944000000000000128e+01,1.298736878035776712e-02,2.733931771841730711e-04,8.457080418439112852e-04
1.944999999999999929e+01,1.212107687942457802e-02,7.666166922537931546e-04,8.186362431719777528e-04
1.946000000000000085e+01,1.125235854552748480e-02,1.299405970664724817e-03,7.871772457823260393e-04
1.946999999999999886e+01,1.038565619305489504e-02,1.849151027478133100e-03,7.527796292714535997e-04
1.948000000000000043e+01,9.523848656577156915e-03,2.391548848734319655e-03,7.156724621277754878e-04
1.948999999999999844e+01,8.668334673925776057e-03,2.901635938042433291e-03,6.749801317775950670e-04
1.950000000000000000e+01,7.820245617091995532e-03,3.355930473005041843e-03,6.300170083337999815e-04
1.951000000000000156e+01,6.981250040891269146e-03,3.734083288607337701e-03,5.811262178093201192e-04
1.951999999999999957e+01,6.153030019716470948e-03,4.019079518299717435e-03,5.291165870718021356e-04
1.953000000000000114e+01,5.337007344317868870e-03,4.197553829923115175e-03,4.749123094706336041e-04
1.953999999999999915e+01,4.535298205517958661e-03,4.261171367929042497e-03,4.203815316800923129e-04
1.955000000000000071e+01,3.751256855941915123e-03,4.207401181597336497e-03,3.686553147888830162e-04
1.955999999999999872e+01,2.988600946597738239e-03,4.038671012401007059e-03,3.229590645454816938e-04
1.957000000000000028e+01,2.250897482657119534e-03,3.761703809168699415e-03,2.858242603633102908e-04
1.957999999999999829e+01,1.542537178179808222e-03,3.388169849512040911e-03,2.598257236648783878e-04
1.958999999999999986e+01,8.693165547805588094e-04,2.934768051421677605e-03,2.479213583122996580e-04
1.960000000000000142e+01,2.372234691138706353e-04,2.421359121845745397e-03,2.520288640710567369e-04
1.960999999999999943e+01,-3.488784844004626695e-04,1.868907434950469468e-03,2.716580911163241551e-04
1.962000000000000099e+01,-8.849993696243839717e-04,1.298947795434730402e-03,3.043238749726376443e-04
1.962999999999999901e+01,-1.367392109902100267e-03,7.334121452319814069e-04,3.465008350118674503e-04
1.964000000000000057e+01,-1.793047417861474242e-03,1.933371093736516513e-04,3.935642667394997928e-04
1.964999999999999858e+01,-2.160471327971989590e-03,-3.026585882685709286e-04,4.395617175073694791e-04
1.966000000000000014e+01,-2.469497336885992812e-03,-7.388415460341743197e-04,4.780358665569986020e-04
1.967000000000000171e+01,-2.720809417537004352e-03,-1.102436705446699361e-03,5.031337047951134475e-04
1.967999999999999972e+01,-2.916190180119623138e-03,-1.384306077060424960e-03,5.099117638009202343e-04
1.969000000000000128e+01,-3.058868470851003763e-03,-1.579586419618965020e-03,4.944334368872801110e-04
1.969999999999999929e+01,-3.153137328560435670e-03,-1.687447768761539792e-03,4.544504161897170358e-04
1.971000000000000085e+01,-3.203843431377416916e-03,-1.710583171813822830e-03,3.900079965035616828e-04
1.971999999999999886e+01,-3.216423501314439985e-03,-1.655115855351856806e-03,3.032731530058783206e-04
1.973000000000000043e+01,-3.196792467470333660e-03,-1.530237958469992440e-03,1.982973305534484936e-04
1.973999999999999844e+01,-3.150601184085657144e-03,-1.347121486519112059e-03,8.120532974894783900e-05
1.975000000000000000e+01,-3.082858472413363155e-03,-1.118127460739499731e-03,-4.017107931868291393e-05
1.976000000000000156e+01,-2.998492867195147026e-03,-8.569054393709426599e-04,-1.577088020105316915e-04
1.976999999999999957e+01,-2.902646527467631684e-03,-5.781826541590695794e-04,-2.641267245991721119e-04
1.978000000000000114e+01,-2.799827300394112321e-03,-2.963937702233473341e-04,-3.528962138442042298e-04
1.978999999999999915e+01,-2.693168557419808352e-03,-2.444253713266423116e-05,-4.181728328220161777e-04
1.980000000000000071e+01,-2.585069027750985706e-03,2.261094887392770219e-04,-4.559729527961740620e-04
1.980999999999999872e+01,-2.478220669724678221e-03,4.444244756870738907e-04,-4.654905816608020334e-04
1.982000000000000028e+01,-2.375482889723424650e-03,6.208825683315745197e-04,-4.489476006488130186e-04
1.982999999999999829e+01,-2.279093918165095867e-03,7.481751740026655866e-04,-4.105134494108823059e-04
1.983999999999999986e+01,-2.190567813717166600e-03,8.216250976700698212e-04,-3.557238123334925282e-04
1.985000000000000142e+01,-2.111189013998725217e-03,8.388182743666969688e-04,-2.913557684092696223e-04
1.985999999999999943e+01,-2.042328427032979662e-03,7.993314586082633658e-04,-2.250160229019351245e-04
1.987000000000000099e+01,-1.985578287032099040e-03,7.045661910160885832e-04,-1.644928721037161438e-04
1.987999999999999901e+01,-1.942844984500879252e-03,5.575563655142607442e-04,-1.170789926977449080e-04
1.989000000000000057e+01,-1.916074541067065750e-03,3.630779140566420152e-04,-8.862116929338726919e-05
1.989999999999999858e+01,-1.906613877208002995e-03,1.280526728575541787e-04,-8.240041760435108035e-05
1.991000000000000014e+01,-1.914866904280417134e-03,-1.384171682419926299e-04,-9.858604253342913846e-05
1.992000000000000171e+01,-1.940599025583313996e-03,-4.257272528142852790e-04,-1.346338921671246793e-04
1.992999999999999972e+01,-1.983511815479910897e-03,-7.227571376620494899e-04,-1.861947902864053133e-04
1.994000000000000128e+01,-2.043618957832258904e-03,-1.018665002233596316e-03,-2.479780217030656039e-04
1.994999999999999929e+01,-2.121220874916181220e-03,-1.303265987053600162e-03,-3.142925519176688266e-04
1.996000000000000085e+01,-2.216558183164372108e-03,-1.567063515229010547e-03,-3.792990499416827219e-04
1.996999999999999886e+01,-2.329758512945747425e-03,-1.801540461903562837e-03,-4.375448373574549648e-04
1.998000000000000043e+01,-2.461577500958721937e-03,-2.000190701203492620e-03,-4.852002595864931731e-04
1.998999999999999844e+01,-2.614044894628314835e-03,-2.159372675613566508e-03,-5.210028894838436868e-04
2.000000000000000000e+01,-2.789858172397722061e-03,-2.277817676056117895e-03,-5.457197192527819644e-04
2.001000000000000156e+01,-2.991393050985242680e-03,-2.355680248061757520e-03,-5.610619355307743363e-04
2.001999999999999957e+01,-3.220925421936873378e-03,-2.394738615713089876e-03,-5.697038835300423853e-04
2.003000000000000114e+01,-3.481330446851512751e-03,-2.399002594037936368e-03,-5.756652639752750681e-04
2.003999999999999915e+01,-3.775554767859095294e-03,-2.374025471405934347e-03,-5.833757247265858358e-04
2.005000000000000071e+01,-4.105606173007148897e-03,-2.325691055913813032e-03,-5.962697743990437709e-04
2.005999999999999872e+01,-4.472820502550257232e-03,-2.260257042317773742e-03,-6.167499155968648051e-04
2.007000000000000028e+01,-4.878571493366012056e-03,-2.184818153848829773e-03,-6.466765276842134907e-04
2.007999999999999829e+01,-5.323524427272880756e-03,-2.106297949022989564e-03,-6.864986842431083664e-04
2.008999999999999986e+01,-5.806260489797212057e-03,-2.029833827360251908e-03,-7.339448687105306398e-04
2.010000000000000142e+01,-6.323263399234328730e-03,-1.958577923741732386e-03,-7.843196552663191882e-04
2.010999999999999943e+01,-6.869645538888042441e-03,-1.894290860284882907e-03,-8.317240195192341506e-04
2.012000000000000099e+01,-7.438871086669534075e-03,-1.836982417913235075e-03,-8.693778152028797633e-04
2.012999999999999901e+01,-8.022193880766841784e-03,-1.784328871691010345e-03,-8.897285217788841001e-04
2.014000000000000057e+01,-8.609293265115577562e-03,-1.732350691754873124e-03,-8.857627524381958507e-04
2.014999999999999858e+01,-9.189199781698813643e-03,-1.676419351303847297e-03,-8.524832035887386578e-04
2.016000000000000014e+01,-9.750175597082230694e-03,-1.611240504465811683e-03,-7.871242510063717690e-04
2.017000000000000171e+01,-1.027949049172552365e-02,-1.530752786929193273e-03,-6.890308330733230886e-04
2.017999999999999972e+01,-1.076427297991246201e-02,-1.429109460152415108e-03,-5.603570729567320611e-04
2.019000000000000128e+01,-1.119255747032060246e-02,-1.301832847694741170e-03,-4.066521541952499070e-04
2.019999999999999929e+01,-1.155364126670559849e-02,-1.146229485710202438e-03,-2.364376715455923953e-04
2.021000000000000085e+01,-1.183842482736597278e-02,-9.617260873530611865e-04,-6.050338290979332989e-05
2.021999999999999886e+01,-1.204002664142483567e-02,-7.504051595069141829e-04,1.087151777767233471e-04
2.023000000000000043e+01,-1.215376540458810127e-02,-5.168275521749947235e-04,2.584838924689686801e-04
2.023999999999999844e+01,-1.217646084781361798e-02,-2.671087855800558723e-04,3.777308843078454868e-04
2.025000000000000000e+01,-1.210605257925745533e-02,-8.273705838961873971e-06,4.584520068362517059e-04
2.026000000000000156e+01,-1.194145203471506413e-02,2.521755792608128093e-04,4.965260633610485679e-04
2.026999999999999957e+01,-1.168199077602302682e-02,5.070940223472555908e-04,4.924939262951642588e-04
2.028000000000000114e+01,-1.132722400584359329e-02,7.501495858343629848e-04,4.515040234775248617e-04
2.028999999999999915e+01,-1.087786817747278881e-02,9.751206236771288232e-04,3.817140142021655511e-04
2.030000000000000071e+01,-1.033642519958751123e-02,1.175495686491635381e-03,2.927448850935721113e-04
2.030999999999999872e+01,-9.706050172581196650e-03,1.345807468846744711e-03,1.957229248968512527e-04
2.032000000000000028e+01,-8.989208073647964731e-03,1.483115222248702209e-03,1.033782021891166034e-04
2.032999999999999829e+01,-8.188195111622270997e-03,1.586539870560515911e-03,2.820469967046575313e-05
2.033999999999999986e+01,-7.306484056145216323e-03,1.655914349015027900e-03,-2.007540278481789590e-05
2.035000000000000142e+01,-6.348644114269098165e-03,1.691820360587651664e-03,-3.531887482777494217e-05
2.035999999999999943e+01,-5.319217076805343551e-03,1.696619383128058697e-03,-1.438524287944145170e-05
2.037000000000000099e+01,-4.222519877868070003e-03,1.674492489529559331e-03,4.283290964068435660e-05
2.037999999999999901e+01,-3.063623296824610591e-03,1.630253621176007243e-03,1.325549004783767380e-04
2.039000000000000057e+01,-1.849158532299325329e-03,1.568318141216256973e-03,2.468293290007657630e-04
2.039999999999999858e+01,-5.873290085062930418e-04,1.492472532328895270e-03,3.744223043799831466e-04
2.041000000000000014e+01,7.123744099340475295e-04,1.405953376052870201e-03,5.022684192214308405e-04
2.042000000000000171e+01,2.039339452251263170e-03,1.311421307264727665e-03,6.169230636567389668e-04
2.042999999999999972e+01,3.381933195051688504e-03,1.210885909112810509e-03,7.059236360292748310e-04
2.044000000000000128e+01,4.727732907665644149e-03,1.105778323717168058e-03,7.591163115369409936e-04
2.044999999999999929e+01,6.064027814651888962e-03,9.973077906528491927e-04,7.699562381965906243e-04
2.046000000000000085e+01,7.378368631130723804e-03,8.868689592726627892e-04,7.364447676145223455e-04
2.046999999999999886e+01,8.658611312191264245e-03,7.759417162415386702e-04,6.610981918878814983e-04
2.048000000000000043e+01,9.892553179972791988e-03,6.655899614334294650e-04,5.500812050219902778e-04
2.048999999999999844e+01,1.106811003818131134e-02,5.565160737444394380e-04,4.125305172744382718e-04
2.050000000000000000e+01,1.217428728443155535e-02,4.499139409521639779e-04,2.603765875021630638e-04
2.051000000000000156e+01,1.320183040120558905e-02,3.479867857434770632e-04,1.076033627308341180e-04
2.051999999999999957e+01,1.414280364336270406e-02,2.533773516870731234e-04,-3.167723333445121586e-05
2.053000000000000114e+01,1.498993308721766581e-02,1.683659283954013462e-04,-1.453051979200108710e-04
2.053999999999999915e+01,1.573674085179128240e-02,9.487750486134278809e-05,-2.241144534735703560e-04
2.055000000000000071e+01,1.637822845482034967e-02,3.505099080426564353e-05,-2.621012618300818026e-04
2.055999999999999872e+01,1.691119765575223657e-02,-8.551890096288301097e-06,-2.566045607855484351e-04
2.057000000000000028e+01,1.733388650912281309e-02,-3.341779386455335414e-05,-2.087901538967541033e-04
2.057999999999999829e+01,1.764541489749480579e-02,-3.772286607090838531e-05,-1.239116883516432229e-04
2.058999999999999986e+01,1.784559336123146128e-02,-2.057545155581463680e-05,-1.080515088715767830e-05
2.060000000000000142e+01,1.793499413469278048e-02,1.804294315954434153e-05,1.192061551743911284e-04
2.060999999999999943e+01,1.791472380192560970e-02,7.707982345439296900e-05,2.533276277015966693e-04
2.062000000000000099e+01,1.778585481300680102e-02,1.539229927827235917e-04,3.780877995116099528e-04
2.062999999999999901e+01,1.754921915721135636e-02,2.443320567110144562e-04,4.805103222450057636e-04
2.064000000000000057e+01,1.720596514903721674e-02,3.431819825453830196e-04,5.499185528315910952e-04
2.064999999999999858e+01,1.675825649405301293e-02,4.453729378869600210e-04,5.795817633533546136e-04
2.066000000000000014e+01,1.620942822393644026e-02,5.461988444055164470e-04,5.673939648890970276e-04
2.067000000000000171e+01,1.556391284201668300e-02,6.414770641044814864e-04,5.158553186980390556e-04
2.067999999999999972e+01,1.482733400889271573e-02,7.278286640063884186e-04,4.317658079743826277e-04
2.069000000000000128e+01,1.400628435370259231e-02,8.026208022394789319e-04,3.252109774183803751e-04
2.069999999999999929e+01,1.310767767448973130e-02,8.634672931689958393e-04,2.078596992960604194e-04
2.071000000000000085e+01,1.213874762240141000e-02,9.083644962151422647e-04,9.179267146769938611e-05
2.071999999999999886e+01,1.110794181210924582e-02,9.366964123118251898e-04,-1.079955657447227860e-05
2.073000000000000043e+01,1.002514371018604564e-02,9.495213012334879606e-04,-8.854697521328779811e-05
2.073999999999999844e+01,8.900382079623002721e-03,9.483094520426626779e-04,-1.331520344518992210e-04
2.075000000000000000e+01,7.742518306427590216e-03,9.336580784394431709e-04,-1.412756185054454600e-04
2.076000000000000156e+01,6.559379208630334961e-03,9.054708630814077910e-04,-1.144847563245416207e-04
2.076999999999999957e+01,5.358658106158722088e-03,8.639120098141633624e-04,-5.798438921215932039e-05
2.078000000000000114e+01,4.148322170383258144e-03,8.098515368655611170e-04,2.049167404257628173e-05
2.078999999999999915e+01,2.936594373598010871e-03,7.448611085785669097e-04,1.115916559078044792e-04
2.080000000000000071e+01,1.731983916080695766e-03,6.712332154825659562e-04,2.054279886917051900e-04
2.080999999999999872e+01,5.431075688666401301e-04,5.917689343288590762e-04,2.924696976535501184e-04
2.082000000000000028e+01,-6.217193317101540970e-04,5.093226157449737669e-04,3.641409208929777524e-04
2.082999999999999829e+01,-1.754496091167574495e-03,4.267383678814770914e-04,4.136749942631696769e-04
2.083999999999999986e+01,-2.847152123923436546e-03,3.471783555002493169e-04,4.371339967976122561e-04
2.085000000000000142e+01,-3.891529482849987332e-03,2.740743206694687536e-04,4.337572186177129636e-04
2.085999999999999943e+01,-4.879863132382060951e-03,2.105794104114549201e-04,4.055030785114773048e-04
2.087000000000000099e+01,-5.805203568951187477e-03,1.590909776866349893e-04,3.563889859584263024e-04
2.087999999999999901e+01,-6.661724775706690665e-03,1.209145779511638843e-04,2.917551229384092774e-04
2.089000000000000057e+01,-7.445143596338165033e-03,9.585462118685985191e-05,2.173098321849777504e-04
2.089999999999999858e+01,-8.152827331936399885e-03,8.216217398974782463e-05,1.384628352127010328e-04
2.091000000000000014e+01,-8.783193617945836765e-03,7.722768794412626420e-05,6.038271968582615754e-05
2.092000000000000171e+01,-9.335097802296866629e-03,7.830248870146175484e-05,-1.191447984606621508e-05
2.092999999999999972e+01,-9.807899449199372274e-03,8.254330264385740233e-05,-7.411562996755636915e-05
2.094000000000000128e+01,-1.020170324835928746e-02,8.688312803250934635e-05,-1.232402592351181190e-04
2.094999999999999929e+01,-1.051722815850443353e-02,8.827251572484921707e-05,-1.577625307701948699e-04
2.096000000000000085e+01,-1.075580934430954080e-02,8.378116345347462175e-05,-1.777148454537162453e-04
2.096999999999999886e+01,-1.091975862160229210e-02,7.033477090776167997e-05,-1.849814804709971319e-04
2.098000000000000043e+01,-1.101220953963661861e-02,4.496095189331930452e-05,-1.829114058530676898e-04
2.098999999999999844e+01,-1.103613730496647884e-02,5.836477200135212957e-06,-1.750136387915619774e-04
2.100000000000000000e+01,-1.099369831453315266e-02,-4.703467713406470475e-05,-1.639880382256755302e-04
2.101000000000000156e+01,-1.088680082998889735e-02,-1.124284558382535791e-04,-1.520474606159860436e-04
2.101999999999999957e+01,-1.071805873708355124e-02,-1.889230420346053093e-04,-1.416459126856455962e-04
2.103000000000000114e+01,-1.049070232883649381e-02,-2.748926130655868997e-04,-1.351638680953831141e-04
2.103999999999999915e+01,-1.020746186382081623e-02,-3.674986145294232903e-04,-1.336306064497046154e-04
2.105000000000000071e+01,-9.869914285254610328e-03,-4.621899548025480090e-04,-1.360650542326074651e-04
2.105999999999999872e+01,-9.479297281934737085e-03,-5.537114565084373056e-04,-1.404389514823857997e-04
2.107000000000000028e+01,-9.037989533508528767e-03,-6.377813116054007955e-04,-1.453485864753731804e-04
2.107999999999999829e+01,-8.550008147001025502e-03,-7.117505187478407247e-04,-1.506322182372468407e-04
2.108999999999999986e+01,-8.020109091003757573e-03,-7.738256066986031519e-04,-1.565127367183778533e-04
2.110000000000000142e+01,-7.452901078913287854e-03,-8.222852554102334007e-04,-1.627480473259335851e-04
2.110999999999999943e+01,-6.853102630443271177e-03,-8.558291041739602648e-04,-1.689521762116929604e-04
2.112000000000000099e+01,-6.226107732083599293e-03,-8.742116708995916960e-04,-1.752168009909606900e-04
2.112999999999999901e+01,-5.577645481599724508e-03,-8.779399525595290828e-04,-1.817990454773468084e-04
2.114000000000000057e+01,-4.913098030054491305e-03,-8.676109153544927198e-04,-1.884769884669594369e-04
2.114999999999999858e+01,-4.237595165264339790e-03,-8.440166693792487034e-04,-1.947170630474317631e-04
2.116000000000000014e+01,-3.556470971845969962e-03,-8.085966878397850971e-04,-2.002123019954415799e-04
2.117000000000000171e+01,-2.875193054611637107e-03,-7.633418175458405504e-04,-2.048746028623179996e-04
2.117999999999999972e+01,-2.199088879855673213e-03,-7.104795918771261666e-04,-2.086110872894674959e-04
2.119000000000000128e+01,-1.533432287130103485e-03,-6.525089107027163583e-04,-2.114528456126928992e-04
2.119999999999999929e+01,-8.833669023778649345e-04,-5.920632459322417883e-04,-2.135097826788542820e-04
2.121000000000000085e+01,-2.531893357720826822e-04,-5.311379136572545560e-04,-2.143029726794710749e-04
2.121999999999999886e+01,3.542976772297625572e-04,-4.704129557082408668e-04,-2.122380894039616473e-04
2.123000000000000043e+01,9.375045391177627219e-04,-4.095376350064276684e-04,-2.050862154288815966e-04
2.123999999999999844e+01,1.495174713826976634e-03,-3.480332769863239391e-04,-1.910773674961058666e-04
2.125000000000000000e+01,2.025872494588583372e-03,-2.858255121309639609e-04,-1.695552748363762579e-04
2.126000000000000156e+01,2.528122986002009909e-03,-2.231130007664280891e-04,-1.408738975840531085e-04
2.126999999999999957e+01,3.000699272592709157e-03,-1.600822726402512260e-04,-1.060557966009206035e-04
2.128000000000000114e+01,3.442531368891926964e-03,-9.699760825524778452e-05,-6.675744798772749228e-05
2.128999999999999915e+01,3.852373775012305716e-03,-3.452419160926020693e-05,-2.540467399959283102e-05
2.130000000000000071e+01,4.228819798837974049e-03,2.630816233408768645e-05,1.508287418415733255e-05
2.130999999999999872e+01,4.570604920064992756e-03,8.443849997550096254e-05,5.188153566234832658e-05
2.132000000000000028e+01,4.876314903853073632e-03,1.385190226353162353e-04,8.225147983331478725e-05
2.132999999999999829e+01,5.143704402991979875e-03,1.862870157803928485e-04,1.031391328570057411e-04
2.133999999999999986e+01,5.370209449335012694e-03,2.251497969410372595e-04,1.119624138724393408e-04
2.135000000000000142e+01,5.554510459626043305e-03,2.538097450890816555e-04,1.083281636879019884e-04
2.135999999999999943e+01,5.696617991189271459e-03,2.723736675389518114e-04,9.406478336501978318e-05
2.137000000000000099e+01,5.795978113793349984e-03,2.804630282453029078e-04,7.114103776325247453e-05
2.137999999999999901e+01,5.850769376671473981e-03,2.765347452867963538e-04,4.078133690389063065e-05
2.139000000000000057e+01,5.859803424196991135e-03,2.598135273163797035e-04,5.177422200033465248e-06
2.139999999999999858e+01,5.823792291656782437e-03,2.315538460111040645e-04,-3.155427638790851442e-05
2.141000000000000014e+01,5.743835891566257540e-03,1.934822274966020435e-04,-6.529180950403972361e-05
2.142000000000000171e+01,5.620073114426185276e-03,1.464032963197053731e-04,-9.360133087586957733e-05
2.142999999999999972e+01,5.452953757347576980e-03,9.143570653855129227e-05,-1.146942867382858488e-04
2.144000000000000128e+01,5.244554244207021154e-03,3.126878933871297603e-05,-1.263086886326369952e-04
2.144999999999999929e+01,4.997430442631066103e-03,-3.107194718148368517e-05,-1.270267862640004405e-04
2.146000000000000085e+01,4.713152738208855122e-03,-9.376806912670402261e-05,-1.177663564207491264e-04
2.146999999999999886e+01,4.392945026893899096e-03,-1.556194149756994622e-04,-1.009773370011363667e-04
2.148000000000000043e+01,4.038892045137026585e-03,-2.148795655947099428e-04,-7.917075633925125481e-05
2.148999999999999844e+01,3.653754795855783562e-03,-2.694916251597405019e-04,-5.482297629971955342e-05
2.150000000000000000e+01,3.240406659001810515e-03,-3.177021932689393742e-04,-3.064842561658809083e-05
2.151000000000000156e+01,2.802053210868637317e-03,-3.578825665345863470e-04,-9.088570096563154565e-06
2.151999999999999957e+01,2.342359533508054596e-03,-3.884357662465856217e-04,8.066403345157561818e-06
2.153000000000000114e+01,1.865080846884066210e-03,-4.081900273261209735e-04,1.950302162148075881e-05
2.153999999999999915e+01,1.374223894699278361e-03,-4.162473915717125692e-04,2.467730753377224941e-05
2.155000000000000071e+01,8.746009432085488167e-04,-4.114342446005278390e-04,2.439953318837196481e-05
2.155999999999999872e+01,3.715601534846352120e-04,-3.925752096777734498e-04,2.047981994299262405e-05
2.157000000000000028e+01,-1.296536601127093132e-04,-3.591250932395674490e-04,1.493565531233515282e-05
2.157999999999999829e+01,-6.236288509128453793e-04,-3.108735857628143690e-04,1.007893400234900771e-05
2.158999999999999986e+01,-1.104354050120810813e-03,-2.474790007645335578e-04,8.729936354019227226e-06
2.160000000000000142e+01,-1.566012629883573775e-03,-1.692193791252804256e-04,1.320091988010867201e-05
2.160999999999999943e+01,-2.004056463010511161e-03,-7.798975975982554306e-05,2.409552187690866740e-05
2.162000000000000099e+01,-2.414874508441855472e-03,2.314903329409941928e-05,4.065878414161694344e-05
2.162999999999999901e+01,-2.794742999762127918e-03,1.311617439113006971e-04,6.193372638276972068e-05
2.164000000000000057e+01,-3.139827023765843009e-03,2.431780994283850488e-04,8.689000862580489404e-05
2.164999999999999858e+01,-3.447014305704391469e-03,3.558027236373115373e-04,1.137559498347416321e-04
2.166000000000000014e+01,-3.714137529106804544e-03,4.650492711782053105e-04,1.400268504760581129e-04
2.167000000000000171e+01,-3.939542559511002504e-03,5.669349043249160072e-04,1.631654969331735390e-04
2.167999999999999972e+01,-4.121968438461174646e-03,6.577554381231032199e-04,1.809776525528596200e-04
2.169000000000000128e+01,-4.260753767370938430e-03,7.340207836890713699e-04,1.916228738798100297e-04
2.169999999999999929e+01,-4.355718651844768009e-03,7.926977942685021821e-04,1.938955758900166089e-04
2.171000000000000085e+01,-4.406886102065244760e-03,8.315873330218300072e-04,1.875834695086500399e-04
2.171999999999999886e+01,-4.414676930411058284e-03,8.491963905539643646e-04,1.732588894964075742e-04
2.173000000000000043e+01,-4.380482241510609033e-03,8.442089954720674539e-04,1.516337988987204286e-04
2.173999999999999844e+01,-4.306902175834861034e-03,8.152782528863962951e-04,1.232364648206036759e-04
2.175000000000000000e+01,-4.197339172508444613e-03,7.614499302941330492e-04,8.872918680964542713e-05
2.176000000000000156e+01,-4.055426083391575759e-03,6.827238680417048022e-04,4.935607041666435443e-05
2.176999999999999957e+01,-3.884751675259645164e-03,5.802785094643189744e-04,7.032194844901804343e-06
2.178000000000000114e+01,-3.688672530312673593e-03,4.565643379768667773e-04,-3.571781128599520844e-05
2.178999999999999915e+01,-3.469966486526174058e-03,3.155075553025784153e-04,-7.572370900361042646e-05
2.180000000000000071e+01,-3.230771058006515293e-03,1.623803892255270805e-04,-1.094659059459960877e-04
2.180999999999999872e+01,-2.973146762851758187e-03,3.011794484495134391e-06,-1.339894934573022760e-04
2.182000000000000028e+01,-2.699632486042051645e-03,-1.570038867397666714e-04,-1.477213074959538746e-04
2.182999999999999829e+01,-2.413013884292218754e-03,-3.123056547286541312e-04,-1.503685372666328833e-04
2.183999999999999986e+01,-2.115548788156431260e-03,-4.572197220791328429e-04,-1.421728144578088195e-04
2.185000000000000142e+01,-1.808563851329122443e-03,-5.855916872049953805e-04,-1.234884480729620015e-04
2.185999999999999943e+01,-1.492644618424782523e-03,-6.912155561132072570e-04,-9.492695971228265884e-05
2.187000000000000099e+01,-1.167893494911519461e-03,-7.683197510808486121e-04,-5.753178822193824891e-05
2.187999999999999901e+01,-8.341259350513856178e-04,-8.119652392162597524e-04,-1.284240489442639917e-05
2.189000000000000057e+01,-4.912934181230961105e-04,-8.186282885891179445e-04,3.687591691662724862e-05
2.189999999999999858e+01,-1.398839361089256343e-04,-7.867013962901236567e-04,8.850086362805029572e-05
2.191000000000000014e+01,2.192573447924300314e-04,-7.163477699271888349e-04,1.385620968614174116e-04
2.192000000000000171e+01,5.855063175219138872e-04,-6.088996227207533118e-04,1.841460579888241867e-04
2.192999999999999972e+01,9.586653682751160614e-04,-4.665857439731315739e-04,2.233567137432394996e-04
2.194000000000000128e+01,1.338454041891853690e-03,-2.929314350401072010e-04,2.549746554548208330e-04
2.194999999999999929e+01,1.723855565759882568e-03,-9.324938687576677515e-05,2.779198818905815639e-04
2.196000000000000085e+01,2.112957860231957224e-03,1.254230672619130753e-04,2.911872472262723205e-04
2.196999999999999886e+01,2.503014396719446377e-03,3.546592896525430061e-04,2.939807329388747408e-04
2.198000000000000043e+01,2.890188357277695842e-03,5.847061673567786584e-04,2.855119171387038063e-04
2.198999999999999844e+01,3.269344211487026225e-03,8.046321997771600960e-04,2.648417461820051083e-04
2.200000000000000000e+01,3.634600961754391388e-03,1.003257571550059471e-03,2.314645495846701909e-04
2.201000000000000156e+01,3.980348538426058819e-03,1.170532132983188867e-03,1.862693827575684802e-04
2.201999999999999957e+01,4.301743428707738813e-03,1.298341139258555590e-03,1.318337433941062654e-04
2.203000000000000114e+01,4.594498742821989494e-03,1.380536331859949593e-03,7.186958848855364978e-05
2.203999999999999915e+01,4.854754000310988402e-03,1.412973721492984374e-03,1.065836091962323720e-05
2.205000000000000071e+01,5.079343457553077944e-03,1.393870957171743953e-03,-4.716253071149337429e-05
2.205999999999999872e+01,5.265802134493482306e-03,1.323817767883598640e-03,-9.708466324368319436e-05
2.207000000000000028e+01,5.411902016101585028e-03,1.205238732908715023e-03,-1.356272527586198959e-04
2.207999999999999829e+01,5.515521696259603583e-03,1.042124575392129734e-03,-1.607789871659958227e-04
2.208999999999999986e+01,5.575187990217245551e-03,8.403729058932048884e-04,-1.716309502008646413e-04
2.210000000000000142e+01,5.590493647529101717e-03,6.079379603687388696e-04,-1.680253475481673607e-04
2.210999999999999943e+01,5.561794809636133423e-03,3.542007156835016556e-04,-1.508251434405538888e-04
2.212000000000000099e+01,5.489657487054796885e-03,8.905287737153867581e-05,-1.223096938855628834e-04
2.212999999999999901e+01,5.374779825633428480e-03,-1.775542092654245295e-04,-8.595981226680540646e-05
2.214000000000000057e+01,5.218469418663799694e-03,-4.355060710798888289e-04,-4.559908892098131120e-05
2.214999999999999858e+01,5.023119056524809507e-03,-6.744228439001032690e-04,-4.529714156355587941e-06
2.216000000000000014e+01,4.792061970888262384e-03,-8.841695583128064391e-04,3.466009030168080258e-05
2.217000000000000171e+01,4.528765459253293948e-03,-1.055994970083579208e-03,6.957985660677203890e-05
2.217999999999999972e+01,4.236109665982134079e-03,-1.183518506462596410e-03,9.759833464975717473e-05
2.219000000000000128e+01,3.916496528370449169e-03,-1.262800395337501354e-03,1.162342059926117880e-04
2.219999999999999929e+01,3.572501728165983301e-03,-1.291785600181369386e-03,1.240350826546144768e-04
2.221000000000000085e+01,3.207060630486921644e-03,-1.270141081977354614e-03,1.208774377710826101e-04
2.221999999999999886e+01,2.822937126502598083e-03,-1.199735357464250859e-03,1.074377527274716297e-04
2.223000000000000043e+01,2.422333178723153069e-03,-1.084893244957285327e-03,8.473563409527451863e-05
2.223999999999999844e+01,2.007138424381581850e-03,-9.319293041081131096e-04,5.426932698251279422e-05
2.225000000000000000e+01,1.579169497563763687e-03,-7.486260087549682788e-04,1.808821458929818797e-05
2.226000000000000156e+01,1.139894737819381783e-03,-5.441734215891267908e-04,-2.168516513744839677e-05
2.226999999999999957e+01,6.902226785423769013e-04,-3.289991870805633470e-04,-6.326421251472277504e-05
2.228000000000000114e+01,2.308072987733887887e-04,-1.140511766965482312e-04,-1.050665711670437558e-04
2.228999999999999915e+01,-2.376723142501946569e-04,8.990107101551714848e-05,-1.455914508734015031e-04
2.230000000000000071e+01,-7.146229920587827142e-04,2.725617410327836870e-04,-1.836667182981408289e-04
2.230999999999999872e+01,-1.199421319887008369e-03,4.246034303519040289e-04,-2.184365676033659678e-04
2.232000000000000028e+01,-1.690818374074079403e-03,5.385901848503509871e-04,-2.488569614965916994e-04
2.232999999999999829e+01,-2.186725825174753220e-03,6.094450999427761858e-04,-2.735874647887980471e-04
2.233999999999999986e+01,-2.684777793998695521e-03,6.340627537691302445e-04,-2.916544269597227002e-04
2.235000000000000142e+01,-3.182624572867949041e-03,6.111171836327056097e-04,-3.027957377556765540e-04
2.235999999999999943e+01,-3.677310319899442480e-03,5.417084960517507940e-04,-3.068435288947454396e-04
2.237000000000000099e+01,-4.164886599658910657e-03,4.296830432809914065e-04,-3.033400169460206833e-04
2.237999999999999901e+01,-4.641241091076660913e-03,2.806555850896457751e-04,-2.923549653948557311e-04
2.239000000000000057e+01,-5.103088899199851279e-03,1.008176819142714222e-04,-2.753792158474434012e-04
2.239999999999999858e+01,-5.547693814170339029e-03,-1.030133547659690138e-04,-2.548346969994311055e-04
2.241000000000000014e+01,-5.971843993077612447e-03,-3.226355636768154459e-04,-2.327975847166188468e-04
2.242000000000000171e+01,-6.371579564930291394e-03,-5.484999823025362223e-04,-2.105185855719755449e-04
2.242999999999999972e+01,-6.743027537870245267e-03,-7.708833071307987514e-04,-1.891008690959872229e-04
2.244000000000000128e+01,-7.083500543814967403e-03,-9.813126791329534592e-04,-1.704257482267964750e-04
2.244999999999999929e+01,-7.391878340652759637e-03,-1.173226162405787689e-03,-1.572916652120866091e-04
2.246000000000000085e+01,-7.667845032409583220e-03,-1.341434035719157522e-03,-1.523715149188468684e-04
2.246999999999999886e+01,-7.910537522594806442e-03,-1.480957258345882207e-03,-1.566589413925182771e-04
2.248000000000000043e+01,-8.117946220215745828e-03,-1.586607516456746371e-03,-1.688523994631669603e-04
2.248999999999999844e+01,-8.287524408893527650e-03,-1.653762873692356770e-03,-1.861400079983425515e-04
2.250000000000000000e+01,-8.416722300961064843e-03,-1.679034256810067391e-03,-2.050308328261017362e-04
2.251000000000000156e+01,-8.502453821800820197e-03,-1.659824006594217208e-03,-2.211985707792847361e-04
2.251999999999999957e+01,-8.540609624606156081e-03,-1.593900533772039463e-03,-2.294507120629900537e-04
2.253000000000000114e+01,-8.526944385299880386e-03,-1.480312445031651408e-03,-2.250937779525508705e-04
2.253999999999999915e+01,-8.458425414406852902e-03,-1.320699039313005373e-03,-2.056426416308206799e-04
2.255000000000000071e+01,-8.333409469581012918e-03,-1.119342119248370243e-03,-1.711349018088933539e-04
2.255999999999999872e+01,-8.150884565346757857e-03,-8.822064549659204774e-04,-1.232953843607358839e-04
2.257000000000000028e+01,-7.910112439338014279e-03,-6.163292648794469223e-04,-6.495071938509835920e-05
2.257999999999999829e+01,-7.610932520538654655e-03,-3.298331487732069408e-04,6.885073316928016631e-09
2.258999999999999986e+01,-7.254067783531293126e-03,-3.190671253070436310e-05,6.675164608785606540e-05
2.260000000000000142e+01,-6.841288605583700430e-03,2.673855709587248815e-04,1.298710319981633595e-04
2.260999999999999943e+01,-6.375572296402997122e-03,5.573179953897721165e-04,1.837520071316650757e-04
2.262000000000000099e+01,-5.860910047867631291e-03,8.270768754847631840e-04,2.233002441673794642e-04
2.262999999999999901e+01,-5.301593523182076932e-03,1.066834049381746533e-03,2.450727956091176374e-04
2.264000000000000057e+01,-4.701631308524854488e-03,1.268638551108636691e-03,2.480796952585421523e-04
2.264999999999999858e+01,-4.064790122275701266e-03,1.426611170745818464e-03,2.337162344860560298e-04
2.266000000000000014e+01,-3.394851628349750648e-03,1.536846286318669860e-03,2.052558499467109661e-04
2.267000000000000171e+01,-2.695601577209176883e-03,1.597503613159363244e-03,1.674325425094887946e-04
2.267999999999999972e+01,-1.970628675238257979e-03,1.609008725168412394e-03,1.260784662038055761e-04
2.269000000000000128e+01,-1.223222520183779886e-03,1.574070210412833321e-03,8.757538097606773779e-05
2.269999999999999929e+01,-4.564805799991149726e-04,1.497407681428974523e-03,5.807622174708989215e-05
2.271000000000000085e+01,3.264479217096634541e-04,1.385275041442157696e-03,4.265018304864404559e-05
2.271999999999999886e+01,1.122116600937804985e-03,1.244931508818174562e-03,4.456640569787260797e-05
2.273000000000000043e+01,1.926565867016513580e-03,1.084109905669237506e-03,6.480951348989541570e-05
2.273999999999999844e+01,2.735114703053057039e-03,9.104796099982709248e-04,1.018435643584318342e-04
2.275000000000000000e+01,3.542371691690024589e-03,7.313316324845389130e-04,1.518393303405075195e-04
2.276000000000000156e+01,4.342671810588724819e-03,5.536991296659329919e-04,2.095236657576621676e-04
2.276999999999999957e+01,5.130496099082615391e-03,3.844700568452544525e-04,2.691224104406136821e-04
2.278000000000000114e+01,5.900187712377883559e-03,2.298131725329735479e-04,3.246429149315498879e-04
2.278999999999999915e+01,6.645357326246693029e-03,9.433196353392402284e-05,3.698649521840747731e-04
2.280000000000000071e+01,7.359165651860629688e-03,-1.885111820097916562e-05,3.991870975653947400e-04
2.280999999999999872e+01,8.035374628265888608e-03,-1.071987077552936343e-04,4.091146619538490212e-04
2.282000000000000028e+01,8.668617715600920523e-03,-1.686154616085455205e-04,3.987405858232900184e-04
2.282999999999999829e+01,9.253549577853325755e-03,-2.023887364271682572e-04,3.688820464475865094e-04
2.283999999999999986e+01,9.784469995607562171e-03,-2.095983635730256029e-04,3.215302534481179002e-04
2.285000000000000142e+01,1.025613260541913263e-02,-1.922876699175577310e-04,2.603389796088984346e-04
2.285999999999999943e+01,1.066436253970289363e-02,-1.527928593640664632e-04,1.907545394174606332e-04
2.287000000000000099e+01,1.100559276748351058e-02,-9.412866914358008130e-05,1.189366634647677994e-04
2.287999999999999901e+01,1.127629558455522062e-02,-2.044423561515737532e-05,5.055260199681565071e-05
2.289000000000000057e+01,1.147304159569115765e-02,6.318713381820655983e-05,-9.732193060777289518e-06
2.289999999999999858e+01,1.159252144667532840e-02,1.509732038821114087e-04,-5.867784765255458008e-05
2.291000000000000014e+01,1.163125788420476224e-02,2.363264251986975947e-04,-9.503164614924629642e-05
2.292000000000000171e+01,1.158574043034545434e-02,3.122323091001843738e-04,-1.194672342783079078e-04
2.292999999999999972e+01,1.145301014007675360e-02,3.720718830275442286e-04,-1.339021645085008766e-04
2.294000000000000128e+01,1.123089145265786584e-02,4.100741258811792505e-04,-1.410504397663851317e-04
2.294999999999999929e+01,1.091799122277858566e-02,4.215057690521432270e-04,-1.441306899416675902e-04
2.296000000000000085e+01,1.051410178436067502e-02,4.032230381459252461e-04,-1.461426872959821011e-04
2.296999999999999886e+01,1.002045550427240958e-02,3.540186472525301076e-04,-1.493262178422715921e-04
2.298000000000000043e+01,9.439181952071643358e-03,2.741150833061498072e-04,-1.554712094865870562e-04
2.298999999999999844e+01,8.773135360966622526e-03,1.649814664230072573e-04,-1.659021956597697158e-04
2.300000000000000000e+01,8.027196958651708694e-03,3.056680130756554687e-05,-1.800891166841054420e-04
2.301000000000000156e+01,7.209384911261496054e-03,-1.217476010786764002e-04,-1.946587426354972380e-04
2.301999999999999957e+01,6.329686890504757774e-03,-2.825584449809578707e-04,-2.048849115130402167e-04
2.303000000000000114e+01,5.397941746527428267e-03,-4.428336667541914163e-04,-2.071609994304110319e-04
2.303999999999999915e+01,4.423483393747056416e-03,-5.945253544934348683e-04,-1.995857982082255982e-04
2.305000000000000071e+01,3.416163765423986618e-03,-7.297794747227957486e-04,-1.810381035658227848e-04
2.305999999999999872e+01,2.386434703625598969e-03,-8.410700363686846167e-04,-1.511038599156762699e-04
2.307000000000000028e+01,1.344362772652337931e-03,-9.223666556859124507e-04,-1.109563475554690911e-04
2.307999999999999829e+01,2.992282731253228297e-04,-9.696581577526249603e-04,-6.349258840480738919e-05
2.308999999999999986e+01,-7.401512138962754563e-04,-9.806844138961841491e-04,-1.260613891262185772e-05
2.310000000000000142e+01,-1.765510623996237359e-03,-9.550163561608531349e-04,3.721145832538565976e-05
2.310999999999999943e+01,-2.769522566389423599e-03,-8.943621681766005752e-04,8.102383868556351626e-05
2.312000000000000099e+01,-3.745580224786027555e-03,-8.022031094745669206e-04,1.142095871425789446e-04
2.312999999999999901e+01,-4.687409369529450462e-03,-6.832046152568978107e-04,1.333205580402456090e-04
2.314000000000000057e+01,-5.589435625965516637e-03,-5.433389598474791483e-04,1.360641073700775950e-04
2.314999999999999858e+01,-6.447318925795452946e-03,-3.901297874620928384e-04,1.210030126950347004e-04
2.316000000000000014e+01,-7.257616639755893814e-03,-2.319872111725714405e-04,8.800684314087600245e-05
2.317000000000000171e+01,-8.017049434841777220e-03,-7.713396256751672299e-05,3.893340499809455125e-05
2.317999999999999972e+01,-8.722435879724646166e-03,6.678575980186606865e-05,-2.255231199808273792e-05
2.319000000000000128e+01,-9.371095273608668133e-03,1.926059581975200709e-04,-9.178081754870049650e-05
2.319999999999999929e+01,-9.960801092966483500e-03,2.939590884721502827e-04,-1.635226336578418660e-04
2.321000000000000085e+01,-1.048924499648604819e-02,3.660405007369009305e-04,-2.320027597286860547e-04
2.321999999999999886e+01,-1.095360190775870532e-02,4.062050298178106330e-04,-2.910607476835574774e-04
2.323000000000000043e+01,-1.135043330373147405e-02,4.141448378121247685e-04,-3.346601181016618841e-04
2.323999999999999844e+01,-1.167594193915902356e-02,3.916346688597523314e-04,-3.576971207990643558e-04
2.325000000000000000e+01,-1.192659178724045366e-02,3.418439523698500694e-04,-3.570343240725267321e-04
2.326000000000000156e+01,-1.209968003868031571e-02,2.686500871841310061e-04,-3.322578457423646238e-04
2.326999999999999957e+01,-1.219334452973948844e-02,1.764848239187590917e-04,-2.856018398449486503e-04
2.328000000000000114e+01,-1.220632021434116081e-02,7.040441738470691428e-05,-2.213785100760586955e-04
2.328999999999999915e+01,-1.213820993514413103e-02,-4.437485478165666261e-05,-1.457217280361495918e-04
2.330000000000000071e+01,-1.199018113504392476e-02,-1.633672292611563473e-04,-6.657805940399383457e-05
2.330999999999999872e+01,-1.176515743832283641e-02,-2.831821167563782610e-04,6.950049057773780612e-06
2.332000000000000028e+01,-1.146727070948890329e-02,-4.011250814910787021e-04,6.604524057421837864e-05
2.332999999999999829e+01,-1.110145779258344366e-02,-5.149273125870225485e-04,1.033859852358276688e-04
2.333999999999999986e+01,-1.067361090003100289e-02,-6.230132422013260046e-04,1.136253008093161197e-04
2.335000000000000142e+01,-1.019040566375808282e-02,-7.244270608024697567e-04,9.395586510177350603e-05
2.335999999999999943e+01,-9.658301968173277005e-03,-8.179251194154312649e-04,4.519080232212622990e-05
2.337000000000000099e+01,-9.082793412703843786e-03,-9.013319598549987674e-04,-2.778776416709701521e-05
2.337999999999999901e+01,-8.468844289006266512e-03,-9.721024525627189328e-04,-1.171296185789728032e-04
2.339000000000000057e+01,-7.821618911949266770e-03,-1.028175433142441281e-03,-2.136471567659291998e-04
2.339999999999999858e+01,-7.146176313904836763e-03,-1.067779179246364099e-03,-3.075253785682258742e-04
2.341000000000000014e+01,-6.446592834281296945e-03,-1.088661746461434430e-03,-3.885121928933356187e-04
2.342000000000000171e+01,-5.725915616101232355e-03,-1.088159730593112485e-03,-4.469283387974016196e-04
2.342999999999999972e+01,-4.986942505220848081e-03,-1.064089018514944836e-03,-4.753654117061092543e-04
2.344000000000000128e+01,-4.232592354056334029e-03,-1.015200983195276236e-03,-4.697004639579269061e-04
2.344999999999999929e+01,-3.465622757622516606e-03,-9.409547651465275482e-04,-4.291204507982251492e-04
2.346000000000000085e+01,-2.688762355931033701e-03,-8.416730806149706756e-04,-3.562124042087415213e-04
2.346999999999999886e+01,-1.905477082377633833e-03,-7.192893533357832842e-04,-2.573227625498097958e-04
2.348000000000000043e+01,-1.120261829683781097e-03,-5.775635282174882085e-04,-1.420849399224336982e-04
2.348999999999999844e+01,-3.380226219133924720e-04,-4.213374956564948869e-04,-2.177640690867954792e-05
2.350000000000000000e+01,4.364900022218158203e-04,-2.558125881481751376e-04,9.237288369989708813e-05
2.351000000000000156e+01,1.198622434050810584e-03,-8.643866206112890314e-05,1.902032879337649197e-04
2.351999999999999957e+01,1.943730158497552823e-03,8.117530532576332399e-05,2.634723714511564554e-04
2.353000000000000114e+01,2.667473256138919602e-03,2.417325698636899371e-04,3.068446864559634885e-04
2.353999999999999915e+01,3.365986401450888656e-03,3.905800496191103250e-04,3.184368934120046534e-04
2.355000000000000071e+01,4.035518165235157245e-03,5.234903200699450934e-04,2.994933459716177422e-04
2.355999999999999872e+01,4.672098648784313996e-03,6.364576007566073246e-04,2.537900223405846175e-04
2.357000000000000028e+01,5.271862310803117173e-03,7.261316977837667256e-04,1.874370645307268598e-04
2.357999999999999829e+01,5.831647812898089686e-03,7.904959815392616522e-04,1.087275312262829378e-04
2.358999999999999986e+01,6.349088913010988988e-03,8.289901868870437531e-04,2.729694057789958418e-05
2.360000000000000142e+01,6.822267417302618590e-03,8.421505449018940655e-04,-4.723019000289011693e-05
2.360999999999999943e+01,7.249704740285515224e-03,8.315502909476758017e-04,-1.062117239390815367e-04
2.362000000000000099e+01,7.630864426607992211e-03,8.002099304307103101e-04,-1.423282986062609167e-04
2.362999999999999901e+01,7.966272281183928508e-03,7.525790205671505952e-04,-1.501352723813189683e-04
2.364000000000000057e+01,8.256632062754395290e-03,6.934820156602214229e-04,-1.273626772610278630e-04
2.364999999999999858e+01,8.501889268936200020e-03,6.270128869008374187e-04,-7.590313825789133642e-05
2.366000000000000014e+01,8.701594810537550267e-03,5.567480137226848026e-04,-1.111084600489963116e-06
2.367000000000000171e+01,8.856016637567524358e-03,4.867128659340365913e-04,8.993114469553527431e-05
2.367999999999999972e+01,8.966240007999752223e-03,4.213295875736044810e-04,1.892900842818628459e-04
2.369000000000000128e+01,9.033289132699616822e-03,3.643915049025248337e-04,2.881728782812689521e-04
2.369999999999999929e+01,9.058000943385179082e-03,3.188154023464011668e-04,3.777193998149749573e-04
2.371000000000000085e+01,9.041788371718503456e-03,2.873069620141154804e-04,4.506207149808577140e-04
2.371999999999999886e+01,8.986576665131409611e-03,2.722156627966336256e-04,5.017334425782120095e-04
2.373000000000000043e+01,8.893808684777853787e-03,2.744899850602708141e-04,5.275630627937812327e-04
2.373999999999999844e+01,8.764435741575732353e-03,2.936660477734888766e-04,5.265401323720554118e-04
2.375000000000000000e+01,8.600074482614508339e-03,3.290566960031629691e-04,5.002109638406190351e-04
2.376000000000000156e+01,8.403172042149265400e-03,3.799617813715256993e-04,4.531322159516238497e-04
2.376999999999999957e+01,8.175793360528770676e-03,4.445222696014425540e-04,3.911550732039024308e-04
2.378000000000000114e+01,7.919198371954132981e-03,5.194064029463787719e-04,3.203975129787358126e-04
2.378999999999999915e+01,7.634770458771472992e-03,6.008814513189279175e-04,2.475211220373984200e-04
2.380000000000000071e+01,7.324376270764108680e-03,6.853273573859000687e-04,1.794049369119820301e-04
2.380999999999999872e+01,6.989763051931783926e-03,7.687927880099383561e-04,1.218928587789977616e-04
2.382000000000000028e+01,6.632723560954083622e-03,8.473238334026446167e-04,7.942653085330432972e-05
2.382999999999999829e+01,6.256101097985741072e-03,9.181174557759198048e-04,5.564090384412790822e-05
2.383999999999999986e+01,5.863760276941969336e-03,9.796048873773294079e-04,5.303746914019300945e-05
2.385000000000000142e+01,5.459465977892705331e-03,1.030416634024779220e-03,7.174134617539091403e-05
2.385999999999999943e+01,5.046568208188762644e-03,1.069145188484177562e-03,1.093090723231793801e-04
2.387000000000000099e+01,4.628626461122565747e-03,1.095035416223795726e-03,1.616958323803806079e-04
2.387999999999999901e+01,4.209373229074074574e-03,1.107991744880406498e-03,2.237135756947176502e-04
2.389000000000000057e+01,3.792043441176980514e-03,1.107935585276113378e-03,2.889755114841148997e-04
2.389999999999999858e+01,3.379406752894635688e-03,1.094858963696749557e-03,3.506278645905859764e-04
2.391000000000000014e+01,2.974251711310224502e-03,1.069317427972914670e-03,4.025290211142714585e-04
2.392000000000000171e+01,2.579200231989031093e-03,1.032235587509212557e-03,4.396706019339488894e-04
2.392999999999999972e+01,2.196179737885127926e-03,9.843618889603233252e-04,4.581374382251057883e-04
2.394000000000000128e+01,1.826486060726133535e-03,9.263141108003410378e-04,4.555191215829651995e-04
2.394999999999999929e+01,1.471231337790806322e-03,8.590048682420422990e-04,4.315214656686518365e-04
2.396000000000000085e+01,1.131626183849395936e-03,7.838867833634688420e-04,3.881863644727658242e-04
2.396999999999999886e+01,8.091660567833580155e-04,7.030812508396177803e-04,3.297820783275309114e-04
2.398000000000000043e+01,5.055560337161997498e-04,6.192251081542782254e-04,2.622295902868656105e-04
2.398999999999999844e+01,2.219804535677465248e-04,5.346551635408496820e-04,1.917601804174709414e-04
2.400000000000000000e+01,-4.144024736963976258e-05,4.507944624810223040e-04,1.237673979302422744e-04
2.401000000000000156e+01,-2.847957780532068368e-04,3.689511447797417013e-04,6.311903689829574215e-05
2.401999999999999957e+01,-5.071645124373249389e-04,2.914749240110692187e-04,1.486719370787966561e-05
2.403000000000000114e+01,-7.071416996898248486e-04,2.211429087346375249e-04,-1.675266533833887159e-05
2.403999999999999915e+01,-8.846493475208963304e-04,1.592751399988318181e-04,-3.043281265676788745e-05
2.405000000000000071e+01,-1.041462696106910772e-03,1.051828270717331730e-04,-2.831903156951838998e-05
2.405999999999999872e+01,-1.179856073647885060e-03,5.754088070092660303e-05,-1.438336944899185899e-05
2.407000000000000028e+01,-1.301393307841748051e-03,1.562307154531350975e-05,7.186208826437262497e-06
2.407999999999999829e+01,-1.407110453279272451e-03,-2.086791744767429413e-05,3.222906412946860752e-05
2.408999999999999986e+01,-1.498039493378740912e-03,-5.231753724756840762e-05,5.651712750360323063e-05
2.410000000000000142e+01,-1.575024167581745311e-03,-7.900886688282126365e-05,7.634643048943686708e-05
2.410999999999999943e+01,-1.638501968450861278e-03,-1.009032935771814784e-04,8.908779346510017916e-05
2.412000000000000099e+01,-1.689104233617797716e-03,-1.182401910504213933e-04,9.282721528874811638e-05
2.412999999999999901e+01,-1.728403018998707873e-03,-1.322660215030557079e-04,8.580283373046997336e-05
2.414000000000000057e+01,-1.758618768362908225e-03,-1.448990563773957629e-04,6.683540004012512349e-05
2.414999999999999858e+01,-1.781574338820060728e-03,-1.576336886988311588e-04,3.640517041829994290e-05
2.416000000000000014e+01,-1.798382176386616313e-03,-1.711936201186370083e-04,-3.172687602173185891e-06
2.417000000000000171e+01,-1.810388198893729626e-03,-1.864532508299173005e-04,-4.896137789672740695e-05
2.417999999999999972e+01,-1.820140716982528509e-03,-2.053701027176197769e-04,-9.866110613084134822e-05
2.419000000000000128e+01,-1.831181423886554197e-03,-2.307129387949075040e-04,-1.506378910278899949e-04
2.419999999999999929e+01,-1.847102370658596903e-03,-2.650456019444016528e-04,-2.031853741670306519e-04
2.421000000000000085e+01,-1.871056876218155822e-03,-3.101784977961318272e-04,-2.542527121436898344e-04
2.421999999999999886e+01,-1.905975288760277482e-03,-3.673472604187704967e-04,-3.018877484634591027e-04
2.423000000000000043e+01,-1.954790476697443324e-03,-4.374193277378777243e-04,-3.446618048204064580e-04
2.423999999999999844e+01,-2.020212379562798255e-03,-5.206671540684344908e-04,-3.815938867205428075e-04
2.425000000000000000e+01,-2.104220110295017439e-03,-6.162857516382340200e-04,-4.117588921215156283e-04
2.426000000000000156e+01,-2.207643734771837143e-03,-7.220388017427627160e-04,-4.339831803891335167e-04
2.426999999999999957e+01,-2.330122775900384316e-03,-8.343251955691758899e-04,-4.469276330998579239e-04
2.428000000000000114e+01,-2.470479782606654646e-03,-9.486961682401618854e-04,-4.495737293571220477e-04
2.428999999999999915e+01,-2.627158803729488443e-03,-1.060455579290818734e-03,-4.417176133981559442e-04
2.430000000000000071e+01,-2.798311542577361453e-03,-1.164911148258627625e-03,-4.240256829633524504e-04
2.430999999999999872e+01,-2.981579284948121782e-03,-1.257319055974093431e-03,-3.977080618438609051e-04
2.432000000000000028e+01,-3.173887620303330204e-03,-1.332838650321744407e-03,-3.641584737145513151e-04
2.432999999999999829e+01,-3.371395240048311644e-03,-1.386636842381101190e-03,-3.247319674814069779e-04
2.433999999999999986e+01,-3.569641594034803685e-03,-1.414180542959468309e-03,-2.807207984926226446e-04
2.435000000000000142e+01,-3.763927655247620730e-03,-1.411739128619884020e-03,-2.335583064922225002e-04
2.435999999999999943e+01,-3.949729472123388041e-03,-1.376881073011526884e-03,-1.850334005635321610e-04
2.437000000000000099e+01,-4.122835579561037224e-03,-1.308644583508261541e-03,-1.372003732759309721e-04
2.437999999999999901e+01,-4.279270246506917258e-03,-1.207441945975233112e-03,-9.206369787719088037e-05
2.439000000000000057e+01,-4.415320513151801789e-03,-1.075017748585858392e-03,-5.138139594918808399e-05
2.439999999999999858e+01,-4.527734515770834300e-03,-9.145292091569255828e-04,-1.666748705872094568e-05
2.441000000000000014e+01,-4.613891644408744420e-03,-7.305492540339979810e-04,1.080367564832442989e-05
2.442000000000000171e+01,-4.671849357047152748e-03,-5.289007589410275444e-04,3.008215319132642604e-05
2.442999999999999972e+01,-4.700423403612249106e-03,-3.164854207528020958e-04,4.055430899109500398e-05
2.444000000000000128e+01,-4.699365193360159967e-03,-1.011775399525395455e-04,4.182158412239558572e-05
2.444999999999999929e+01,-4.669420242288022625e-03,1.084257248075759571e-04,3.366913478235344253e-05
2.446000000000000085e+01,-4.612131375426150454e-03,3.035206669789288414e-04,1.625527730549071009e-05
2.446999999999999886e+01,-4.529579637215076435e-03,4.756685725690034945e-04,-9.687956961709333638e-06
2.448000000000000043e+01,-4.424190318183928577e-03,6.172766618603641939e-04,-4.278354925307372770e-05
2.448999999999999844e+01,-4.298456121732976108e-03,7.221190718292077454e-04,-8.092630031688423928e-05
2.450000000000000000e+01,-4.154574981549572811e-03,7.858827529054295252e-04,-1.211914380256718445e-04
2.451000000000000156e+01,-3.994221333604179927e-03,8.065047165506994062e-04,-1.599513612594729932e-04
2.451999999999999957e+01,-3.818496102637148563e-03,7.842478563668088066e-04,-1.932233900320015315e-04
2.453000000000000114e+01,-3.627819185243148087e-03,7.217495336390279768e-04,-2.169787978421440717e-04
2.453999999999999915e+01,-3.421708306591009826e-03,6.240982858430608234e-04,-2.273289453920131035e-04
2.455000000000000071e+01,-3.198879435238130651e-03,4.985082425383541380e-04,-2.209906534209626927e-04
2.455999999999999872e+01,-2.957896118580366669e-03,3.533833017930462024e-04,-1.961949954549248017e-04
2.457000000000000028e+01,-2.697661336064406841e-03,1.975057723581709096e-04,-1.532617622364996894e-04
2.457999999999999829e+01,-2.417130659495322909e-03,3.998843090891034417e-05,-9.420178092820263925e-05
2.458999999999999986e+01,-2.115015794900209061e-03,-1.097733495565885164e-04,-2.215669387961793712e-05
2.460000000000000142e+01,-1.790545979896162850e-03,-2.431990541084015026e-04,5.823837061619096926e-05
2.460999999999999943e+01,-1.444702153583906842e-03,-3.540457234376103704e-04,1.401909967724706315e-04
2.462000000000000099e+01,-1.080310902443703874e-03,-4.387114702186837548e-04,2.154015768504108559e-04
2.462999999999999901e+01,-7.007840786951222275e-04,-4.951115698509189582e-04,2.761234099245849709e-04
2.464000000000000057e+01,-3.092646844207249139e-04,-5.219139087571933455e-04,3.166995964115241016e-04
2.464999999999999858e+01,9.056388242503682947e-05,-5.193936237290958709e-04,3.332409322801827413e-04
2.466000000000000014e+01,4.932455829457681662e-04,-4.906394032828250654e-04,3.227250411355464099e-04
2.467000000000000171e+01,8.918104555728923865e-04,-4.411827804216705709e-04,2.834561643008564127e-04
2.467999999999999972e+01,1.279295762755280983e-03,-3.773056975661606303e-04,2.165788120477938478e-04
2.469000000000000128e+01,1.649823509892034759e-03,-3.047774516536694333e-04,1.268342783783767591e-04
2.469999999999999929e+01,1.998660484107765787e-03,-2.286224770598015686e-04,2.196873157677626379e-05
2.471000000000000085e+01,2.322094737661883207e-03,-1.530928929549382539e-04,-8.830008145845787680e-05
2.471999999999999886e+01,2.617505936151523493e-03,-8.147281553525584504e-05,-1.932768503289884125e-04
2.473000000000000043e+01,2.883064353926463076e-03,-1.628075513123284937e-05,-2.826873873757584769e-04
2.473999999999999844e+01,3.117137678259938090e-03,4.021795450035535306e-05,-3.482558946945845378e-04
2.475000000000000000e+01,3.318364365971233649e-03,8.615343129551751567e-05,-3.843827599564006046e-04
2.476000000000000156e+01,3.486339380344634451e-03,1.207830118869279912e-04,-3.879385993400700844e-04
2.476999999999999957e+01,3.621616453870657448e-03,1.445048147545942741e-04,-3.584661144410329235e-04
2.478000000000000114e+01,3.724794642271763573e-03,1.579313949603107568e-04,-2.989817192974145751e-04
2.478999999999999915e+01,3.796059343513712332e-03,1.614143534819672177e-04,-2.159706498355892909e-04
2.480000000000000071e+01,3.835989289190943913e-03,1.558305813692412178e-04,-1.178290365492647536e-04
2.480999999999999872e+01,3.846634317535705446e-03,1.436106657639229568e-04,-1.291089560346590259e-05
2.482000000000000028e+01,3.831453820335564090e-03,1.285844897378194719e-04,9.126545054334177145e-05
2.482999999999999829e+01,3.794144906400290923e-03,1.146911188800277736e-04,1.876384837606832130e-04
2.483999999999999986e+01,3.737673123910847679e-03,1.049011232408530737e-04,2.693814926846700404e-04
2.485000000000000142e+01,3.664439660038630760e-03,1.013041693231480500e-04,3.307450187796614929e-04
2.485999999999999943e+01,3.577109457713883479e-03,1.058776241173747953e-04,3.683903165811882544e-04
2.487000000000000099e+01,3.478848164303658449e-03,1.206699797956995227e-04,3.818700320596684250e-04
2.487999999999999901e+01,3.372532157638142691e-03,1.469700656425421668e-04,3.728216164613051397e-04
2.489000000000000057e+01,3.259999967682005242e-03,1.845527607427131724e-04,3.440184014475127362e-04
2.489999999999999858e+01,3.142364249685341334e-03,2.320289081521653479e-04,2.993522974024630788e-04
2.491000000000000014e+01,3.020790310841368030e-03,2.876900195461418370e-04,2.441519613061962808e-04
2.492000000000000171e+01,2.896608156989233414e-03,3.496978177032891363e-04,1.847120589858274964e-04
2.492999999999999972e+01,2.770846160283332599e-03,4.157062398621986870e-04,1.271925425137324897e-04
2.494000000000000128e+01,2.644007455589124887e-03,4.827431924239928055e-04,7.680358148394350495e-05
2.494999999999999929e+01,2.516322945794198691e-03,5.475827899055505993e-04,3.757031821227122469e-05
2.496000000000000085e+01,2.388090858946779419e-03,6.072055599910240221e-04,1.230801071896411224e-05
2.496999999999999886e+01,2.259778356605341657e-03,6.590105692534520146e-04,2.492790158057334139e-06
2.498000000000000043e+01,2.131844734372508477e-03,7.007350766719330900e-04,8.005017432998076007e-06
2.498999999999999844e+01,2.004459340833663911e-03,7.302575993723665155e-04,2.693867729054486463e-05
2.500000000000000000e+01,1.877463551509734804e-03,7.456358974413548717e-04,5.582572717267932522e-05
2.501000000000000156e+01,1.750712652888674302e-03,7.455098287142445735e-04,9.036840578396227158e-05
2.501999999999999957e+01,1.624387130429021456e-03,7.294474596859159979e-04,1.261972983330855421e-04
2.503000000000000114e+01,1.498911053626618244e-03,6.978669269273312260e-04,1.592328725228013607e-04
2.503999999999999915e+01,1.374832353715894342e-03,6.518914190111434193e-04,1.859679146363271967e-04
2.505000000000000071e+01,1.253013068992542669e-03,5.934863794322198585e-04,2.039793180789360131e-04
2.505999999999999872e+01,1.134717276805262669e-03,5.254654150928648364e-04,2.122169447207352235e-04
2.507000000000000028e+01,1.021249817580204607e-03,4.510245723210254886e-04,2.107166114087517860e-04
2.507999999999999829e+01,9.135873635130822585e-04,3.732609170562504238e-04,2.002071702576629377e-04
2.508999999999999986e+01,8.123686130960394844e-04,2.950530592017004900e-04,1.820046396645144595e-04
2.510000000000000142e+01,7.179620787965885521e-04,2.190262172109425239e-04,1.579245571609071879e-04
2.510999999999999943e+01,6.304025836559262828e-04,1.473964703468375916e-04,1.300209528123991620e-04
2.512000000000000099e+01,5.493692510203071521e-04,8.187133323695964919e-05,1.003493694169017429e-04
2.512999999999999901e+01,4.742326241911495009e-04,2.363676593934793552e-05,7.080316590825452112e-05
2.514000000000000057e+01,4.040191563879759560e-04,-2.671942579698578405e-05,4.289144495100063185e-05
2.514999999999999858e+01,3.374100738982682116e-04,-6.922917427618859758e-05,1.759447244640210015e-05
2.516000000000000014e+01,2.729313660469740018e-04,-1.043559572246915057e-04,-4.541404007571283990e-06
2.517000000000000171e+01,2.090717286008267708e-04,-1.328646879576567781e-04,-2.333845757382537302e-05
2.517999999999999972e+01,1.441157639930133012e-04,-1.559631477517914712e-04,-3.916124188388050596e-05
2.519000000000000128e+01,7.610159982480628829e-05,-1.753041891943334996e-04,-5.291267406844825269e-05
2.519999999999999929e+01,3.213518269557483958e-06,-1.925439812725370382e-04,-6.556112597181180327e-05
2.521000000000000085e+01,-7.591356519537424317e-05,-2.089912512998258975e-04,-7.776082978541368077e-05
2.521999999999999886e+01,-1.624096113041079430e-04,-2.257837111365587005e-04,-9.001280612401051215e-05
2.523000000000000043e+01,-2.574651063207683945e-04,-2.441467260636385095e-04,-1.029114838521257827e-04
2.523999999999999844e+01,-3.622791105498836652e-04,-2.653035626452514523e-04,-1.170409045928780386e-04
2.525000000000000000e+01,-4.779627123461316959e-04,-2.903430427549906099e-04,-1.328330046009943430e-04
2.526000000000000156e+01,-6.056936681419329777e-04,-3.203412588620093847e-04,-1.506866558256107780e-04
2.526999999999999957e+01,-7.468309720223211164e-04,-3.564436624645984930e-04,-1.710483519048014748e-04
2.528000000000000114e+01,-9.027888343122965125e-04,-3.997077739725732738e-04,-1.942559695279004299e-04
2.528999999999999915e+01,-1.074919033462126651e-03,-4.509598033537656888e-04,-2.204070921889572253e-04
2.530000000000000071e+01,-1.264510020462555635e-03,-5.107764832554877133e-04,-2.493672930147908294e-04
2.530999999999999872e+01,-1.472760154859534742e-03,-5.794505946597714200e-04,-2.807757732065519342e-04
2.532000000000000028e+01,-1.700827861360535006e-03,-6.570428372360336911e-04,-3.141462445295349778e-04
2.532999999999999829e+01,-1.949850094061786072e-03,-7.434102478424961047e-04,-3.489458054983374919e-04
2.533999999999999986e+01,-2.220331653350008077e-03,-8.376206934143780748e-04,-3.840708525823754950e-04
2.535000000000000142e+01,-2.511148996207925987e-03,-9.370179242381278207e-04,-4.170212655179810868e-04
2.535999999999999943e+01,-2.819545733137019533e-03,-1.037327846731776488e-03,-4.441798498245233648e-04
2.537000000000000099e+01,-3.142372544689723927e-03,-1.134039850984849525e-03,-4.623749421205860686e-04
2.537999999999999901e+01,-3.476787411046231620e-03,-1.223245409651039194e-03,-4.698238433808615312e-04
2.539000000000000057e+01,-3.819449305962814047e-03,-1.300959117095986523e-03,-4.654606724246424486e-04
2.539999999999999858e+01,-4.165818816738048672e-03,-1.362550783468636020e-03,-4.483133056290019127e-04
2.541000000000000014e+01,-4.510880114224975930e-03,-1.403600996887226053e-03,-4.182477432535010179e-04
2.542000000000000171e+01,-4.849989956922782196e-03,-1.420860421484023816e-03,-3.767235201620972376e-04
2.542999999999999972e+01,-5.178695492874111836e-03,-1.412138858578591318e-03,-3.263792388172374295e-04
2.544000000000000128e+01,-5.492631984693093113e-03,-1.376235501944075455e-03,-2.705948294956337795e-04
2.544999999999999929e+01,-5.788165948538577174e-03,-1.313569025395094122e-03,-2.137140805706660724e-04
2.546000000000000085e+01,-6.062425904503183048e-03,-1.226141164819824275e-03,-1.605846634412348847e-04
2.546999999999999886e+01,-6.312425073498540568e-03,-1.116551164408146300e-03,-1.152003780433551872e-04
2.548000000000000043e+01,-6.535135864096065610e-03,-9.879380040679461208e-04,-8.038992024481370665e-05
2.548999999999999844e+01,-6.728787032591102522e-03,-8.451107101508140672e-04,-5.880868907266132697e-05
2.550000000000000000e+01,-6.893050785398246831e-03,-6.945187361310182095e-04,-5.286027735488098376e-05
2.551000000000000156e+01,-7.027494545060522339e-03,-5.424605779128446751e-04,-6.299084107951795439e-05
2.551999999999999957e+01,-7.130832114484501882e-03,-3.941076562111417805e-04,-8.700180973864202617e-05
2.553000000000000114e+01,-7.202073905284478265e-03,-2.544511559330704859e-04,-1.214649811515435571e-04
2.553999999999999915e+01,-7.241385162703743196e-03,-1.289610545868969066e-04,-1.629325458249088622e-04
2.555000000000000071e+01,-7.249398559909833555e-03,-2.270450120223069362e-05,-2.076299119103853662e-04
2.555999999999999872e+01,-7.226529483451595362e-03,6.050357645794646785e-05,-2.511937357682334816e-04
2.557000000000000028e+01,-7.173153008978205153e-03,1.180434754284851356e-04,-2.892996389364097714e-04
2.557999999999999829e+01,-7.089440490623244960e-03,1.487248403667774217e-04,-3.179345520077170111e-04
2.558999999999999986e+01,-6.974588023285081644e-03,1.535658768877084255e-04,-3.330401203662505458e-04
2.560000000000000142e+01,-6.826792609173651556e-03,1.357504159658612494e-04,-3.308802811119787232e-04
2.560999999999999943e+01,-6.644222533640652475e-03,9.953076234718124973e-05,-3.093096705460676894e-04
2.562000000000000099e+01,-6.425600255656536801e-03,4.948607825868241899e-05,-2.684679572882412335e-04
2.562999999999999901e+01,-6.169908596645396273e-03,-9.360797524383822110e-06,-2.103857697142900258e-04
2.564000000000000057e+01,-5.876157165599975481e-03,-7.150424750012579337e-05,-1.384766230536478798e-04
2.564999999999999858e+01,-5.543589142918999360e-03,-1.313684918741251230e-04,-5.733386908952694264e-05
2.566000000000000014e+01,-5.171885092692334041e-03,-1.837154142379487237e-04,2.758050124641450924e-05
2.567000000000000171e+01,-4.761325316485675620e-03,-2.239958720289492394e-04,1.103554942091838811e-04
2.567999999999999972e+01,-4.312983216854056681e-03,-2.487047721241999001e-04,1.850427435262980472e-04
2.569000000000000128e+01,-3.828543968079522151e-03,-2.553277440612262235e-04,2.464077688484008800e-04
2.569999999999999929e+01,-3.309941358269994673e-03,-2.420751455832578672e-04,2.907515701694469296e-04
2.571000000000000085e+01,-2.759678976346391539e-03,-2.082682571244465230e-04,3.158902413563367036e-04
2.571999999999999886e+01,-2.181603438487304033e-03,-1.551294748559560140e-04,3.205443960002648867e-04
2.573000000000000043e+01,-1.580803218440230513e-03,-8.563927080969686292e-05,3.044881296470397427e-04
2.573999999999999844e+01,-9.625816370935568432e-04,-3.424300680621525575e-06,2.694689378184738954e-04
2.575000000000000000e+01,-3.319846799240631354e-04,8.781681338931471108e-05,2.193683072225040330e-04
2.576000000000000156e+01,3.057401974728322859e-04,1.839662723265956883e-04,1.592555903791097681e-04
2.576999999999999957e+01,9.450432359913354258e-04,2.805102708669984638e-04,9.470158375105698731e-05
2.578000000000000114e+01,1.580695939699420073e-03,3.732885539396747776e-04,3.176342087807255385e-05
2.578999999999999915e+01,2.207993265568615818e-03,4.588080026981718748e-04,-2.347553264323879542e-05
2.580000000000000071e+01,2.822358639386646564e-03,5.339412547563657588e-04,-6.591785751738615925e-05
2.580999999999999872e+01,3.419440155552404010e-03,5.960998379814202563e-04,-9.185559421789917705e-05
2.582000000000000028e+01,3.995685369558581342e-03,6.438586361949521619e-04,-9.875742014988564334e-05
2.582999999999999829e+01,4.548233963603758902e-03,6.768621186434232908e-04,-8.559285164075696958e-05
2.583999999999999986e+01,5.074251418427786452e-03,6.951446398836176339e-04,-5.352740365420043518e-05
2.585000000000000142e+01,5.571055850633996505e-03,6.992266531482021390e-04,-5.614991687685302641e-06
2.585999999999999943e+01,6.036993803706042737e-03,6.909323084537226378e-04,5.440578929977522946e-05
2.587000000000000099e+01,6.471544943384600554e-03,6.733962223815799899e-04,1.226076339631636768e-04
2.587999999999999901e+01,6.874397827908987867e-03,6.500144825537050846e-04,1.943893198166522448e-04
2.589000000000000057e+01,7.244919902313798170e-03,6.237888234976713244e-04,2.644497536973579310e-04
2.589999999999999858e+01,7.582521173843359899e-03,5.975734862293573474e-04,3.276843218437255683e-04
2.591000000000000014e+01,7.886881541561358358e-03,5.741916534389438420e-04,3.798973652132379866e-04
2.592000000000000171e+01,8.157582093432362569e-03,5.559663527322270763e-04,4.178265992344089405e-04
2.592999999999999972e+01,8.393824004306544087e-03,5.443617344638697559e-04,4.391544601929128874e-04
2.594000000000000128e+01,8.594590920425427757e-03,5.400960330268243315e-04,4.428463951960823967e-04
2.594999999999999929e+01,8.758878887013217540e-03,5.433467620466308741e-04,4.294128192041474982e-04
2.596000000000000085e+01,8.885828064919006064e-03,5.538773081180426187e-04,4.009148450543211601e-04
2.596999999999999886e+01,8.974865441317749978e-03,5.711896050490465051e-04,3.608287326481433204e-04
2.598000000000000043e+01,9.025654142985639963e-03,5.944960458100791677e-04,3.135930315618902313e-04
2.598999999999999844e+01,9.037749245918580074e-03,6.224143453503448459e-04,2.637981944038650058e-04
2.600000000000000000e+01,9.010560699221185216e-03,6.529899880695536714e-04,2.156857544162533102e-04
2.601000000000000156e+01,8.943970129003303571e-03,6.843837359072834584e-04,1.733293852860926421e-04
2.601999999999999957e+01,8.838700649675370474e-03,7.153064341893250900e-04,1.405962835764352223e-04
2.603000000000000114e+01,8.695616374202885454e-03,7.443776085372302148e-04,1.201114042393398938e-04
2.603999999999999915e+01,8.514875043181395833e-03,7.693499192375463343e-04,1.122413945474423771e-04
2.605000000000000071e+01,8.296369716366897712e-03,7.876411070552748585e-04,1.155703377188760372e-04
2.605999999999999872e+01,8.040966497661720946e-03,7.976558265941237477e-04,1.282991175803818316e-04
2.607000000000000028e+01,7.750712303867228134e-03,7.990459824555441824e-04,1.486530528746132990e-04
2.607999999999999829e+01,7.427773693990901566e-03,7.916771088814195763e-04,1.740614689254873202e-04
2.608999999999999986e+01,7.073862187648095184e-03,7.750786935906075906e-04,2.009092305746480354e-04
2.610000000000000142e+01,6.691046362112796318e-03,7.492783441065591424e-04,2.257262053338320365e-04
2.610999999999999943e+01,6.282602625377623796e-03,7.156488933650927749e-04,2.463599543662074579e-04
2.612000000000000099e+01,5.852609760501737909e-03,6.764647827000394315e-04,2.617785158171000246e-04
2.612999999999999901e+01,5.405073923934950071e-03,6.339720891680527236e-04,2.713214768043134117e-04
2.614000000000000057e+01,4.943909189836117983e-03,5.903140342546233212e-04,2.747590473034113132e-04
2.614999999999999858e+01,4.473427070870773965e-03,5.479633361931637468e-04,2.727941488643970233e-04
2.616000000000000014e+01,3.998192053473396089e-03,5.095151363564093348e-04,2.668492917572215105e-04
2.617000000000000171e+01,3.522306009977894600e-03,4.769161848994780246e-04,2.582428321745510553e-04
2.617999999999999972e+01,3.049056915194326648e-03,4.510833177516484702e-04,2.477501277368753625e-04
2.619000000000000128e+01,2.581134336181101739e-03,4.321184307922604239e-04,2.357723337138947935e-04
2.619999999999999929e+01,2.120815900877545158e-03,4.195187024766465858e-04,2.225050630933855355e-04
2.621000000000000085e+01,1.669825705207900104e-03,4.120802125868126267e-04,2.078040138186429712e-04
2.621999999999999886e+01,1.229186292276845472e-03,4.078181352552583865e-04,1.910785704753964844e-04
2.623000000000000043e+01,7.993925856560860251e-04,4.042291893646707355e-04,1.715371312111643916e-04
2.623999999999999844e+01,3.807584027952096509e-04,3.987364789143662386e-04,1.486058103217054106e-04
2.625000000000000000e+01,-2.641731704045471215e-05,3.889522191922982898e-04,1.221368012974943513e-04
2.626000000000000156e+01,-4.218803995439513290e-04,3.727360588160671191e-04,9.237884676913040187e-05
2.626999999999999957e+01,-8.052964354475469939e-04,3.483953269002508339e-04,6.005783844178390140e-05
2.628000000000000114e+01,-1.175871002434160720e-03,3.151177896770048425e-04,2.665314916617009489e-05
2.628999999999999915e+01,-1.532159115533786699e-03,2.731828735627127953e-04,-5.587465870039007076e-06
2.630000000000000071e+01,-1.872312909294625164e-03,2.237016916472763222e-04,-3.412457377370504210e-05
2.630999999999999872e+01,-2.194277723834727519e-03,1.683826592709576923e-04,-5.656279525208247314e-05
2.632000000000000028e+01,-2.495598168454993791e-03,1.096640533338499765e-04,-7.067991625066306091e-05
2.632999999999999829e+01,-2.773367416364589180e-03,5.067984230160610176e-05,-7.457083165224651219e-05
2.633999999999999986e+01,-3.024723899933191764e-03,-5.336517534446491328e-06,-6.727641169951624576e-05
2.635000000000000142e+01,-3.247287038216719463e-03,-5.558490898747994670e-05,-4.923867611451937732e-05
2.635999999999999943e+01,-3.438992123032445433e-03,-9.761900587055656533e-05,-2.202823274969442594e-05
2.637000000000000099e+01,-3.597866657372809310e-03,-1.291980998883068463e-04,1.208435783646332260e-05
2.637999999999999901e+01,-3.722320288124279959e-03,-1.486398013690152793e-04,5.011686929577818914e-05
2.639000000000000057e+01,-3.811548497358900698e-03,-1.552625534464154922e-04,8.832038138508067004e-05
2.639999999999999858e+01,-3.865549425570103271e-03,-1.494093851973587431e-04,1.225652996870731613e-04
2.641000000000000014e+01,-3.884936153379418399e-03,-1.322368757830029342e-04,1.489400099404901293e-04
2.642000000000000171e+01,-3.870658377405479175e-03,-1.053911201542429542e-04,1.643876704478113059e-04
2.642999999999999972e+01,-3.823577147949691439e-03,-7.052662366736645733e-05,1.673732730363913053e-04
2.644000000000000128e+01,-3.744390753717568177e-03,-2.917649121626559691e-05,1.580393468707796945e-04
2.644999999999999929e+01,-3.634313079903138052e-03,1.662940792816858956e-05,1.374679452004909049e-04
2.646000000000000085e+01,-3.495723534545088374e-03,6.379536629476103779e-05,1.068978716847694807e-04
2.646999999999999886e+01,-3.331871625174167347e-03,1.085608329043994801e-04,6.785302164305875329e-05
2.648000000000000043e+01,-3.146178391583513787e-03,1.473127573700733965e-04,2.262078119447949315e-05
2.648999999999999844e+01,-2.942090432622653483e-03,1.768360338327158840e-04,-2.589114047966823885e-05
2.650000000000000000e+01,-2.723121100335617641e-03,1.943605401504114620e-04,-7.453227599866795491e-05
2.651000000000000156e+01,-2.492395141339388224e-03,1.980799129780834184e-04,-1.198193847772743593e-04
2.651999999999999957e+01,-2.252337714487369531e-03,1.874884131062801455e-04,-1.580153391000756126e-04
2.653000000000000114e+01,-2.005203074655596916e-03,1.628414863961951526e-04,-1.860290676554291552e-04
2.653999999999999915e+01,-1.753609939149465601e-03,1.245883492833358092e-04,-2.022241625455755581e-04
2.655000000000000071e+01,-1.500201446476885246e-03,7.366514497221560858e-05,-2.062162255920654060e-04
2.655999999999999872e+01,-1.247107063916774554e-03,1.196241955700315829e-05,-1.983615614969336455e-04
2.657000000000000028e+01,-9.960822334693132402e-04,-5.791284219231938001e-05,-1.798364158929092538e-04
2.657999999999999829e+01,-7.489107110006707575e-04,-1.331552207965745543e-04,-1.528825607108460171e-04
2.658999999999999986e+01,-5.074044625190908802e-04,-2.108827200882972496e-04,-1.205541218687083873e-04
2.660000000000000142e+01,-2.732304143975625545e-04,-2.880884536619584060e-04,-8.622813161064729539e-05
2.660999999999999943e+01,-4.793330408354977976e-05,-3.617889945496972491e-04,-5.328905492073874423e-05
2.662000000000000099e+01,1.669567855827474320e-04,-4.292519020756812025e-04,-2.490617327952506877e-05
2.662999999999999901e+01,3.697540909006340496e-04,-4.882722763844303602e-04,-3.902515652250708979e-06
2.664000000000000057e+01,5.583808407181837944e-04,-5.374919499519655811e-04,7.270647348390612335e-06
2.664999999999999858e+01,7.306041890386058817e-04,-5.762185312247426663e-04,6.971343079203349482e-06
2.666000000000000014e+01,8.849342075590676789e-04,-6.035696027532580932e-04,-4.657830910627372957e-06
2.667000000000000171e+01,1.021097815504251258e-03,-6.180461046434885608e-04,-2.532603452178927423e-05
2.667999999999999972e+01,1.139285219343505245e-03,-6.183358353755086982e-04,-5.162502776156941174e-05
2.669000000000000128e+01,1.239276640929985393e-03,-6.042157146925979236e-04,-8.024646478959976956e-05
2.669999999999999929e+01,1.320848957582779681e-03,-5.761429159811576502e-04,-1.079199904364031476e-04
2.671000000000000085e+01,1.384836623320196422e-03,-5.341791488834674809e-04,-1.307183018528375567e-04
2.671999999999999886e+01,1.433236823961753703e-03,-4.778772207375883967e-04,-1.443577770029003213e-04
2.673000000000000043e+01,1.468339158150536216e-03,-4.071424144255452989e-04,-1.454501242426075062e-04
2.673999999999999844e+01,1.492226855248484588e-03,-3.227026381698918918e-04,-1.322622152489421124e-04
2.675000000000000000e+01,1.507074160435645195e-03,-2.257585750780537832e-04,-1.045214909791980371e-04
2.676000000000000156e+01,1.515338893149890389e-03,-1.177231469678789857e-04,-6.318219515438007515e-05
2.676999999999999957e+01,1.519307485865421586e-03,-5.935022486176348416e-07,-1.069802375571564436e-05
2.678000000000000114e+01,1.520455562999286497e-03,1.225188677380796955e-04,4.868288912088449439e-05
2.678999999999999915e+01,1.519141174502682380e-03,2.472270283139404762e-04,1.091215413169444764e-04
2.680000000000000071e+01,1.514717306502717581e-03,3.681615643447323370e-04,1.639333763060306110e-04
2.680999999999999872e+01,1.505919629446149377e-03,4.795600944483536208e-04,2.066451440528112489e-04
2.682000000000000028e+01,1.491212713847063064e-03,5.758180161122280561e-04,2.319464883602506136e-04
2.682999999999999829e+01,1.468789891692838133e-03,6.516818697277950833e-04,2.361555346595680207e-04
2.683999999999999986e+01,1.436397687203613740e-03,7.022507287628734730e-04,2.173335845761425664e-04
2.685000000000000142e+01,1.391513871392724942e-03,7.233087120055950881e-04,1.755574564514279649e-04
2.685999999999999943e+01,1.332009998390322990e-03,7.121032429261276277e-04,1.134458693972534846e-04
2.687000000000000099e+01,1.256692361563680914e-03,6.679420001399078701e-04,3.630373151567193798e-05
2.687999999999999901e+01,1.165144220175082929e-03,5.920228756264172849e-04,-4.866592832801352336e-05
2.689000000000000057e+01,1.057212842867698245e-03,4.868500963482241470e-04,-1.336429164533183770e-04
2.689999999999999858e+01,9.329171822701441946e-04,3.560253970368270748e-04,-2.110778382511310498e-04
2.691000000000000014e+01,7.927976217509923040e-04,2.044389113570935072e-04,-2.740917606643039129e-04
2.692000000000000171e+01,6.380176600301628491e-04,3.817000606359544903e-05,-3.170248220179926885e-04
2.692999999999999972e+01,4.699798685383324353e-04,-1.361286124135600037e-04,-3.363029318001610306e-04
2.694000000000000128e+01,2.900059912284201711e-04,-3.117946500996640461e-04,-3.310021020127629828e-04
2.694999999999999929e+01,9.946960949719618186e-05,-4.822660944466436147e-04,-3.026954610988038478e-04
2.696000000000000085e+01,-1.000463634018098079e-04,-6.411592242066747969e-04,-2.550337310622958196e-04
2.696999999999999886e+01,-3.071307783876779034e-04,-7.828672359572572299e-04,-1.936515723733289154e-04
2.698000000000000043e+01,-5.211812494209479892e-04,-9.033753394279035254e-04,-1.261312706657259999e-04
2.698999999999999844e+01,-7.424386859250644644e-04,-1.000417130837970856e-03,-6.120703637359991786e-05
2.700000000000000000e+01,-9.712500570724267538e-04,-1.072807084474388262e-03,-7.152558230524834555e-06
2.701000000000000156e+01,-1.207357287155581913e-03,-1.119765719323313150e-03,2.969996216399149389e-05
2.701999999999999957e+01,-1.449767385345473655e-03,-1.140805865610551063e-03,4.563944060905463434e-05
2.703000000000000114e+01,-1.696863117757117269e-03,-1.135841203350262257e-03,3.974307764258889358e-05
2.703999999999999915e+01,-1.946472074010512652e-03,-1.105233071760366483e-03,1.380376242054394458e-05
2.705000000000000071e+01,-2.196212030352136073e-03,-1.050088917292195346e-03,-2.827079305746092752e-05
2.705999999999999872e+01,-2.444085120238132739e-03,-9.727740619918040857e-04,-8.148428303710211860e-05
2.707000000000000028e+01,-2.688532887307464470e-03,-8.768421848992526656e-04,-1.403335983620358632e-04
2.707999999999999829e+01,-2.927641342170633765e-03,-7.660872670816031840e-04,-1.986040579110740054e-04
2.708999999999999986e+01,-3.158466957370154905e-03,-6.437148328634488721e-04,-2.493507223052704078e-04
2.710000000000000142e+01,-3.377369094828684259e-03,-5.125314309518303087e-04,-2.859068834986274983e-04
2.710999999999999943e+01,-3.580752446283272904e-03,-3.755479019860070446e-04,-3.032153676783925773e-04
2.712000000000000099e+01,-3.765266103001603960e-03,-2.360336634996007695e-04,-2.984302327508412517e-04
2.712999999999999901e+01,-3.927784955392933305e-03,-9.734885410411118426e-05,-2.710689146148068107e-04
2.714000000000000057e+01,-4.065782694011385243e-03,3.683569519080185907e-05,-2.233015011275299032e-04
2.714999999999999858e+01,-4.177503941307504978e-03,1.625251556124468174e-04,-1.597795463895524478e-04
2.716000000000000014e+01,-4.261383601166078387e-03,2.761358193561300341e-04,-8.650964602387403875e-05
2.717000000000000171e+01,-4.315617859227753941e-03,3.750545556541807525e-04,-9.781089914775494964e-06
2.717999999999999972e+01,-4.338702442079330444e-03,4.572017825271487267e-04,6.396663717732379250e-05
2.719000000000000128e+01,-4.330023984605481033e-03,5.205237265716833013e-04,1.282282924225686962e-04
2.719999999999999929e+01,-4.289454633144707506e-03,5.634659185687658370e-04,1.774667654057490197e-04
2.721000000000000085e+01,-4.216694847682697471e-03,5.856673679725694090e-04,2.082504672536271406e-04
2.721999999999999886e+01,-4.111527022323932870e-03,5.877044702608246211e-04,2.192671158664837928e-04
2.723000000000000043e+01,-3.974474347210152532e-03,5.704019972876980642e-04,2.107349787935025663e-04
2.723999999999999844e+01,-3.806759862303922982e-03,5.348278637622582050e-04,1.843481647218477113e-04
2.725000000000000000e+01,-3.609836594796921733e-03,4.826975540181627027e-04,1.434853164647448167e-04
2.726000000000000156e+01,-3.385293234420727344e-03,4.163781612937656330e-04,9.288428903531402089e-05
2.726999999999999957e+01,-3.134956416153682635e-03,3.386736997340846953e-04,3.800639120849492845e-05
2.728000000000000114e+01,-2.860853481458169346e-03,2.527333100715591888e-04,-1.551352844367288948e-05
2.728999999999999915e+01,-2.565395236130587134e-03,1.617300160086018995e-04,-6.262410955565998337e-05
2.730000000000000071e+01,-2.251676103612494217e-03,6.842456438051056815e-05,-9.964263400634733293e-05
2.730999999999999872e+01,-1.923070987194727905e-03,-2.456019784584740018e-05,-1.242040542487908355e-04
2.732000000000000028e+01,-1.582439928870541185e-03,-1.140765439914037048e-04,-1.347034285132441900e-04
2.732999999999999829e+01,-1.232334983619838217e-03,-1.968002942568158127e-04,-1.306384488557088726e-04
2.733999999999999986e+01,-8.759927721077227260e-04,-2.703542048017364900e-04,-1.135829071748145955e-04
2.735000000000000142e+01,-5.172262334994573701e-04,-3.333010906782855041e-04,-8.687003475829505137e-05
2.735999999999999943e+01,-1.591141828120400234e-04,-3.839184807400779741e-04,-5.396275805435473734e-05
2.737000000000000099e+01,1.963039067849137252e-04,-4.199833461819180592e-04,-1.782756895459539220e-05
2.737999999999999901e+01,5.467112978410821646e-04,-4.401704798001741283e-04,1.806863934529840039e-05
2.739000000000000057e+01,8.887319347061321817e-04,-4.448758881214356724e-04,4.935291658280316422e-05
2.739999999999999858e+01,1.218801755275289401e-03,-4.353421874979012318e-04,7.202139246317027302e-05
2.741000000000000014e+01,1.533998170656983295e-03,-4.128043785002477595e-04,8.359124791143601534e-05
2.742000000000000171e+01,1.831646458755367603e-03,-3.788479388376873608e-04,8.289115909686406338e-05
2.742999999999999972e+01,2.108895647352542618e-03,-3.357785672188373389e-04,6.969954347611683680e-05
2.744000000000000128e+01,2.363038024631986152e-03,-2.862287010681350478e-04,4.501310181947742095e-05
2.744999999999999929e+01,2.591501113288348281e-03,-2.330789191928312051e-04,1.087260555366340977e-05
2.746000000000000085e+01,2.791224238399000329e-03,-1.799780956866564238e-04,-3.049793755451532247e-05
2.746999999999999886e+01,2.958818232589124388e-03,-1.310605718009134305e-04,-7.679128166228493010e-05
2.748000000000000043e+01,3.091657476556545787e-03,-8.973132120202947730e-05,-1.248264980126070108e-04
2.748999999999999844e+01,3.188133350299335225e-03,-5.831476203196258039e-05,-1.706687385690393820e-04
2.750000000000000000e+01,3.246683781536364478e-03,-3.894936765282410135e-05,-2.109852828483099730e-04
2.751000000000000156e+01,3.265469809594365082e-03,-3.384127530993943407e-05,-2.436724757192501329e-04
2.751999999999999957e+01,3.243383801984245796e-03,-4.420079213748737612e-05,-2.670605874084580372e-04
2.753000000000000114e+01,3.180678722155134888e-03,-6.959686883192658577e-05,-2.794588552946002872e-04
2.753999999999999915e+01,3.078313116513253529e-03,-1.086379721643812064e-04,-2.799402137967690863e-04
2.755000000000000071e+01,2.937312182304723050e-03,-1.596604231148954689e-04,-2.690031608104492388e-04
2.755999999999999872e+01,2.758985824932524891e-03,-2.205727236391411645e-04,-2.482467709753993887e-04
2.757000000000000028e+01,2.545113456674099467e-03,-2.887478290595675307e-04,-2.199780983083114835e-04
2.757999999999999829e+01,2.297621864533046405e-03,-3.614329726721312794e-04,-1.872476312650471844e-04
2.758999999999999986e+01,2.018513473095138577e-03,-4.359108342386604305e-04,-1.535706852968295730e-04
2.760000000000000142e+01,1.710159680588380733e-03,-5.092959996668074444e-04,-1.222635015413403646e-04
2.760999999999999943e+01,1.375202864518793641e-03,-5.787227563568374516e-04,-9.619718122339584185e-05
2.762000000000000099e+01,1.016284301786279888e-03,-6.416992547767605849e-04,-7.777194172824482179e-05
2.762999999999999901e+01,6.364470458639761912e-04,-6.957769528892921579e-04,-6.829297277943242167e-05
2.764000000000000057e+01,2.396633836321964436e-04,-7.380955206901916197e-04,-6.735459485585803185e-05
2.764999999999999858e+01,-1.696038930330630485e-04,-7.658944361987869796e-04,-7.333648048462495096e-05
2.766000000000000014e+01,-5.870728847415468497e-04,-7.772408501029580852e-04,-8.422359533159796670e-05
2.767000000000000171e+01,-1.008192266005029187e-03,-7.706122524280271035e-04,-9.736093644661598706e-05
2.767999999999999972e+01,-1.427357102633071938e-03,-7.441364967534664374e-04,-1.089554585262613828e-04
2.769000000000000128e+01,-1.838405790851170996e-03,-6.961098380294922488e-04,-1.149280173779886234e-04
2.769999999999999929e+01,-2.235741502989646318e-03,-6.261153277048605399e-04,-1.123588438336540585e-04
2.771000000000000085e+01,-2.614354846411068127e-03,-5.350005189131755521e-04,-9.971657252479933047e-05
2.771999999999999886e+01,-2.969153752997750941e-03,-4.241288664072210483e-04,-7.627911885112396268e-05
2.773000000000000043e+01,-3.295186998613385855e-03,-2.955019923292720192e-04,-4.235040909700236040e-05
2.773999999999999844e+01,-3.588467845528539677e-03,-1.524509656652079726e-04,5.416342879012350092e-08
2.775000000000000000e+01,-3.846018803982524312e-03,4.903739609776159749e-07,4.745465943889899110e-05
2.776000000000000156e+01,-4.065387331634019892e-03,1.582692682155498393e-04,9.578932674732964668e-05
2.776999999999999957e+01,-4.244742766808962814e-03,3.154307902416126057e-04,1.407608037172274832e-04
2.778000000000000114e+01,-4.383287435385710591e-03,4.659320081891128642e-04,1.778845474841295714e-04
2.778999999999999915e+01,-4.481146581893483138e-03,6.034852562126376534e-04,2.030438557494670840e-04
2.780000000000000071e+01,-4.538998551132667099e-03,7.221546500398156199e-04,2.132296414987872241e-04
2.780999999999999872e+01,-4.557928704606356921e-03,8.167062774062278140e-04,2.069243621055960635e-04
2.782000000000000028e+01,-4.539295771449824643e-03,8.829114092975447539e-04,1.843087886917000001e-04
2.782999999999999829e+01,-4.484548390847891038e-03,9.178545749537972030e-04,1.473390026326414667e-04
2.783999999999999986e+01,-4.395213265427904727e-03,9.200180577452873789e-04,9.948030239225208341e-05
2.785000000000000142e+01,-4.272741212700752016e-03,8.894522295460788623e-04,4.543847248267799007e-05
2.785999999999999943e+01,-4.117967208258035972e-03,8.282667560228233663e-04,-8.848303575757963620e-06
2.787000000000000099e+01,-3.930926901909158853e-03,7.406923931794846729e-04,-5.667303202950673004e-05
2.787999999999999901e+01,-3.711528841711740634e-03,6.322248400666785704e-04,-9.189559217561345001e-05
2.789000000000000057e+01,-3.460240037235383457e-03,5.087197283318772639e-04,-1.101849655441738306e-04
2.789999999999999858e+01,-3.177977900582978649e-03,3.762650412370283082e-04,-1.092784721521844758e-04
2.791000000000000014e+01,-2.865644990767552726e-03,2.413975135649135432e-04,-8.868454448339231253e-05
2.792000000000000171e+01,-2.523915563993353161e-03,1.110535513324008305e-04,-4.946010009122544604e-05
2.792999999999999972e+01,-2.153315336357588747e-03,-7.779851820996546092e-06,5.878138118362050775e-06
2.794000000000000128e+01,-1.754637097666130255e-03,-1.087405076059808952e-04,7.326115091495882228e-05
2.794999999999999929e+01,-1.329410467236815697e-03,-1.867889466530939008e-04,1.470754892322209077e-04
