time_s,u1_m,u2_m,u3_m,drift1_m,drift2_m,drift3_m,V1_kN,V2_kN,V3_kN,Vbase_kN,Mb_kNm
0.000000000000000000e+00,0.000000000000000000e+00,0.000000000000000000e+00,0.000000000000000000e+00,0.000000000000000000e+00,0.000000000000000000e+00,0.000000000000000000e+00,0.000000000000000000e+00,0.000000000000000000e+00,0.000000000000000000e+00,0.000000000000000000e+00,0.000000000000000000e+00
1.000000000000000021e-02,-6.146150368802382532e-07,-6.227474837594726794e-07,-6.228928600128037893e-07,-6.146150368802382532e-07,-8.132446879234426282e-09,-1.453762533311098995e-10,-3.933536236033524820e-03,-5.204766002710032821e-05,-4.652040106595516783e-07,-3.933536236033524820e-03,-1.195814730021385261e-02
2.000000000000000042e-02,-2.826016902453151862e-06,-2.888344117216914332e-06,-2.889909837934547186e-06,-2.826016902453151862e-06,-6.232721476376246989e-08,-1.565720717632854500e-09,-1.808650817570017083e-02,-3.988941744880798073e-04,-5.010306296425134399e-06,-1.808650817570017083e-02,-5.547123796945403057e-02
2.999999999999999889e-02,-7.201015229766014499e-06,-7.451758931894940023e-06,-7.460459006564600535e-06,-7.201015229766014499e-06,-2.507437021289255245e-07,-8.700074669660511474e-09,-4.608649747050249518e-02,-1.604759693625123357e-03,-2.784023894291363672e-05,-4.608649747050249518e-02,-1.431572922092116118e-01
4.000000000000000083e-02,-1.471081876868551916e-05,-1.543860822221892101e-05,-1.547236732967492416e-05,-1.471081876868551916e-05,-7.277894535334018545e-07,-3.375910745600314757e-08,-9.414924011958732131e-02,-4.657852502613772303e-03,-1.080291438592100722e-04,-9.414924011958732131e-02,-2.967453652981809076e-01
5.000000000000000278e-02,-2.777742985807690033e-05,-2.952702368650885346e-05,-2.963114760091316232e-05,-2.777742985807690033e-05,-1.749593828431953135e-06,-1.041239144043088556e-07,-1.777755510916921577e-01,-1.119740050196450093e-02,-3.331965260937883380e-04,-1.777755510916921577e-01,-5.679184443592513176e-01
5.999999999999999778e-02,-4.905784077870294091e-05,-5.278571403111336001e-05,-5.305977777709870215e-05,-4.905784077870294091e-05,-3.727873252410419101e-06,-2.740637459853421378e-07,-3.139701809836988322e-01,-2.385838881542668224e-02,-8.770039871530948411e-04,-3.139701809836988322e-01,-1.016116721358836017e+00
7.000000000000000666e-02,-7.793224668767285111e-05,-8.516732801676746799e-05,-8.580884593505554105e-05,-7.793224668767285111e-05,-7.235081329094616878e-06,-6.415179182880730545e-07,-4.987663788011062471e-01,-4.630452050620555149e-02,-2.052857338521833774e-03,-4.987663788011062471e-01,-1.641371269937500932e+00
8.000000000000000167e-02,-1.089538116648580040e-04,-1.218386610583433409e-04,-1.232059296714293139e-04,-1.089538116648580040e-04,-1.288484939348533696e-05,-1.367268613085972982e-06,-6.973043946550911976e-01,-8.246303611830615998e-02,-4.375259561875113543e-03,-6.973043946550911976e-01,-2.352428071005817412e+00
8.999999999999999667e-02,-1.353184636599625505e-04,-1.564331799595142616e-04,-1.591224680284795371e-04,-1.353184636599625505e-04,-2.111471629955171108e-05,-2.689288068965275513e-06,-8.660381674237602745e-01,-1.351341843171309509e-01,-8.605721820688881640e-03,-8.660381674237602745e-01,-3.029334220684740231e+00
1.000000000000000056e-01,-1.540092130008309849e-04,-1.860175341527379555e-04,-1.909412172483563490e-04,-1.540092130008309849e-04,-3.200832115190697068e-05,-4.923683095618393507e-06,-9.856589632053183170e-01,-2.048532553722046123e-01,-1.575578590597885922e-02,-9.856589632053183170e-01,-3.618804013450505064e+00
1.100000000000000006e-01,-1.668529487275808654e-04,-2.121227278593710544e-04,-2.205703755212567877e-04,-1.668529487275808654e-04,-4.526977913179018901e-05,-8.447647661885733256e-06,-1.067858871856517622e+00,-2.897265864434572236e-01,-2.703247251803434642e-02,-1.067858871856517622e+00,-4.153853792454026639e+00
1.199999999999999956e-01,-1.774759564410378508e-04,-2.378103319417891343e-04,-2.514767477553265054e-04,-1.774759564410378508e-04,-6.033437550075128352e-05,-1.366641581353737105e-05,-1.135846121222642280e+00,-3.861400032048082354e-01,-4.373253060331958736e-02,-1.135846121222642280e+00,-4.697155965092310481e+00
1.300000000000000044e-01,-1.887977095994672816e-04,-2.653224114390640440e-04,-2.862933644480416422e-04,-1.887977095994672816e-04,-7.652470183959676243e-05,-2.097095300897759826e-05,-1.208305341436590519e+00,-4.897580917734192796e-01,-6.710704962872832136e-02,-1.208305341436590519e+00,-5.295511448516214692e+00
1.400000000000000133e-01,-2.026944917919253064e-04,-2.958831778997470028e-04,-3.265775857710760005e-04,-2.026944917919253064e-04,-9.318868610782169641e-05,-3.069440787132899761e-05,-1.297244747468321968e+00,-5.964075910900588084e-01,-9.822210518825279235e-02,-1.297244747468321968e+00,-5.975623331239900082e+00
1.499999999999999944e-01,-2.199328209204594255e-04,-3.297304316090672550e-04,-3.728047071768814699e-04,-2.199328209204594255e-04,-1.097976106886078295e-04,-4.307427556781421489e-05,-1.407570053890940365e+00,-7.027047084070900951e-01,-1.378376818170054807e-01,-1.407570053890940365e+00,-6.744337332345107683e+00
1.600000000000000033e-01,-2.398813333741849497e-04,-3.658733500139685043e-04,-4.240983695451881557e-04,-2.398813333741849497e-04,-1.259920166397835546e-04,-5.822501953121965142e-05,-1.535240533594783630e+00,-8.063489064946147700e-01,-1.863200624999028776e-01,-1.535240533594783630e+00,-7.583728507767903970e+00
1.700000000000000122e-01,-2.612480689006941269e-04,-4.028265711143012590e-04,-4.789498471206070579e-04,-2.612480689006941269e-04,-1.415785022136071322e-04,-7.612327600630579890e-05,-1.671987640964442523e+00,-9.061024141670857013e-01,-2.435944832201785704e-01,-1.671987640964442523e+00,-8.465053615055120773e+00
1.799999999999999933e-01,-2.833854051391342479e-04,-4.398924020091112713e-04,-5.364980663575715089e-04,-2.833854051391342479e-04,-1.565069968699770234e-04,-9.660566434846023761e-05,-1.813666592890459173e+00,-1.001644779967852950e+00,-3.091381259150727812e-01,-1.813666592890459173e+00,-9.373348496320154766e+00
1.900000000000000022e-01,-3.062618533691639625e-04,-4.771141014807335381e-04,-5.964923198051687910e-04,-3.062618533691639625e-04,-1.708522481115695756e-04,-1.193782183244352529e-04,-1.960075861562649457e+00,-1.093454387914045256e+00,-3.820102986381928023e-01,-1.960075861562649457e+00,-1.030662164434466277e+01
2.000000000000000111e-01,-3.292645489112277341e-04,-5.140521709602592724e-04,-6.580880512515794017e-04,-3.292645489112277341e-04,-1.847876220490315383e-04,-1.440358802913201293e-04,-2.107293113031857512e+00,-1.182640781113801776e+00,-4.609148169322244137e-01,-2.107293113031857512e+00,-1.125254613323365049e+01
2.099999999999999922e-01,-3.509704554033459835e-04,-5.495026544427508578e-04,-7.195921411521558455e-04,-3.509704554033459835e-04,-1.985321990394048742e-04,-1.700894867094049877e-04,-2.246210914581414197e+00,-1.270606073852191154e+00,-5.442863574700960161e-01,-2.246210914581414197e+00,-1.218331003771110410e+01
2.200000000000000011e-01,-3.703180585882309066e-04,-5.826037512839221232e-04,-7.796003662751226212e-04,-3.703180585882309066e-04,-2.122856926956912167e-04,-1.969966149912004980e-04,-2.370035574964677760e+00,-1.358628433252423884e+00,-6.303891679718416352e-01,-2.370035574964677760e+00,-1.307715952856683117e+01
2.300000000000000100e-01,-3.872803986856607032e-04,-6.134638087017655651e-04,-8.376564076072590256e-04,-3.872803986856607032e-04,-2.261834100161048619e-04,-2.241925989054934605e-04,-2.478594551588228612e+00,-1.447573824103071116e+00,-7.174163164975790874e-01,-2.478594551588228612e+00,-1.393075407656663600e+01
2.399999999999999911e-01,-4.022058392721911753e-04,-6.424846249279167303e-04,-8.936035889463836077e-04,-4.022058392721911753e-04,-2.402787856557255550e-04,-2.511189640184668774e-04,-2.574117371342023564e+00,-1.537784228196643621e+00,-8.035806848590940632e-01,-2.574117371342023564e+00,-1.474644685319328374e+01
2.500000000000000000e-01,-4.151135878228630251e-04,-6.696500128350276783e-04,-9.468975364352580143e-04,-4.151135878228630251e-04,-2.545364250121646531e-04,-2.772475236002303360e-04,-2.656726962066323416e+00,-1.629033120077853836e+00,-8.871920755207370890e-01,-2.656726962066323416e+00,-1.551885647299474336e+01
2.600000000000000089e-01,-4.257860112151550989e-04,-6.946111527089829721e-04,-9.967100483773254100e-04,-4.257860112151550989e-04,-2.688251414938278732e-04,-3.020988956683424379e-04,-2.725030471776992425e+00,-1.720480905560498375e+00,-9.667164661386957736e-01,-2.725030471776992425e+00,-1.623668353042856083e+01
2.700000000000000178e-01,-4.340974114653166674e-04,-7.170134407401978788e-04,-1.042268022875955961e-03,-4.340974114653166674e-04,-2.829160292748812114e-04,-3.252545821357580823e-04,-2.778223433378026463e+00,-1.810662587359239684e+00,-1.040814662834425919e+00,-2.778223433378026463e+00,-1.688910205071507775e+01
2.800000000000000266e-01,-4.401779309800093218e-04,-7.366711401882041930e-04,-1.083033509689164311e-03,-4.401779309800093218e-04,-2.964932092081948713e-04,-3.463623695009601178e-04,-2.817138758272059729e+00,-1.897556538932447134e+00,-1.108359582403072308e+00,-2.817138758272059729e+00,-1.746916463882273618e+01
2.899999999999999800e-01,-4.446072590008862970e-04,-7.537892312762570863e-04,-1.118924916709687850e-03,-4.446072590008862970e-04,-3.091819722753707893e-04,-3.651356854334307641e-04,-2.845486457605672204e+00,-1.978764622562372955e+00,-1.168434193386978404e+00,-2.845486457605672204e+00,-1.797805582066506958e+01
2.999999999999999889e-01,-4.485109208947488037e-04,-7.691072552053284349e-04,-1.150455788823217997e-03,-4.485109208947488037e-04,-3.205963343105796312e-04,-3.813485336178895624e-04,-2.870469893726392385e+00,-2.051816539587709709e+00,-1.220315307577246600e+00,-2.870469893726392385e+00,-1.842780522267404564e+01
3.099999999999999978e-01,-4.533666447830090175e-04,-7.837678500137025377e-04,-1.178596349570851286e-03,-4.533666447830090175e-04,-3.304012052306935202e-04,-3.948284995571487484e-04,-2.901546526611257892e+00,-2.114567713476438460e+00,-1.263451198582876023e+00,-2.901546526611257892e+00,-1.883869631601171690e+01
3.200000000000000067e-01,-4.608476014571373644e-04,-7.992268448515551377e-04,-1.204677641431404003e-03,-4.608476014571373644e-04,-3.383792433944177733e-04,-4.054507965798488656e-04,-2.949424649325679049e+00,-2.165627157724273832e+00,-1.297442549055516370e+00,-2.949424649325679049e+00,-1.923748306831640775e+01
3.300000000000000155e-01,-4.728234626447933345e-04,-8.173179567059448477e-04,-1.230454257517548050e-03,-4.728234626447933345e-04,-3.444944940611515132e-04,-4.131363008116032028e-04,-3.026070160926677133e+00,-2.204764761991369504e+00,-1.322036162597130193e+00,-3.026070160926677133e+00,-1.965861325654552871e+01
3.400000000000000244e-01,-4.909210837368983404e-04,-8.398632702226417265e-04,-1.257719265913646595e-03,-4.909210837368983404e-04,-3.489421864857433862e-04,-4.178559956910048688e-04,-3.141894935916149212e+00,-2.233229993508757616e+00,-1.337139186211215636e+00,-3.141894935916149212e+00,-2.013679234690836850e+01
3.499999999999999778e-01,-5.154852793208216689e-04,-8.676464217207585953e-04,-1.287289383250094475e-03,-5.154852793208216689e-04,-3.521611423999369264e-04,-4.196429615293358799e-04,-3.299105787653258570e+00,-2.253831311359596246e+00,-1.342857476893874802e+00,-3.299105787653258570e+00,-2.068738372772018863e+01
3.599999999999999867e-01,-5.450595824455139928e-04,-8.998450349505550654e-04,-1.318455833432405399e-03,-5.450595824455139928e-04,-3.547854525050410726e-04,-4.186107984818503332e-04,-3.488381327651289610e+00,-2.270626896032262643e+00,-1.339554555141921011e+00,-3.488381327651289610e+00,-2.129568833647642023e+01
3.699999999999999956e-01,-5.771334761394380630e-04,-9.346742262457278030e-04,-1.349648980029495007e-03,-5.771334761394380630e-04,-3.575407501062897401e-04,-4.149747537837672039e-04,-3.693654247292403436e+00,-2.288260800680254281e+00,-1.327919212108054969e+00,-3.693654247292403436e+00,-2.192950278024213873e+01
3.800000000000000044e-01,-6.092933874255906414e-04,-9.704137223069065005e-04,-1.379483810033666586e-03,-6.092933874255906414e-04,-3.611203348813158591e-04,-4.090700877267600859e-04,-3.899477679523779994e+00,-2.311170143240421471e+00,-1.309024280725632261e+00,-3.899477679523779994e+00,-2.255901631046950229e+01
3.900000000000000133e-01,-6.398312033067775481e-04,-1.005909741671131771e-03,-1.407271903331285511e-03,-6.398312033067775481e-04,-3.660785383643542232e-04,-4.013621616601537392e-04,-4.094919701163376224e+00,-2.342902645531867112e+00,-1.284358917312491855e+00,-4.094919701163376224e+00,-2.316654379202320513e+01
4.000000000000000222e-01,-6.679167973096008896e-04,-1.040679648674346525e-03,-1.433123832366897318e-03,-6.679167973096008896e-04,-3.727628513647456357e-04,-3.924441836925507930e-04,-4.274667502781445805e+00,-2.385682248734371846e+00,-1.255821387816162593e+00,-4.274667502781445805e+00,-2.374851341799593740e+01
4.099999999999999756e-01,-6.933157421454971955e-04,-1.074604370924692274e-03,-1.457625141273504550e-03,-6.933157421454971955e-04,-3.812886287791950784e-04,-3.830207703488122759e-04,-4.437220749731181968e+00,-2.440247224186848474e+00,-1.225666465116199255e+00,-4.437220749731181968e+00,-2.430940331710268865e+01
4.199999999999999845e-01,-7.153646095243885528e-04,-1.106903491840345588e-03,-1.480781059718088788e-03,-7.153646095243885528e-04,-3.915388823159570353e-04,-3.738775678777432002e-04,-4.578333500956087043e+00,-2.505848846822125164e+00,-1.196408217208778213e+00,-4.578333500956087043e+00,-2.484177169496097193e+01
4.299999999999999933e-01,-7.323018792104699255e-04,-1.135464227900019043e-03,-1.501302603748532871e-03,-7.323018792104699255e-04,-4.031623486895491177e-04,-3.658383758485138273e-04,-4.686732026947007412e+00,-2.580239031613114520e+00,-1.170682802715244275e+00,-4.686732026947007412e+00,-2.531296158382610173e+01
4.400000000000000022e-01,-7.424241444707438452e-04,-1.157995879926893706e-03,-1.517707630647032943e-03,-7.424241444707438452e-04,-4.155717354561498612e-04,-3.597117507201392367e-04,-4.751514524612760582e+00,-2.659659106919359139e+00,-1.151077602304445557e+00,-4.751514524612760582e+00,-2.568675370150969428e+01
4.500000000000000111e-01,-7.458635124272998494e-04,-1.173844524290504950e-03,-1.530074686432999825e-03,-7.458635124272998494e-04,-4.279810118632051009e-04,-3.562301621424948748e-04,-4.773526479534718980e+00,-2.739078475924512812e+00,-1.139936518855983572e+00,-4.773526479534718980e+00,-2.595762442294564565e+01
4.600000000000000200e-01,-7.442714781352123207e-04,-1.183773917782131486e-03,-1.539760824166400751e-03,-7.442714781352123207e-04,-4.395024396469191658e-04,-3.559869063842692645e-04,-4.763337460065359075e+00,-2.812815613740282661e+00,-1.139158100429661591e+00,-4.763337460065359075e+00,-2.614593352270590998e+01
4.699999999999999734e-01,-7.388031469779102103e-04,-1.188068766310300395e-03,-1.547446492754436277e-03,-7.388031469779102103e-04,-4.492656193323901846e-04,-3.593777264441358824e-04,-4.728340140658625401e+00,-2.875299963727297126e+00,-1.150008724621234713e+00,-4.728340140658625401e+00,-2.626094648702147083e+01
4.799999999999999822e-01,-7.295199267502809875e-04,-1.186028317542422907e-03,-1.552582202263289501e-03,-7.295199267502809875e-04,-4.565083907921419198e-04,-3.665538847208665938e-04,-4.668927531201798153e+00,-2.921653701069708120e+00,-1.172972431106773072e+00,-4.668927531201798153e+00,-2.629066099013483893e+01
4.899999999999999911e-01,-7.167320664054438418e-04,-1.177369173057324706e-03,-1.554760919969414750e-03,-7.167320664054438418e-04,-4.606371066518808637e-04,-3.773917469120900443e-04,-4.587085224994840615e+00,-2.948077482572037500e+00,-1.207653590118688225e+00,-4.587085224994840615e+00,-2.622844889305670080e+01
5.000000000000000000e-01,-7.016438145197034792e-04,-1.162924189936132436e-03,-1.554406489865918809e-03,-7.016438145197034792e-04,-4.612803754164289567e-04,-3.914822999297863735e-04,-4.490520412926102267e+00,-2.952194402665145212e+00,-1.252743359775316367e+00,-4.490520412926102267e+00,-2.608637452609969287e+01
5.100000000000000089e-01,-6.853874763113581691e-04,-1.143720216517395355e-03,-1.551862930835519764e-03,-6.853874763113581691e-04,-4.583327402060371862e-04,-4.081427143181244090e-04,-4.386479848392692560e+00,-2.933329537318638103e+00,-1.306056685817998053e+00,-4.386479848392692560e+00,-2.587759821458798370e+01
5.200000000000000178e-01,-6.683590280467117516e-04,-1.120322604506669316e-03,-1.546772849805954850e-03,-6.683590280467117516e-04,-4.519635764599575639e-04,-4.264502452992855342e-04,-4.277497779498955488e+00,-2.892566889343728409e+00,-1.364640784957713793e+00,-4.277497779498955488e+00,-2.560411636140119640e+01
5.300000000000000266e-01,-6.507150625376515504e-04,-1.093301714798871000e-03,-1.538598081892594231e-03,-6.507150625376515504e-04,-4.425866522612194494e-04,-4.452963670937232308e-04,-4.164576400240969534e+00,-2.832554574471804365e+00,-1.424948374699914311e+00,-4.164576400240969534e+00,-2.526623804823806552e+01
5.400000000000000355e-01,-6.327821452883098394e-04,-1.063588772233874796e-03,-1.527045666815566834e-03,-6.327821452883098394e-04,-4.308066269455649569e-04,-4.634568945816920377e-04,-4.049805729845182611e+00,-2.757162412451615641e+00,-1.483062062661414604e+00,-4.049805729845182611e+00,-2.487009061487463768e+01
5.500000000000000444e-01,-6.147597248332144866e-04,-1.032111816756193980e-03,-1.511784242190031659e-03,-6.147597248332144866e-04,-4.173520919229794937e-04,-4.796724254338376788e-04,-3.934462238932572742e+00,-2.671053388307068843e+00,-1.534951761388280600e+00,-3.934462238932572742e+00,-2.442140216588376589e+01
5.600000000000000533e-01,-5.963556345831402860e-04,-9.993492155108832983e-04,-1.492081718136588310e-03,-5.963556345831402860e-04,-4.029935809277430123e-04,-4.927325026257050114e-04,-3.816676061332097802e+00,-2.579158917937555362e+00,-1.576744008402255925e+00,-3.816676061332097802e+00,-2.391773696301572727e+01
5.699999999999999512e-01,-5.765351859238803311e-04,-9.649802040757915781e-04,-1.466536431886805237e-03,-5.765351859238803311e-04,-3.884450181519112470e-04,-5.015562278110136584e-04,-3.689825189912834258e+00,-2.486048116172232092e+00,-1.604979928995243776e+00,-3.689825189912834258e+00,-2.334255970524093016e+01
5.799999999999999600e-01,-5.532982676003865390e-04,-9.275484299931670935e-04,-1.432810125274074607e-03,-5.532982676003865390e-04,-3.742501623927805545e-04,-5.052616952809075137e-04,-3.541108912642473960e+00,-2.395201039313795466e+00,-1.616837424898904141e+00,-3.541108912642473960e+00,-2.265944213056552314e+01
5.899999999999999689e-01,-5.241894643501611786e-04,-8.848562027106502944e-04,-1.388073039255979194e-03,-5.241894643501611786e-04,-3.606667383604891157e-04,-5.032168365453288999e-04,-3.354812571841031321e+00,-2.308267125507130313e+00,-1.610293876945052549e+00,-3.354812571841031321e+00,-2.182012072287964344e+01
5.999999999999999778e-01,-4.876232747588989721e-04,-8.352057424767735279e-04,-1.330271414780033945e-03,-4.876232747588989721e-04,-3.475824677178745558e-04,-4.950656723032604168e-04,-3.120788958456953477e+00,-2.224527793394396991e+00,-1.584210151370433417e+00,-3.120788958456953477e+00,-2.078858070966535365e+01
6.099999999999999867e-01,-4.435343901374170952e-04,-7.780330088193123826e-04,-1.258759995478550857e-03,-4.435343901374170952e-04,-3.344986186818952874e-04,-4.807269866592384739e-04,-2.838620096879469479e+00,-2.140791159564130020e+00,-1.538326357309563130e+00,-2.838620096879469479e+00,-1.955321284125948722e+01
6.199999999999999956e-01,-3.926661570238443506e-04,-7.132496711834856356e-04,-1.173616080759660833e-03,-3.926661570238443506e-04,-3.205835141596412850e-04,-4.603664095761751977e-04,-2.513063404952603719e+00,-2.051734490621704321e+00,-1.473172510643760535e+00,-2.513063404952603719e+00,-1.811391121865420573e+01
6.300000000000000044e-01,-3.358657025939068520e-04,-6.406360364795774800e-04,-1.074982477313522625e-03,-3.358657025939068520e-04,-3.047703338856706280e-04,-4.343464408339451450e-04,-2.149540496601003881e+00,-1.950530136868291908e+00,-1.389908610668624478e+00,-2.149540496601003881e+00,-1.646993773241376147e+01
6.400000000000000133e-01,-2.742587230116688615e-04,-5.601381829062727653e-04,-9.632995342959010682e-04,-2.742587230116688615e-04,-2.858794598946039038e-04,-4.031613513896283030e-04,-1.755255827274680769e+00,-1.829628543325465095e+00,-1.290116324446810570e+00,-1.755255827274680769e+00,-1.462500208514086886e+01
6.500000000000000222e-01,-2.094086008461187474e-04,-4.721662243478195564e-04,-8.395315571797773825e-04,-2.094086008461187474e-04,-2.627576235017008090e-04,-3.673653328319578261e-04,-1.340215045415160011e+00,-1.681648790410885219e+00,-1.175569065062264995e+00,-1.340215045415160011e+00,-1.259229870266493023e+01
6.600000000000000311e-01,-1.430407371597180999e-04,-3.774617753598523287e-04,-7.049646460205195040e-04,-1.430407371597180999e-04,-2.344210382001342288e-04,-3.275028706606671752e-04,-9.154607178221958463e-01,-1.500294644480859141e+00,-1.048009186114134961e+00,-9.154607178221958463e-01,-1.039129364525156873e+01
6.700000000000000400e-01,-7.706097261967259702e-05,-2.772480331655997822e-04,-5.612980004284774628e-04,-7.706097261967259702e-05,-2.001870605459271852e-04,-2.840499672628776806e-04,-4.931902247659046279e-01,-1.281197187493934075e+00,-9.089598952412085708e-01,-4.931902247659046279e-01,-8.050041922503140768e+00
6.800000000000000488e-01,-1.366795329494973699e-05,-1.734532836452657302e-04,-4.108268978131508504e-04,-1.366795329494973699e-05,-1.597853303503159932e-04,-2.373736141678851202e-04,-8.747490108767831674e-02,-1.022626114242022322e+00,-7.595955653372323813e-01,-8.747490108767831674e-02,-5.609089742000799461e+00
6.899999999999999467e-01,4.533796095243082476e-05,-6.809503681712942777e-05,-2.558099291527539398e-04,4.533796095243082476e-05,-1.134329977695602593e-04,-1.877148923356245121e-04,2.901629500955572594e-01,-7.259711857251857081e-01,-6.006876554739983831e-01,2.901629500955572594e-01,-3.109487673310880496e+00
6.999999999999999556e-01,9.930863555295553794e-05,3.745945932034400216e-05,-9.773862296019480056e-05,9.930863555295553794e-05,-6.184917623261153579e-05,-1.351980822805388027e-04,6.355752675389154671e-01,-3.958347278887138221e-01,-4.326338632977241860e-01,6.355752675389154671e-01,-5.786799709425678451e-01
7.099999999999999645e-01,1.481203443650119138e-04,1.419153804779923458e-04,6.205088018793233613e-05,1.481203443650119138e-04,-6.204963887019568011e-06,-7.986450029006000970e-05,9.479702039360762278e-01,-3.971176887692523527e-02,-2.555664009281920501e-01,9.479702039360762278e-01,1.958076102392877438e+00
7.199999999999999734e-01,1.911320599751656205e-04,2.430947505808612856e-04,2.213681554882642171e-04,1.911320599751656205e-04,5.196269060569566503e-05,-2.172659509259706849e-05,1.223245183841060069e+00,3.325612198764522631e-01,-6.952510429631061917e-02,1.223245183841060069e+00,4.458843898263604721e+00
7.299999999999999822e-01,2.278248643689536430e-04,3.386805396213844722e-04,3.778447354473607358e-04,2.278248643689536430e-04,1.108556752524308292e-04,3.916419582597626368e-05,1.458079131961303343e+00,7.094763216155572927e-01,1.253254266431240438e-01,1.458079131961303343e+00,6.878642640659953678e+00
7.399999999999999911e-01,2.593259533025544378e-04,4.278820681398967543e-04,5.305259923316447057e-04,2.593259533025544378e-04,1.685561148373423165e-04,1.026439241917479514e-04,1.659686101136348402e+00,1.078759134958990895e+00,3.284605574135934236e-01,1.659686101136348402e+00,9.200717380526798550e+00
7.500000000000000000e-01,2.881363781791813645e-04,5.113494216282573994e-04,6.797161600786688759e-04,2.881363781791813645e-04,2.232130434490760349e-04,1.683667384504114765e-04,1.844072820346760677e+00,1.428563478074086568e+00,5.387735630413167387e-01,1.844072820346760677e+00,1.143422958438649140e+01
7.600000000000000089e-01,3.161766384508214972e-04,5.894081238470162253e-04,8.251582640700246257e-04,3.161766384508214972e-04,2.732314853961947281e-04,2.357501402230084003e-04,2.023530486085257429e+00,1.748681506535646246e+00,7.544004487136268811e-01,2.023530486085257429e+00,1.357983732400359145e+01
7.700000000000000178e-01,3.439054491203582349e-04,6.613122529552227947e-04,9.652560406747756703e-04,3.439054491203582349e-04,3.174068038348645598e-04,3.039437877195528756e-04,2.200994874370292731e+00,2.031403544543133322e+00,9.726201207025692019e-01,2.200994874370292731e+00,1.561505561884798610e+01
7.800000000000000266e-01,3.711464047276582753e-04,7.261352791670241729e-04,1.097962464805636541e-03,3.711464047276582753e-04,3.549888744393658977e-04,3.718271856386123680e-04,2.375336990257013170e+00,2.271928796411941676e+00,1.189846994043559647e+00,2.375336990257013170e+00,1.751133834213754170e+01
7.900000000000000355e-01,3.975757996688895923e-04,7.832669040544165250e-04,1.221304570929082319e-03,3.975757996688895923e-04,3.856911043855269327e-04,4.380376668746657938e-04,2.544485117880893377e+00,2.468423068067372217e+00,1.401720533998930485e+00,2.544485117880893377e+00,1.924388615984158690e+01
8.000000000000000444e-01,4.222359446511229756e-04,8.318850504444978439e-04,1.332911563505992294e-03,4.222359446511229756e-04,4.096491057933748683e-04,5.010265130614944499e-04,2.702310045767187141e+00,2.621754277077599227e+00,1.603284841796782212e+00,2.702310045767187141e+00,2.078204749392470418e+01
8.100000000000000533e-01,4.437009565454181205e-04,8.710316167473394810e-04,1.430169458013733292e-03,4.437009565454181205e-04,4.273306602019213605e-04,5.591378412663938107e-04,2.839686121890676151e+00,2.734916225292296499e+00,1.789241092052460180e+00,2.839686121890676151e+00,2.209153031770629738e+01
8.199999999999999512e-01,4.611916263714041357e-04,9.006145781639105126e-04,1.511317046767888476e-03,4.611916263714041357e-04,4.394229517925063769e-04,6.107024686039779632e-04,2.951626408776986565e+00,2.812306891472040604e+00,1.954247899532729482e+00,2.951626408776986565e+00,2.315454359934527062e+01
8.299999999999999600e-01,4.748311929589559368e-04,9.215600696865194463e-04,1.575698112252920443e-03,4.748311929589559368e-04,4.467288767275635094e-04,6.541380425664009967e-04,3.038919634937318204e+00,2.859064811056406530e+00,2.093241736212483328e+00,3.038919634937318204e+00,2.397367854661862552e+01
8.399999999999999689e-01,4.846732083583944750e-04,9.347484478420739745e-04,1.622795424835005293e-03,4.846732083583944750e-04,4.500752394836794994e-04,6.880469769929313181e-04,3.101908533493724640e+00,2.880481532695548630e+00,2.201750326377380329e+00,3.101908533493724640e+00,2.455242117769995858e+01
8.499999999999999778e-01,4.903331570589346744e-04,9.405548437119479839e-04,1.651859132944567994e-03,4.903331570589346744e-04,4.502216866530133095e-04,7.113042892326200102e-04,3.138132205177182055e+00,2.881418794579285070e+00,2.276173725544384130e+00,3.138132205177182055e+00,2.488717417590255465e+01
8.599999999999999867e-01,4.917552750613962643e-04,9.395361558803924000e-04,1.662664427614348123e-03,4.917552750613962643e-04,4.477808808189961357e-04,7.231282717339557230e-04,3.147233760392936119e+00,2.865797637241575213e+00,2.314010469548658300e+00,3.147233760392936119e+00,2.498112560154950756e+01
8.699999999999999956e-01,4.893272276147765405e-04,9.324963817994553301e-04,1.655624958409014332e-03,4.893272276147765405e-04,4.431691541846787897e-04,7.231285766095590017e-04,3.131694256734570025e+00,2.836282586781944115e+00,2.314011445150588653e+00,3.131694256734570025e+00,2.484596486600130660e+01
8.800000000000000044e-01,4.827552366091341089e-04,9.193348789800035326e-04,1.630663299032105145e-03,4.827552366091341089e-04,4.365796423708694237e-04,7.113284200521016124e-04,3.089633514298458117e+00,2.794109711173564214e+00,2.276250944166725354e+00,3.089633514298458117e+00,2.447998250891624394e+01
8.900000000000000133e-01,4.706647494311743773e-04,8.986217161376185538e-04,1.586781068174357434e-03,4.706647494311743773e-04,4.279569667064441764e-04,6.881593520367388804e-04,3.012254396359515862e+00,2.738924586921242632e+00,2.202109926517564542e+00,3.012254396359515862e+00,2.385986672939496955e+01
9.000000000000000222e-01,4.520239192242988570e-04,8.690090024944188566e-04,1.523437553088019493e-03,4.520239192242988570e-04,4.169850832701199996e-04,6.544285505936006360e-04,2.892953083035512574e+00,2.668704532928768192e+00,2.094171361899522132e+00,2.892953083035512574e+00,2.296748693359140958e+01
9.100000000000000311e-01,4.276911290643658657e-04,8.308206254906541893e-04,1.442081625716946361e-03,4.276911290643658657e-04,4.031294964262883236e-04,6.112610002262921713e-04,2.737223226011941346e+00,2.580028777128245299e+00,1.956035200724135059e+00,2.737223226011941346e+00,2.181986161159296245e+01
9.200000000000000400e-01,4.003131911695158871e-04,7.860667026054737796e-04,1.346089116017008033e-03,4.003131911695158871e-04,3.857535114359578925e-04,5.600224134115342530e-04,2.562004423484901761e+00,2.468822473190130484e+00,1.792071722916909637e+00,2.562004423484901761e+00,2.046869585877582765e+01
9.300000000000000488e-01,3.729743359628957789e-04,7.372545024880773103e-04,1.239486466946268907e-03,3.729743359628957789e-04,3.642801665251815314e-04,5.022319644581915970e-04,2.387035750162532999e+00,2.331393065761161676e+00,1.607142286266213027e+00,2.387035750162532999e+00,1.897671330656972444e+01
9.399999999999999467e-01,3.478184665390254122e-04,6.861640693974773060e-04,1.125639236631008301e-03,3.478184665390254122e-04,3.383456028584518938e-04,4.394751672335309948e-04,2.226038185849762652e+00,2.165411858294091996e+00,1.406320535147299156e+00,2.226038185849762652e+00,1.739331173787346074e+01
9.499999999999999556e-01,3.253912213474869589e-04,6.332895656046038301e-04,1.006615565905975493e-03,3.253912213474869589e-04,3.078983442571168712e-04,3.733260003013716627e-04,2.082503816623916482e+00,1.970549403245547948e+00,1.194643200964389251e+00,2.082503816623916482e+00,1.574308926250155949e+01
9.599999999999999645e-01,3.051426924426178387e-04,5.783736391942925206e-04,8.836580827444248665e-04,3.051426924426178387e-04,2.732309467516746818e-04,3.052844435501323459e-04,1.952913231632754210e+00,1.748678059210718061e+00,9.769102193604235485e-01,1.952913231632754210e+00,1.403550453061168568e+01
9.699999999999999734e-01,2.866118445818007475e-04,5.215765300568680216e-04,7.583089336880303923e-04,2.866118445818007475e-04,2.349646854750672741e-04,2.367324036311623707e-04,1.834315805323524895e+00,1.503773987040430526e+00,7.575436916197195725e-01,1.834315805323524895e+00,1.228690045195102520e+01
9.799999999999999822e-01,2.696557578885551833e-04,4.636673137021870747e-04,6.325758989486081731e-04,2.696557578885551833e-04,1.940115558136318915e-04,1.689085852464210983e-04,1.725796850486753131e+00,1.241673957207244161e+00,5.405074727885474939e-01,1.725796850486753131e+00,1.052393484144763391e+01
9.899999999999999911e-01,2.532849293303915004e-04,4.047923584476161626e-04,5.076932896231808314e-04,2.532849293303915004e-04,1.515074291172246622e-04,1.029009311755646689e-04,1.621023547714505630e+00,9.696475463502378656e-01,3.292829797618069265e-01,1.621023547714505630e+00,8.759862221479650657e+00
1.000000000000000000e+00,2.351322984977686147e-04,3.438298120507029708e-04,3.834828369349136648e-04,2.351322984977686147e-04,1.086975135529343560e-04,3.965302488421069407e-05,1.504846710385719044e+00,6.956640867387798854e-01,1.268896796294742280e-01,1.504846710385719044e+00,6.982201430261919306e+00
1.010000000000000009e+00,2.128969353112541627e-04,2.796892946063282226e-04,2.596680256342677744e-04,2.128969353112541627e-04,6.679235929507405995e-05,-2.002126897206044824e-05,1.362540385992026648e+00,4.274710994884740045e-01,-6.406806071059342744e-02,1.362540385992026648e+00,5.177830274309721759e+00
1.020000000000000018e+00,1.859452851879605639e-04,2.127936336397792032e-04,1.373724357501515366e-04,1.859452851879605639e-04,2.684834845181863932e-05,-7.542119788962766661e-05,1.190049825202947664e+00,1.718294300916392847e-01,-2.413478332468085297e-01,1.190049825202947664e+00,3.361594266143335119e+00
1.030000000000000027e+00,1.552047743146355626e-04,1.449121794939253630e-04,1.896688804527302347e-05,1.552047743146355626e-04,-1.029259482071019963e-05,-1.259452914486523497e-04,9.933105556136676562e-01,-6.587260685254528458e-02,-4.030249326356875050e-01,9.933105556136676562e-01,1.573239048376304350e+00
1.040000000000000036e+00,1.224432427314233330e-04,7.843429607699614657e-05,-9.264825793174276175e-05,1.224432427314233330e-04,-4.400894665442718645e-05,-1.710825540087389219e-04,7.836367534811092828e-01,-2.816572585883340141e-01,-5.474641728279645569e-01,7.836367534811092828e-01,-1.364540338055677537e-01
1.050000000000000044e+00,9.016291846926706725e-05,1.629782634250958952e-05,-1.941108070905568455e-04,9.016291846926706725e-05,-7.386509212675747434e-05,-2.104086334330664248e-04,5.770426782033092339e-01,-4.727365896112478150e-01,-6.733076269858125906e-01,5.770426782033092339e-01,-1.707004615181254792e+00
1.060000000000000053e+00,6.094910458234648103e-05,-3.860286003683067297e-05,-2.821881192142327265e-04,6.094910458234648103e-05,-9.955196461917714722e-05,-2.435852591774020535e-04,3.900742693270174977e-01,-6.371325735627337838e-01,-7.794728293676865816e-01,3.900742693270174977e-01,-3.079593400810208159e+00
1.070000000000000062e+00,3.580879735532553756e-05,-8.503136077319208876e-05,-3.553920841852946963e-04,3.580879735532553756e-05,-1.208401581285176195e-04,-2.703607234121026075e-04,2.291763030740834317e-01,-7.733770120225127442e-01,-8.651543149187282955e-01,2.291763030740834317e-01,-4.228065071601472269e+00
1.080000000000000071e+00,1.354440387479331893e-05,-1.240395303190032798e-04,-4.146098070708831339e-04,1.354440387479331893e-05,-1.375839341937966072e-04,-2.905702767518798541e-04,8.668418479867724680e-02,-8.805371788402982514e-01,-9.298248856060155054e-01,8.668418479867724680e-02,-5.171033638942909683e+00
1.090000000000000080e+00,-8.239748026880873191e-06,-1.580140703819087110e-04,-4.621513858372113025e-04,-8.239748026880873191e-06,-1.497743223550278497e-04,-3.041373154553026186e-04,-5.273438737203758886e-02,-9.585556630721782101e-01,-9.732394094569684073e-01,-5.273438737203758886e-02,-5.953588379703552036e+00
1.100000000000000089e+00,-3.274361682426163856e-05,-1.903602354819244197e-04,-5.014380362937305999e-04,-3.274361682426163856e-05,-1.576166186576627676e-04,-3.110778008118061802e-04,-2.095591476752744764e-01,-1.008746359409041782e+00,-9.954489625977798184e-01,-2.095591476752744764e-01,-6.641263409046288757e+00
1.110000000000000098e+00,-6.471332159228643992e-05,-2.263408713128171759e-04,-5.378520463548934613e-04,-6.471332159228643992e-05,-1.616275497205307225e-04,-3.115111750420763125e-04,-4.141652581906332120e-01,-1.034416318211396568e+00,-9.968357601346442554e-01,-4.141652581906332120e-01,-7.336252009610022107e+00
1.120000000000000107e+00,-1.097655673372510752e-04,-2.725120000765970225e-04,-5.781934336592763068e-04,-1.097655673372510752e-04,-1.627464327393459472e-04,-3.056814335826792844e-04,-7.024996309584068399e-01,-1.041577169531814118e+00,-9.781805874645737031e-01,-7.024996309584068399e-01,-8.166772163864383316e+00
1.129999999999999893e+00,-1.718084469013733760e-04,-3.342179409503621035e-04,-6.282091475549657659e-04,-1.718084469013733760e-04,-1.624094940489887275e-04,-2.939912066046036624e-04,-1.099574060168789558e+00,-1.039420761913527835e+00,-9.407718611347317683e-01,-1.099574060168789558e+00,-9.239300049651147262e+00
1.139999999999999902e+00,-2.517173627925503848e-04,-4.142424021922417460e-04,-6.912910024310199228e-04,-2.517173627925503848e-04,-1.625250393996913612e-04,-2.770486002387781768e-04,-1.610991121872322518e+00,-1.040160252158024656e+00,-8.865555207640901658e-01,-1.610991121872322518e+00,-1.061312068438331124e+01
1.149999999999999911e+00,-3.485015856340104457e-04,-5.138461955106834751e-04,-7.695681739847106328e-04,-3.485015856340104457e-04,-1.653446098766730293e-04,-2.557219784740271578e-04,-2.230410148057667019e+00,-1.058205503210707388e+00,-8.183103311168868910e-01,-2.230410148057667019e+00,-1.232077794715578456e+01
1.159999999999999920e+00,-4.600644468269926069e-04,-6.333333842260319884e-04,-8.645273817423994355e-04,-4.600644468269926069e-04,-1.732689373990393814e-04,-2.311939975163674471e-04,-2.944412459692752559e+00,-1.108921199353852138e+00,-7.398207920523758307e-01,-2.944412459692752559e+00,-1.437946335329694136e+01
1.169999999999999929e+00,-5.819582944349144249e-04,-7.705619364650528663e-04,-9.755657780139441373e-04,-5.819582944349144249e-04,-1.886036420301384414e-04,-2.050038415488912710e-04,-3.724533084383452319e+00,-1.207063308992885942e+00,-6.560122929564520255e-01,-3.724533084383452319e+00,-1.676282605899837108e+01
1.179999999999999938e+00,-7.066071043079312627e-04,-9.198638156045030280e-04,-1.098928859019593189e-03,-7.066071043079312627e-04,-2.132567112965717653e-04,-1.790650434150901612e-04,-4.522285467570759998e+00,-1.364842952298059409e+00,-5.730081389282885018e-01,-4.522285467570759998e+00,-1.938040967639132361e+01
1.189999999999999947e+00,-8.247126896686736387e-04,-1.073117986272357788e-03,-1.228763625086027114e-03,-8.247126896686736387e-04,-2.484052966036841498e-04,-1.556456388136693257e-04,-5.278161213879511315e+00,-1.589793898263578642e+00,-4.980660442037418423e-01,-5.278161213879511315e+00,-2.209806346904049335e+01
1.199999999999999956e+00,-9.270917882878618567e-04,-1.221292141936518652e-03,-1.358591252577939822e-03,-9.270917882878618567e-04,-2.942003536486567953e-04,-1.372991106414211699e-04,-5.933387445042315633e+00,-1.882882263351403518e+00,-4.393571540525477159e-01,-5.933387445042315633e+00,-2.476688058733880382e+01
1.209999999999999964e+00,-1.005443090624771755e-03,-1.355012178530707418e-03,-1.481751499983209467e-03,-1.005443090624771755e-03,-3.495690879059356639e-04,-1.267393214525020483e-04,-6.434835779998539174e+00,-2.237242162597988138e+00,-4.055658286480065544e-01,-6.434835779998539174e+00,-2.723293131373360154e+01
1.219999999999999973e+00,-1.052884187356551088e-03,-1.465030643898356053e-03,-1.591690221025366401e-03,-1.052884187356551088e-03,-4.121464565418049650e-04,-1.266595771270103473e-04,-6.738458799081927353e+00,-2.637737321867551721e+00,-4.053106468064331391e-01,-6.738458799081927353e+00,-2.934452030326773553e+01
1.229999999999999982e+00,-1.064784741608893913e-03,-1.543138321523759328e-03,-1.682642234446571567e-03,-1.064784741608893913e-03,-4.783535799148654153e-04,-1.395039129228122388e-04,-6.814622346296920874e+00,-3.061462911455138602e+00,-4.464125213529991365e-01,-6.814622346296920874e+00,-3.096749333731517595e+01
1.239999999999999991e+00,-1.038938249356676684e-03,-1.582562465779124069e-03,-1.749769092150127783e-03,-1.038938249356676684e-03,-5.436242164224473847e-04,-1.672066263710037144e-04,-6.649204795882730501e+00,-3.479194985103663207e+00,-5.350612043872118306e-01,-6.649204795882730501e+00,-3.199038295612081484e+01
1.250000000000000000e+00,-9.746860274678271650e-04,-1.577431857896344257e-03,-1.788354518555800758e-03,-9.746860274678271650e-04,-6.027458304285170923e-04,-2.109226606594565012e-04,-6.237990575794094106e+00,-3.857573314742509307e+00,-6.749525141102608039e-01,-6.237990575794094106e+00,-3.231154921394059443e+01
1.260000000000000009e+00,-8.718790092190419712e-04,-1.522133766875094626e-03,-1.792908930536406134e-03,-8.718790092190419712e-04,-6.502547576560526550e-04,-2.707751636613115083e-04,-5.580025659001868199e+00,-4.161630448998736576e+00,-8.664805237161967710e-01,-5.580025659001868199e+00,-3.182440989515040286e+01
1.270000000000000018e+00,-7.304917700099783015e-04,-1.411319073147152903e-03,-1.756965761182547204e-03,-7.304917700099783015e-04,-6.808273031371746015e-04,-3.456466880353943009e-04,-4.675147328063861352e+00,-4.357294740077917616e+00,-1.106069401713261735e+00,-4.675147328063861352e+00,-3.041553440956512588e+01
1.280000000000000027e+00,-5.512638557765654670e-04,-1.240898964192231309e-03,-1.673936530294137378e-03,-5.512638557765654670e-04,-6.896351084156658422e-04,-4.330375661019060692e-04,-3.528088676970019044e+00,-4.413664693860261501e+00,-1.385720211526099366e+00,-3.528088676970019044e+00,-2.798242074706914195e+01
1.290000000000000036e+00,-3.373995864886576604e-04,-1.010069140762298243e-03,-1.539079528162794587e-03,-3.373995864886576604e-04,-6.726695542736405280e-04,-5.290103874004963447e-04,-2.159357353527409096e+00,-4.305085147351299213e+00,-1.692833239681588386e+00,-2.159357353527409096e+00,-2.447182722168088986e+01
1.300000000000000044e+00,-9.616434093384592958e-05,-7.232255472263896109e-04,-1.351460221849386375e-03,-9.616434093384592958e-05,-6.270612062925436407e-04,-6.282346746229967643e-04,-6.154517819766139874e-01,-4.013191720272279106e+00,-2.010350958793589715e+00,-6.154517819766139874e-01,-1.991698338312745165e+01
1.310000000000000053e+00,1.613447792700671275e-04,-3.900538071319240821e-04,-1.114194973848684194e-03,1.613447792700671275e-04,-5.513985864019912368e-04,-7.241411667167601662e-04,1.032606587328429582e+00,-3.528950952972743860e+00,-2.317251733493632671e+00,1.032606587328429582e+00,-1.444078829741384240e+01
1.320000000000000062e+00,4.219980648087924275e-04,-2.400545923704729007e-05,-8.331949979201021218e-04,4.219980648087924275e-04,-4.460035240458397007e-04,-8.091895386830548487e-04,2.700787614776271717e+00,-2.854422553893374292e+00,-2.589406523785775516e+00,2.700787614776271717e+00,-8.229124388708633830e+00
1.330000000000000071e+00,6.722674991534764114e-04,3.591665436221694254e-04,-5.160792294621447231e-04,6.722674991534764114e-04,-3.131009555313069861e-04,-8.752457730843142027e-04,4.302511994582249422e+00,-2.003846115400364614e+00,-2.800786473869805615e+00,4.302511994582249422e+00,-1.506361784063759757e+00
1.340000000000000080e+00,8.997975755322710698e-04,7.429649334663638140e-04,-1.710908360291516861e-04,8.997975755322710698e-04,-1.568326420659072558e-04,-9.140557694955154730e-04,5.758704483406535068e+00,-1.003728909221806465e+00,-2.924978462385649625e+00,5.758704483406535068e+00,5.489991335397238714e+00
1.350000000000000089e+00,1.096154781405005380e-03,1.113090111888617034e-03,1.952993418666745514e-04,1.096154781405005380e-03,1.693533048361165437e-05,-9.177907700219425100e-04,7.015390600992034820e+00,1.083861150951145880e-01,-2.936930464070215852e+00,7.015390600992034820e+00,1.256053875605079995e+01
1.360000000000000098e+00,1.259176530863704430e-03,1.460233068485397058e-03,5.806046582548307156e-04,1.259176530863704430e-03,2.010565376216926284e-04,-8.796284102305663424e-04,8.058729797527707461e+00,1.286761840778832822e+00,-2.814810912737812476e+00,8.058729797527707461e+00,1.959204217670618320e+01
1.370000000000000107e+00,1.391730705192096434e-03,1.779504669128998849e-03,9.851821143305882107e-04,1.391730705192096434e-03,3.877739639369024143e-04,-7.943225547984106381e-04,8.907076513229416292e+00,2.481753369196175285e+00,-2.541832175354914014e+00,8.907076513229416292e+00,2.654099312121203269e+01
1.379999999999999893e+00,1.497720012254968218e-03,2.067202110137889015e-03,1.408492719715501943e-03,1.497720012254968218e-03,5.694820978829207968e-04,-6.587093904223870720e-04,9.585408078431797207e+00,3.644685426450692933e+00,-2.107870049351638464e+00,9.585408078431797207e+00,3.336667036659255814e+01
1.389999999999999902e+00,1.579615073483293594e-03,2.319031863706330892e-03,1.846932183034396798e-03,1.579615073483293594e-03,7.394167902230372978e-04,-4.720996806719340941e-04,1.010953647029307945e+01,4.732267457427438373e+00,-1.510718978150189074e+00,1.010953647029307945e+01,3.999325484871098979e+01
1.399999999999999911e+00,1.638721241904278828e-03,2.530896198656905089e-03,2.294379045850956748e-03,1.638721241904278828e-03,8.921749567526262616e-04,-2.365171528059483406e-04,1.048781594818738405e+01,5.709919723216808407e+00,-7.568548889790347456e-01,1.048781594818738405e+01,4.632264234727547603e+01
1.409999999999999920e+00,1.675527410468321664e-03,2.699559063382563334e-03,2.742801425371742177e-03,1.675527410468321664e-03,1.024031652914241669e-03,4.324236198917884300e-05,1.072337542699725788e+01,6.553802578651146682e+00,1.383755583653722976e-01,1.072337542699725788e+01,5.224666069204132413e+01
1.419999999999999929e+00,1.689377523639345579e-03,2.822417349383549677e-03,3.182157118256609060e-03,1.689377523639345579e-03,1.133039825744204098e-03,3.597397688730593832e-04,1.081201615129181093e+01,7.251454884762906339e+00,1.151167260393790137e+00,1.081201615129181093e+01,5.764391488934552399e+01
1.429999999999999938e+00,1.679433118385354612e-03,2.898357889910546138e-03,3.601559299160652684e-03,1.679433118385354612e-03,1.218924771525191526e-03,7.032014092501065461e-04,1.074837195766626863e+01,7.801118537761225546e+00,2.250244509600340947e+00,1.074837195766626863e+01,6.239920501508350981e+01
1.439999999999999947e+00,1.646515913602687297e-03,2.929349282675491450e-03,3.991333896197856931e-03,1.646515913602687297e-03,1.282833369072804153e-03,1.061984613522365482e-03,1.053770184705719792e+01,8.210133562065946577e+00,3.398350763271569708e+00,1.053770184705719792e+01,6.643855851718413419e+01
1.449999999999999956e+00,1.592894081803893601e-03,2.919893076331268357e-03,4.343058939531245673e-03,1.592894081803893601e-03,1.326998994527374756e-03,1.423165863199977316e-03,1.019452212354491927e+01,8.492793564975197995e+00,4.554130762239926966e+00,1.019452212354491927e+01,6.972433935228013979e+01
1.459999999999999964e+00,1.519994453906783243e-03,2.874326585978677438e-03,4.647535963727320550e-03,1.519994453906783243e-03,1.354332132071894195e-03,1.773209377748643113e-03,9.727964505003413365e+00,8.667725645260123457e+00,5.674270008795658349e+00,9.727964505003413365e+00,7.220988047717759173e+01
1.469999999999999973e+00,1.427451491104029342e-03,2.795385564296841516e-03,4.894053837675211953e-03,1.427451491104029342e-03,1.367934073192812175e-03,2.098668273378370436e-03,9.135689543065787177e+00,8.754778068433997973e+00,6.715738474810785341e+00,9.135689543065787177e+00,7.381861825893170703e+01
1.479999999999999982e+00,1.314970481095438385e-03,2.685560778831960326e-03,5.072428655592732365e-03,1.314970481095438385e-03,1.370590297736521941e-03,2.386867876760772039e-03,8.415811079010806495e+00,8.771777905513740592e+00,7.637977205634470579e+00,8.415811079010806495e+00,7.447669857047705477e+01
1.489999999999999991e+00,1.184902170453855505e-03,2.549257176383009412e-03,5.175780715288900644e-03,1.184902170453855505e-03,1.364355005929153907e-03,2.626523538905891231e-03,7.583373890904675285e+00,8.731872037946585507e+00,8.404875324498851441e+00,7.583373890904675285e+00,7.416036376005033048e+01
1.500000000000000000e+00,1.043475687385268585e-03,2.393801783604253188e-03,5.202056048215524496e-03,1.043475687385268585e-03,1.350326096218984603e-03,2.808254264611271308e-03,6.678244399265718556e+00,8.642087015801500627e+00,8.986413646756068019e+00,6.678244399265718556e+00,7.292023518546986338e+01
1.510000000000000009e+00,9.005410801427868664e-04,2.229192918556016038e-03,5.154159939750752213e-03,9.005410801427868664e-04,1.328651838413229171e-03,2.924967021194736175e-03,5.763462912913835723e+00,8.503371765844667252e+00,9.359894467823155040e+00,5.763462912913835723e+00,7.088018743974497227e+01
1.520000000000000018e+00,7.684361755639604503e-04,2.067188319832497911e-03,5.039290083412186969e-03,7.684361755639604503e-04,1.298752144268537460e-03,2.972101763579689058e-03,4.917991523609346771e+00,8.312013723318639080e+00,9.510725643455005596e+00,4.917991523609346771e+00,6.822219267114897434e+01
1.530000000000000027e+00,6.606915901127507996e-04,1.920392159264757131e-03,4.868133451846622800e-03,6.606915901127507996e-04,1.259700569152006223e-03,2.947741292581865669e-03,4.228426176721605145e+00,8.062083642572840603e+00,9.432772136261970530e+00,4.228426176721605145e+00,6.516984586666924884e+01
1.540000000000000036e+00,5.908720275595720191e-04,1.801569992906919705e-03,4.654171260870651819e-03,5.908720275595720191e-04,1.210697965347347794e-03,2.852601267963732114e-03,3.781580976381261117e+00,7.748466978223025770e+00,9.128324057483942155e+00,3.781580976381261117e+00,6.197511603626468002e+01
1.550000000000000044e+00,5.707375008230713628e-04,1.722292221336902632e-03,4.412215161554175133e-03,5.707375008230713628e-04,1.151554720513831270e-03,2.689922940217272501e-03,3.652720005267656944e+00,7.369950211288520237e+00,8.607753408695272057e+00,3.652720005267656944e+00,5.889127087575435127e+01
1.560000000000000053e+00,6.073083561204816079e-04,1.690382329628152287e-03,4.155675777426187829e-03,6.073083561204816079e-04,1.083073973507670679e-03,2.465293447798035543e-03,3.886773479171082180e+00,6.931673430449092344e+00,7.888939032953714126e+00,3.886773479171082180e+00,5.612215782772165795e+01
1.570000000000000062e+00,7.009502211227919407e-04,1.708182636923104682e-03,3.894598014416398180e-03,7.009502211227919407e-04,1.007232415800312850e-03,2.186415377493293281e-03,4.486081415185868337e+00,6.446287461122002682e+00,6.996529207978538167e+00,4.486081415185868337e+00,5.378669425285922756e+01
1.580000000000000071e+00,8.467201765416426575e-04,1.773848835212047271e-03,3.636689109680436849e-03,8.467201765416426575e-04,9.271286586704046134e-04,1.862840274468389578e-03,5.419009129866513064e+00,5.933623415490589359e+00,5.961088878298846261e+00,5.419009129866513064e+00,5.194116427096784605e+01
1.590000000000000080e+00,1.037071477794828745e-03,1.883828302841785004e-03,3.389501703773834841e-03,1.037071477794828745e-03,8.467568250469562595e-04,1.505673400932049837e-03,6.637257457886904355e+00,5.419243680300519728e+00,4.818154882982559783e+00,6.637257457886904355e+00,5.062396806350995604e+01
1.600000000000000089e+00,1.262038250877857816e-03,2.032706425255208661e-03,3.159958164746692454e-03,1.262038250877857816e-03,7.706681743773508442e-04,1.127251739491483794e-03,8.077044805618289303e+00,4.932276316015045126e+00,3.607205566372748251e+00,8.077044805618289303e+00,4.984958006401824804e+01
1.610000000000000098e+00,1.507112094960000922e-03,2.210634733290887163e-03,2.951428213431785564e-03,1.507112094960000922e-03,7.035226383308862408e-04,7.407934801408984013e-04,9.645517407744005567e+00,4.502544885317671941e+00,2.370539136450874995e+00,9.645517407744005567e+00,4.955580428853765795e+01
1.620000000000000107e+00,1.752726039582897747e-03,2.402245397150094396e-03,2.762259054674064303e-03,1.752726039582897747e-03,6.495193575671966493e-04,3.600136575239699065e-04,1.121744665333054591e+01,4.156923888430058334e+00,1.152043704076703756e+00,1.121744665333054591e+01,4.957924273751192601e+01
1.629999999999999893e+00,1.977023259590634640e-03,2.588790041952224348e-03,2.587488231903760285e-03,1.977023259590634640e-03,6.117667823615897081e-04,-1.301810048464063091e-06,1.265294886138006092e+01,3.915307407114174243e+00,-4.165792155085001891e-03,1.265294886138006092e+01,4.969227142901745253e+01
1.639999999999999902e+00,2.159860878098745617e-03,2.751586041948241197e-03,2.421816178844887497e-03,2.159860878098745617e-03,5.917251638494955800e-04,-3.297698631033537005e-04,1.382310961983197117e+01,3.787041048636771823e+00,-1.055263561930731786e+00,1.382310961983197117e+01,4.966466131961403363e+01
1.649999999999999911e+00,2.286006245248769792e-03,2.874865882103656931e-03,2.261935092695105138e-03,2.286006245248769792e-03,5.888596368548871390e-04,-6.129307894085517933e-04,1.463043996959212656e+01,3.768701675871277690e+00,-1.961378526107365738e+00,1.463043996959212656e+01,4.931328935806811842e+01
1.659999999999999920e+00,2.347211968895708111e-03,2.947809114229153499e-03,2.108006672042553060e-03,2.347211968895708111e-03,6.005971453334453883e-04,-8.398024421866004396e-04,1.502215660093253113e+01,3.843821730134050263e+00,-2.687367814997121407e+00,1.502215660093253113e+01,4.853583154820837819e+01
1.669999999999999929e+00,2.343059847888386872e-03,2.965679560072839380e-03,1.964238522201299224e-03,2.343059847888386872e-03,6.226197121844525076e-04,-1.001441037871540155e-03,1.499558302648567576e+01,3.984766157980495827e+00,-3.204611321188928663e+00,1.499558302648567576e+01,4.732721358983172877e+01
1.679999999999999938e+00,2.280246986453978060e-03,2.929706289670052938e-03,1.838237952629605352e-03,2.280246986453978060e-03,6.494593032160748784e-04,-1.091468337040447587e-03,1.459358071330546025e+01,4.156539540582879333e+00,-3.492698678529432499e+00,1.459358071330546025e+01,4.577226472607671326e+01
1.689999999999999947e+00,2.170657364591676609e-03,2.845954399506137739e-03,1.739438117625888031e-03,2.170657364591676609e-03,6.752970349144611292e-04,-1.106516281880249707e-03,1.389220713338673008e+01,4.321901023452551449e+00,-3.540852102016799119e+00,1.389220713338673008e+01,4.401976816446745033e+01
1.699999999999999956e+00,2.028801443425407719e-03,2.723630697285648813e-03,1.677092445461811788e-03,2.028801443425407719e-03,6.948292538602410945e-04,-1.046538251823837026e-03,1.298432923792260851e+01,4.446907224705542561e+00,-3.348922405836278315e+00,1.298432923792260851e+01,4.224694217037561828e+01
1.709999999999999964e+00,1.869208647107131142e-03,2.573261124211410986e-03,1.658318962693029232e-03,1.869208647107131142e-03,7.040524771042798446e-04,-9.149421615183817545e-04,1.196293534148563964e+01,4.505935853467391006e+00,-2.927814916858821448e+00,1.196293534148563964e+01,4.062316883428262315e+01
1.719999999999999973e+00,1.705274295269285263e-03,2.406124969413251432e-03,1.687610947253444064e-03,1.705274295269285263e-03,7.008506741439661687e-04,-7.185140221598073675e-04,1.091375548972342635e+01,4.485444314521383369e+00,-2.299244870911383742e+00,1.091375548972342635e+01,3.929986480000027882e+01
1.729999999999999982e+00,1.550412197359690150e-03,2.235755764378932840e-03,1.768637127746686697e-03,1.550412197359690150e-03,6.853435670192426898e-04,-4.671186366322461429e-04,9.922638063102017014e+00,4.386198828923153492e+00,-1.494779637223187629e+00,9.922638063102017014e+00,3.844217176440594130e+01
1.739999999999999991e+00,1.418988050644946720e-03,2.079001728643780321e-03,1.905818499564385397e-03,1.418988050644946720e-03,6.600136779988336009e-04,-1.731832290793949240e-04,9.081523524127659286e+00,4.224087539192534990e+00,-5.541863330540637289e-01,9.081523524127659286e+00,3.825427419079839098e+01
1.750000000000000000e+00,1.323967183630714913e-03,1.953574999271698396e-03,2.102586866634783939e-03,1.323967183630714913e-03,6.296078156409834828e-04,1.490118673630855435e-04,8.473389975236575111e+00,4.029490020102294068e+00,4.768379755618737392e-01,8.473389975236575111e+00,3.893915391270222415e+01
1.760000000000000009e+00,1.272928850845225649e-03,1.873684696178403363e-03,2.357878042859666221e-03,1.272928850845225649e-03,6.007558453331777147e-04,4.841933466812628570e-04,8.146744645409444985e+00,3.844837410132337485e+00,1.549418709380041115e+00,8.146744645409444985e+00,4.062300229476547031e+01
1.770000000000000018e+00,1.266882703783831767e-03,1.848161622971399151e-03,2.665207828435767635e-03,1.266882703783831767e-03,5.812789191875673833e-04,8.170462054643684840e-04,8.108049304216523367e+00,3.720185082800431253e+00,2.614547857485979065e+00,8.108049304216523367e+00,4.332834673350880195e+01
1.780000000000000027e+00,1.302367139714184904e-03,1.881634172780496158e-03,3.014816610954641936e-03,1.302367139714184904e-03,5.792670330663112540e-04,1.133182438174145778e-03,8.335149694170782553e+00,3.707309011624392081e+00,3.626183802157266545e+00,8.335149694170782553e+00,4.700592752385732354e+01
1.790000000000000036e+00,1.373087683522184431e-03,1.975158258438015207e-03,3.395205197001400967e-03,1.373087683522184431e-03,6.020705749158307765e-04,1.420046938563385760e-03,8.787761174541980580e+00,3.853251679461316748e+00,4.544150203402834265e+00,8.787761174541980580e+00,5.155548917221839389e+01
1.800000000000000044e+00,1.469369558272041543e-03,2.124691175284359242e-03,3.792373892417242025e-03,1.469369558272041543e-03,6.553216170123176993e-04,1.667682717132882783e-03,9.403965172941065376e+00,4.194058348878833442e+00,5.336584694825225128e+00,9.403965172941065376e+00,5.680382464993537184e+01
1.810000000000000053e+00,1.577814070761042941e-03,2.319873484655537131e-03,4.189160743912179186e-03,1.577814070761042941e-03,7.420594138944941898e-04,1.869287259256642054e-03,1.009801005287067532e+01,4.749180248924762537e+00,5.981719229621254463e+00,1.009801005287067532e+01,6.248672859425008141e+01
1.820000000000000062e+00,1.683040283854900969e-03,2.545086191416922033e-03,4.566593840148128886e-03,1.683040283854900969e-03,8.620459075620210635e-04,2.021507648731206853e-03,1.077145781667136681e+01,5.517093808396935195e+00,6.468824475939862317e+00,1.077145781667136681e+01,6.827212830302448765e+01
1.830000000000000071e+00,1.770292151726508226e-03,2.781671353275253118e-03,4.906115042803446506e-03,1.770292151726508226e-03,1.011379201548744892e-03,2.124443689528193388e-03,1.132986977104965298e+01,6.472826889911967641e+00,6.798219806490219064e+00,1.132986977104965298e+01,7.380274940235551639e+01
1.840000000000000080e+00,1.827738252991126938e-03,3.010234282413191010e-03,5.191589128224927130e-03,1.827738252991126938e-03,1.182496029422064072e-03,2.181354845811736120e-03,1.169752481914321152e+01,7.567974588301209948e+00,6.980335506597555195e+00,1.169752481914321152e+01,7.873750474212593531e+01
1.850000000000000089e+00,1.848818424085190261e-03,3.213433663742880451e-03,5.411529852469403219e-03,1.848818424085190261e-03,1.364615239657690189e-03,2.198096188726522768e-03,1.183243791414521695e+01,8.733537533809217379e+00,7.033907803924872582e+00,1.183243791414521695e+01,8.279964975563791540e+01
1.860000000000000098e+00,1.833963158403750056e-03,3.378590621819399682e-03,5.560928321920501245e-03,1.833963158403750056e-03,1.544627463415649627e-03,2.182337700101101563e-03,1.173736421378399974e+01,9.885615765860157111e+00,6.983480640323525002e+00,1.173736421378399974e+01,8.581938185990304646e+01
1.870000000000000107e+00,1.790050226801432947e-03,3.498410633072351027e-03,5.641057207024000909e-03,1.790050226801432947e-03,1.708360406270918079e-03,2.142646573951649883e-03,1.145632145152917047e+01,1.093350660013387632e+01,6.856469036645279402e+00,1.145632145152917047e+01,8.773889126492497326e+01
1.879999999999999893e+00,1.728079489878429909e-03,3.570141768898094266e-03,5.657671091908005045e-03,1.728079489878429909e-03,1.842062279019664357e-03,2.087529323009910780e-03,1.105970873522195141e+01,1.178919858572585255e+01,6.680093833631714162e+00,1.105970873522195141e+01,8.858700346373855439e+01
1.889999999999999902e+00,1.661059463833156665e-03,3.594964696722437528e-03,5.619500916379588894e-03,1.661059463833156665e-03,1.933905232889280863e-03,2.024536219657151366e-03,1.063078056853220232e+01,1.237699349049139741e+01,6.478515902902884704e+00,1.063078056853220232e+01,8.845886988577944976e+01
1.899999999999999911e+00,1.602521240440264467e-03,3.577846265707532343e-03,5.537370287711024935e-03,1.602521240440264467e-03,1.975325025267267876e-03,1.959524022003492592e-03,1.025613593881769248e+01,1.264208016171051518e+01,6.270476870411176407e+00,1.025613593881769248e+01,8.750607891281815398e+01
1.909999999999999920e+00,1.565044122631182796e-03,3.527088992121850657e-03,5.423244322625190260e-03,1.565044122631182796e-03,1.962044869490667861e-03,1.896155330503339603e-03,1.001628238483957034e+01,1.255708716474027398e+01,6.067697057610686784e+00,1.001628238483957034e+01,8.592319982157158620e+01
1.919999999999999929e+00,1.559004522694578277e-03,3.453673262128462151e-03,5.289359887477116523e-03,1.559004522694578277e-03,1.894668739433883874e-03,1.835686625348654372e-03,9.977628945245301750e+00,1.212587993237685602e+01,5.874197201115693545e+00,9.977628945245301750e+00,8.393311823621354506e+01
1.929999999999999938e+00,1.591401365845941098e-03,3.370175972893644113e-03,5.147240984571734013e-03,1.591401365845941098e-03,1.778774607047703014e-03,1.777065011678089900e-03,1.018496874141402309e+01,1.138415748510530001e+01,5.686608037369887292e+00,1.018496874141402309e+01,8.176720279166762850e+01
1.939999999999999947e+00,1.663617796297703387e-03,3.288087963083475684e-03,5.005406998154259338e-03,1.663617796297703387e-03,1.624470166785772296e-03,1.717319035070783654e-03,1.064715389630530140e+01,1.039660906742894220e+01,5.495420912226507859e+00,1.064715389630530140e+01,7.961755162788224993e+01
1.949999999999999956e+00,1.769087156916359597e-03,3.214488823898986082e-03,4.866683258701138756e-03,1.769087156916359597e-03,1.445401666982626485e-03,1.652194434802152674e-03,1.132215780426470175e+01,9.250570668688808951e+00,5.287022191366888890e+00,1.132215780426470175e+01,7.757925199296118990e+01
1.959999999999999964e+00,1.894465404976140854e-03,3.151758579605630148e-03,4.728713627133837756e-03,1.894465404976140854e-03,1.257293174629489294e-03,1.576955047528207608e-03,1.212457859184730147e+01,8.046676317628731923e+00,5.046256152090264457e+00,1.212457859184730147e+01,7.565253318469889621e+01
1.969999999999999973e+00,2.024661894990434710e-03,3.100894615992619199e-03,4.588142459481565558e-03,2.024661894990434710e-03,1.076232721002184489e-03,1.487247843488946359e-03,1.295783612793878170e+01,6.887889414413980838e+00,4.759193099164628293e+00,1.295783612793878170e+01,7.381475592455217338e+01
1.979999999999999982e+00,2.146474298600225053e-03,3.063457059525681158e-03,4.443381280137035684e-03,2.146474298600225053e-03,9.169827609254561050e-04,1.379924220611354526e-03,1.373743551104143990e+01,5.868689669922918739e+00,4.415757505956334761e+00,1.373743551104143990e+01,7.206564806076207219e+01
1.989999999999999991e+00,2.247665607485032583e-03,3.039172614651206375e-03,4.292889969797838642e-03,2.247665607485032583e-03,7.915070071661737920e-04,1.253717355146632267e-03,1.438505988790420886e+01,5.065644845863512380e+00,4.011895536469223700e+00,1.438505988790420886e+01,7.038780081071084282e+01
2.000000000000000000e+00,2.315902696095393457e-03,3.023707799811889505e-03,4.133401391304390021e-03,2.315902696095393457e-03,7.078051037164960479e-04,1.109693591492500516e-03,1.482177725501051846e+01,4.529952663785574707e+00,3.551019492776001485e+00,1.482177725501051846e+01,6.870824823471627951e+01
2.009999999999999787e+00,2.341972599028766585e-03,3.011133370590859688e-03,3.962554836519117073e-03,2.341972599028766585e-03,6.691607715620931027e-04,9.514214659282573851e-04,1.498862463378410581e+01,4.282628937997396079e+00,3.044548690970423799e+00,1.498862463378410581e+01,6.694740678825577618e+01
2.020000000000000018e+00,2.323487856348819061e-03,2.997430113561710963e-03,3.782264475153087040e-03,2.323487856348819061e-03,6.739422572128919015e-04,7.848343615913760778e-04,1.487032228063244155e+01,4.313230446162508613e+00,2.511469957092403504e+00,1.487032228063244155e+01,6.508506805166206277e+01
2.029999999999999805e+00,2.263020003991113131e-03,2.979006927654212315e-03,3.596806242096211702e-03,2.263020003991113131e-03,7.159869236630991840e-04,6.177993144419993872e-04,1.448332802554312337e+01,4.582316311443834778e+00,1.976957806214397984e+00,1.448332802554312337e+01,6.312780642960406396e+01
2.040000000000000036e+00,2.162399698531955114e-03,2.947816943889744381e-03,3.407255030434264576e-03,2.162399698531955114e-03,7.854172453577892669e-04,4.594380865445201953e-04,1.383935807060451317e+01,5.026670370289851419e+00,1.470201876942464736e+00,1.383935807060451317e+01,6.100869095351049509e+01
2.049999999999999822e+00,2.020180552514571314e-03,2.889855303890959039e-03,3.209125990933601839e-03,2.020180552514571314e-03,8.696747513763877259e-04,3.192706870426427999e-04,1.292915553609325663e+01,5.565918408808881779e+00,1.021666198536457015e+00,1.292915553609325663e+01,5.855022043031578960e+01
2.060000000000000053e+00,1.834528037607804658e-03,2.789186590435852910e-03,2.995451799687785712e-03,1.834528037607804658e-03,9.546585528280482520e-04,2.062652092519328025e-04,1.174097944068994970e+01,6.109814738099508702e+00,6.600486696061849123e-01,1.174097944068994970e+01,5.553252854518692772e+01
2.069999999999999840e+00,1.607587720254810820e-03,2.633548069824587830e-03,2.761432666571141895e-03,1.607587720254810820e-03,1.025960349569777011e-03,1.278845967465540648e-04,1.028856140963078936e+01,6.566146237246572426e+00,4.092307095889730073e-01,1.028856140963078936e+01,5.179181506939900004e+01
2.080000000000000071e+00,1.347506655815470557e-03,2.417692303378142418e-03,2.506915379284101707e-03,1.347506655815470557e-03,1.070185647562671861e-03,8.922307590595928914e-05,8.624042597219011341e+00,6.849188144401099798e+00,2.855138428990697252e-01,8.624042597219011341e+00,4.727623375355754831e+01
2.089999999999999858e+00,1.067407699448346715e-03,2.143681922418979452e-03,2.236003327390415421e-03,1.067407699448346715e-03,1.076274222970632737e-03,9.232140497143596913e-05,6.831409276469418757e+00,6.888155027012049736e+00,2.954284959085951012e-01,6.831409276469418757e+00,4.204497839817018701e+01
2.100000000000000089e+00,7.823635205773048999e-04,1.819024605690637000e-03,1.954762772155049615e-03,7.823635205773048999e-04,1.036661085113332100e-03,1.357381664644126146e-04,5.007126531694751748e+00,6.634630944725325108e+00,4.343621326861203391e-01,5.007126531694751748e+00,3.622835882731859414e+01
2.109999999999999876e+00,5.063369976680249336e-04,1.454440172039109507e-03,1.668872896563929065e-03,5.063369976680249336e-04,9.481031743710845736e-04,2.144327245248195575e-04,3.240556785075359603e+00,6.067860315974940910e+00,6.861847184794225285e-01,3.240556785075359603e+00,2.998380545858916690e+01
2.120000000000000107e+00,2.512200043833266792e-04,1.063275993740578568e-03,1.383261781168135598e-03,2.512200043833266792e-04,8.120559893572518347e-04,3.199857874275570304e-04,1.607808028053290705e+00,5.197158331886411631e+00,1.023954519768182525e+00,1.607808028053290705e+00,2.348676263912365769e+01
2.129999999999999893e+00,2.800120495997417553e-05,6.625890406246709398e-04,1.103739239565966739e-03,2.800120495997417553e-05,6.345878356646967710e-04,4.411501989412957994e-04,1.792077117438347356e-01,4.061362148254059612e+00,1.411680636612146600e+00,1.792077117438347356e-01,1.695675148983012548e+01
2.140000000000000124e+00,-1.522908448741227779e-04,2.736033840426041171e-04,8.382961591188302928e-04,-1.522908448741227779e-04,4.258942289167268950e-04,5.646927750762261757e-04,-9.746614071943857649e-01,2.725723065067052087e+00,1.807016880243923707e+00,-9.746614071943857649e-01,1.067423561434976875e+01
2.149999999999999911e+00,-2.797749642966465967e-04,-8.029453253120728297e-05,5.961664429118327226e-04,-2.797749642966465967e-04,1.994804317654393002e-04,6.764609754430399649e-04,-1.790559771498538177e+00,1.276674763298811577e+00,2.164675121417727777e+00,-1.790559771498538177e+00,4.952370339654002862e+00
2.160000000000000142e+00,-3.486134904312948092e-04,-3.775636634029218199e-04,3.850231158568378120e-04,-3.486134904312948092e-04,-2.895017297162701076e-05,7.625867792597595778e-04,-2.231126338760286654e+00,-1.852811070184128828e-01,2.440277693631230704e+00,-2.231126338760286654e+00,7.161074355759211585e-02
2.169999999999999929e+00,-3.598084027981862795e-04,-6.026803364568400056e-04,2.080440125071761782e-04,-3.598084027981862795e-04,-2.428719336586537261e-04,8.107243489640161838e-04,-2.302773777908392105e+00,-1.554380375415383764e+00,2.594317916684851788e+00,-2.302773777908392105e+00,-3.788508709916769135e+00
2.180000000000000160e+00,-3.220431564714941746e-04,-7.485486533449381853e-04,6.266028876725811129e-05,-3.220431564714941746e-04,-4.265054968734440107e-04,8.112089421121963101e-04,-2.061076201417562537e+00,-2.729635179990041571e+00,2.595868614759027970e+00,-2.061076201417562537e+00,-6.584528299945731078e+00
2.189999999999999947e+00,-2.495596041305315712e-04,-8.159883155288776783e-04,-5.796374270940451686e-05,-2.495596041305315712e-04,-5.664287113983461613e-04,7.580245728194732156e-04,-1.597181466435402042e+00,-3.625143752949415266e+00,2.425678633022314123e+00,-1.597181466435402042e+00,-8.389939759087511106e+00
2.200000000000000178e+00,-1.582563845627986898e-04,-8.112684815524929486e-04,-1.617885678978154195e-04,-1.582563845627986898e-04,-6.530120969896942859e-04,6.494799136546775290e-04,-1.012840861201911524e+00,-4.179277420734043069e+00,2.078335723694967996e+00,-1.012840861201911524e+00,-9.341347674722953798e+00
2.209999999999999964e+00,-6.274020524799839218e-05,-7.442058414550467614e-04,-2.556891575062061276e-04,-6.274020524799839218e-05,-6.814656362070483286e-04,4.885166839488406338e-04,-4.015373135871896926e-01,-4.361380071725108998e+00,1.563253388636290042e+00,-4.015373135871896926e-01,-9.598991990028023835e+00
2.220000000000000195e+00,2.446397827109282502e-05,-6.279015619877867556e-04,-3.452919250013298841e-04,2.446397827109282502e-05,-6.523655402588795366e-04,2.826096369864568715e-04,1.565694609349940758e-01,-4.175139457656829478e+00,9.043508383566619679e-01,1.565694609349940758e-01,-9.342657475095517583e+00
2.229999999999999982e+00,9.270520166595794102e-05,-4.789231504173568151e-04,-4.356660688349914983e-04,9.270520166595794102e-05,-5.716283520833147832e-04,4.325708158236531674e-05,5.933132906621307878e-01,-3.658421453333214668e+00,1.384226610635690136e-01,5.933132906621307878e-01,-8.780056504822546515e+00
2.240000000000000213e+00,1.329946536425332683e-04,-3.169743864915681650e-04,-5.318740472668375763e-04,1.329946536425332683e-04,-4.499690401341014333e-04,-2.148996607752694113e-04,8.511657833122129313e-01,-2.879801856858249298e+00,-6.876789144808621579e-01,8.511657833122129313e-01,-8.148944964080696352e+00
2.250000000000000000e+00,1.377392826850145334e-04,-1.641865995772238648e-04,-6.394411645991532420e-04,1.377392826850145334e-04,-3.019258822622383981e-04,-4.752545650219293502e-04,8.815314091840930066e-01,-1.932325646478325831e+00,-1.520814608070173879e+00,8.815314091840930066e-01,-7.714826536093220000e+00
2.259999999999999787e+00,1.009355955045789795e-04,-4.362812072944705218e-05,-7.642405226764344833e-04,1.009355955045789795e-04,-1.445637162340260317e-04,-7.206124019469874447e-04,6.459878112293054864e-01,-9.252077838977665891e-01,-2.305959686230359740e+00,6.459878112293054864e-01,-7.755538976696461972e+00
2.270000000000000018e+00,1.935765475626354155e-05,2.338779891409870985e-05,-9.112551655562927712e-04,1.935765475626354155e-05,4.030144157835168292e-06,-9.346429644703915319e-04,1.238889904400866659e-01,2.579292261014507620e-02,-2.990857486305253055e+00,1.238889904400866659e-01,-8.523526719765062154e+00
2.279999999999999805e+00,-1.064615150100166303e-04,1.988312499579545498e-05,-1.083404602606401028e-03,-1.064615150100166303e-04,1.263446400058120954e-04,-1.103287727602196479e-03,-6.813536960641064510e-01,8.086056960371974522e-01,-3.530520728327028568e+00,-6.813536960641064510e-01,-1.020980618506181514e+01
2.290000000000000036e+00,-2.727452865933597940e-04,-6.574181191327450641e-05,-1.281737179097550182e-03,-2.727452865933597940e-04,2.070034746800852876e-04,-1.215995367184275703e-03,-1.745569834197502779e+00,1.324822237952545834e+00,-3.891185174989682416e+00,-1.745569834197502779e+00,-1.293579831370391631e+01
2.299999999999999822e+00,-4.735752366975238908e-04,-2.394466161599690323e-04,-1.506122927391605930e-03,-4.735752366975238908e-04,2.341286205375548584e-04,-1.266676311231636817e-03,-3.030881514864153026e+00,1.498423171440351087e+00,-4.053364195941237647e+00,-3.030881514864153026e+00,-1.675746761809511298e+01
2.310000000000000053e+00,-7.013454555841255747e-04,-5.009699295236434745e-04,-1.755260502423143911e-03,-7.013454555841255747e-04,2.003755260604821002e-04,-1.254290572899500328e-03,-4.488610915738403762e+00,1.282403366787085552e+00,-4.013729833278400605e+00,-4.488610915738403762e+00,-2.165981214668916266e+01
2.319999999999999840e+00,-9.471814174683164909e-04,-8.436297413927910547e-04,-2.026644845374273377e-03,-9.471814174683164909e-04,1.035516760755254362e-04,-1.183015103981482213e-03,-6.061961071797225209e+00,6.627307268833627640e-01,-3.785648332740743083e+00,-6.061961071797225209e+00,-2.755463603296382047e+01
2.330000000000000071e+00,-1.201943207687745712e-03,-1.255177215436159913e-03,-2.317150883162738279e-03,-1.201943207687745712e-03,-5.323400774841420026e-05,-1.061973667726578367e-03,-7.692436529201572171e+00,-3.406976495898508817e-01,-3.398315736725050940e+00,-7.692436529201572171e+00,-3.429434974654942181e+01
2.339999999999999858e+00,-1.457188568691410906e-03,-1.719096128484305912e-03,-2.623646728176688096e-03,-1.457188568691410906e-03,-2.619075597928950064e-04,-9.045505996923821831e-04,-9.326006839625030409e+00,-1.676208382674527986e+00,-2.894561919015623097e+00,-9.326006839625030409e+00,-4.169033142394554403e+01
2.350000000000000089e+00,-1.706153370809019307e-03,-2.216379405872175370e-03,-2.943725953004847247e-03,-1.706153370809019307e-03,-5.102260350631560634e-04,-7.273465471326718765e-04,-1.091938157317772351e+01,-3.265446624404198861e+00,-2.327508950824550116e+00,-1.091938157317772351e+01,-4.953701144521942012e+01
2.359999999999999876e+00,-1.945189889205783170e-03,-2.728164234363188081e-03,-3.277030498078847918e-03,-1.945189889205783170e-03,-7.829743451574049107e-04,-5.488662637156598370e-04,-1.244921529091701196e+01,-5.011035809007391428e+00,-1.756372043890111367e+00,-1.244921529091701196e+01,-5.764986943144354825e+01
2.370000000000000107e+00,-2.173849870056075630e-03,-3.237311312204131132e-03,-3.625364287295275521e-03,-2.173849870056075630e-03,-1.063461442148055502e-03,-3.880529750911443886e-04,-1.391263916835888459e+01,-6.806153229747555322e+00,-1.241769520291662099e+00,-1.391263916835888459e+01,-6.588168575519431158e+01
2.379999999999999893e+00,-2.391615996799177201e-03,-3.726745538839243681e-03,-3.989542891496150774e-03,-2.391615996799177201e-03,-1.335129542040066480e-03,-2.627973526569070926e-04,-1.530634237951473331e+01,-8.544829069056426363e+00,-8.409515285021027520e-01,-1.530634237951473331e+01,-7.407636893121978972e+01
2.390000000000000124e+00,-2.593990651311169938e-03,-4.177015496847481628e-03,-4.365563828178658720e-03,-2.593990651311169938e-03,-1.583024845536311689e-03,-1.885483313311770923e-04,-1.660154016839148738e+01,-1.013135901143239437e+01,-6.033546602597666952e-01,-1.660154016839148738e+01,-8.200876152025094257e+01
2.399999999999999911e+00,-2.772542633028453243e-03,-4.567476591007236207e-03,-4.744614181120368132e-03,-2.772542633028453243e-03,-1.794933957978782964e-03,-1.771375901131319250e-04,-1.774427285138209953e+01,-1.148757733106421064e+01,-5.668402883620221600e-01,-1.774427285138209953e+01,-8.939607141242501598e+01
2.410000000000000142e+00,-2.917829938832090884e-03,-4.879953223752808190e-03,-5.115856998814307527e-03,-2.917829938832090884e-03,-1.962123284920717307e-03,-2.359037750614993365e-04,-1.867411160852538288e+01,-1.255758902349259110e+01,-7.548920801967978766e-01,-1.867411160852538288e+01,-9.595977813664431721e+01
2.419999999999999929e+00,-3.020499723530584678e-03,-5.100184734256080210e-03,-5.467356639930105906e-03,-3.020499723530584678e-03,-2.079685010725495532e-03,-3.671719056740256962e-04,-1.933119823059574216e+01,-1.330998406864317118e+01,-1.174950098156882117e+00,-1.933119823059574216e+01,-1.014483971921873859e+02
2.430000000000000160e+00,-3.071266791677144860e-03,-5.217759169205536500e-03,-5.785870188953396581e-03,-3.071266791677144860e-03,-2.146492377528391639e-03,-5.681110197478600812e-04,-1.965610746673372589e+01,-1.373755121618170705e+01,-1.817955263193152149e+00,-1.965610746673372589e+01,-1.056348418383257552e+02
2.439999999999999947e+00,-3.064472624291331680e-03,-5.229301362811366455e-03,-6.060263015955237760e-03,-3.064472624291331680e-03,-2.164828738520034775e-03,-8.309616531438713052e-04,-1.961262479546452298e+01,-1.385490392652822322e+01,-2.659077290060388066e+00,-1.961262479546452298e+01,-1.083798180361594063e+02
2.450000000000000178e+00,-3.003703609956706166e-03,-5.143567408806358487e-03,-6.287166158213685491e-03,-3.003703609956706166e-03,-2.139863798849652322e-03,-1.143598749407327003e-03,-1.922370310372291868e+01,-1.369512831263777564e+01,-3.659515998103446410e+00,-1.922370310372291868e+01,-1.097350422433924280e+02
2.459999999999999964e+00,-2.901935659869306350e-03,-4.981065608000954069e-03,-6.471443726495149096e-03,-2.901935659869306350e-03,-2.079129948131647719e-03,-1.490378118494195027e-03,-1.857238822316356064e+01,-1.330643166804254562e+01,-4.769209979181423975e+00,-1.857238822316356064e+01,-1.099440896111625960e+02
2.470000000000000195e+00,-2.774422163577245845e-03,-4.766398269838281743e-03,-6.619601200358355905e-03,-2.774422163577245845e-03,-1.991976106261035898e-03,-1.853202930520074163e-03,-1.775630184689437385e+01,-1.274864708007062930e+01,-5.930249377664237542e+00,-1.775630184689437385e+01,-1.093055949138877168e+02
2.479999999999999982e+00,-2.631675538478584625e-03,-4.520535187297379867e-03,-6.733270675394789108e-03,-2.631675538478584625e-03,-1.888859648818795242e-03,-2.212735488097409241e-03,-1.684272344626294071e+01,-1.208870175244028999e+01,-7.080753561911709681e+00,-1.684272344626294071e+01,-1.080365362818448176e+02
2.490000000000000213e+00,-2.478284312447457966e-03,-4.258702160042500580e-03,-6.808369766807395237e-03,-2.478284312447457966e-03,-1.780417847595042614e-03,-2.549667606764894658e-03,-1.586101959966373087e+01,-1.139467422460827351e+01,-8.158936341647663681e+00,-1.586101959966373087e+01,-1.062438904977589971e+02
2.500000000000000000e+00,-2.314525789925858668e-03,-3.990931711016618491e-03,-6.836886510915754500e-03,-2.314525789925858668e-03,-1.676405921090759824e-03,-2.845954799899136009e-03,-1.481296505552549547e+01,-1.072899789498086243e+01,-9.107055359677234563e+00,-1.481296505552549547e+01,-1.039470549305507774e+02
2.509999999999999787e+00,-2.135866929503828227e-03,-3.720489459949434877e-03,-6.806408723471611515e-03,-2.135866929503828227e-03,-1.584622530445606650e-03,-3.085919263522176638e-03,-1.366954834882450065e+01,-1.014158419485188212e+01,-9.874941643270965130e+00,-1.366954834882450065e+01,-1.010582225608420543e+02
2.520000000000000018e+00,-1.931709219154288887e-03,-3.441610138351521974e-03,-6.698744751771549058e-03,-1.931709219154288887e-03,-1.509900919197233087e-03,-3.257134613420027084e-03,-1.236293900258744927e+01,-9.663365882862292366e+00,-1.042283076294408595e+01,-1.236293900258744927e+01,-9.734740694518148985e+01
2.529999999999999805e+00,-1.687811464706414407e-03,-3.141075423373043771e-03,-6.492095933713744153e-03,-1.687811464706414407e-03,-1.453263958666629364e-03,-3.351020510340700382e-03,-1.080199337412105187e+01,-9.300889335466427710e+00,-1.072326563309024117e+01,-1.080199337412105187e+01,-9.247844502803314981e+01
2.540000000000000036e+00,-1.392622162795152402e-03,-2.804049207372775500e-03,-6.167147964516409009e-03,-1.392622162795152402e-03,-1.411427044577623097e-03,-3.363098757143633509e-03,-8.912781841888975265e+00,-9.033133085296787712e+00,-1.076191602285962645e+01,-8.912781841888975265e+00,-8.612349285013615940e+01
2.549999999999999822e+00,-1.043373127232535705e-03,-2.420233485067611011e-03,-5.713128842158722576e-03,-1.043373127232535705e-03,-1.376860357835075306e-03,-3.292895357091111565e-03,-6.677588014288228457e+00,-8.811906290144481346e+00,-1.053726514269155778e+01,-6.677588014288228457e+00,-7.808027834137280365e+01
2.560000000000000053e+00,-6.485685565316294575e-04,-1.987093837975170262e-03,-5.130606757581738023e-03,-6.485685565316294575e-04,-1.338525281443540913e-03,-3.143512919606567761e-03,-4.150838761802428500e+00,-8.566561801238661289e+00,-1.005924134274101611e+01,-4.150838761802428500e+00,-6.832992571734632747e+01
2.569999999999999840e+00,-2.267098734027391167e-04,-1.509945073130892351e-03,-4.430883071124430174e-03,-2.267098734027391167e-04,-1.283235199728153262e-03,-2.920937997993537823e-03,-1.450943189777530451e+00,-8.212705278260180819e+00,-9.347001593579321366e+00,-1.450943189777530451e+00,-5.703195018485109813e+01
2.580000000000000071e+00,1.973382800785106227e-04,-1.000106997640137774e-03,-3.633287422279783858e-03,1.973382800785106227e-04,-1.197445277718648315e-03,-2.633180424639646085e-03,1.262964992502467965e+00,-7.663649777399348828e+00,-8.426177358846867804e+00,1.262964992502467965e+00,-4.448058643123124511e+01
2.589999999999999858e+00,5.969254719436039832e-04,-4.722656045497148464e-04,-2.761625827415853905e-03,5.969254719436039832e-04,-1.069191076493318775e-03,-2.289360222866139005e-03,3.820323020439065687e+00,-6.842822889557240273e+00,-7.325952713171644426e+00,3.820323020439065687e+00,-3.104535774686944904e+01
2.600000000000000089e+00,9.478146185073572580e-04,5.793575453501627500e-05,-1.840923468944907380e-03,9.478146185073572580e-04,-8.898788639723410237e-04,-1.898859223479923723e-03,6.066013558447086673e+00,-5.695224729422982968e+00,-6.076349515135755830e+00,6.066013558447086673e+00,-1.711668205833495904e+01
2.609999999999999876e+00,1.231367293553326751e-03,5.756975593255854277e-04,-8.949419165944982272e-04,1.231367293553326751e-03,-6.556697342277413229e-04,-1.470639475920083655e-03,7.880750678741291537e+00,-4.196286299057544689e+00,-4.706046322944267501e+00,7.880750678741291537e+00,-3.064745829781564623e+00
2.620000000000000107e+00,1.437306989370628132e-03,1.069043897710814529e-03,5.624210456090846931e-05,1.437306989370628132e-03,-3.682630916598136038e-04,-1.012801793149906019e-03,9.198764731972019604e+00,-2.356883786622807175e+00,-3.240965738079699232e+00,9.198764731972019604e+00,1.080274562180854048e+01
2.629999999999999893e+00,1.566128828877115346e-03,1.531175715423808590e-03,9.987562640883184371e-04,1.566128828877115346e-03,-3.495311345330675591e-05,-5.324194513354901532e-04,1.002322450481353755e+01,-2.236999261011632378e-01,-1.703742244273568573e+00,1.002322450481353755e+01,2.428734700331641250e+01
2.640000000000000124e+00,1.629167730772498662e-03,1.961236566120400874e-03,1.925597198244348050e-03,1.629167730772498662e-03,3.320688353479022119e-04,-3.563936787605282396e-05,1.042667347694399105e+01,2.125240546226573990e+00,-1.140459772033690367e-01,1.042667347694399105e+01,3.731360413790159214e+01
2.649999999999999911e+00,1.644601888058900381e-03,2.361643630469965373e-03,2.833640769330871695e-03,1.644601888058900381e-03,7.170417424110649921e-04,4.719971388609063220e-04,1.052545208357696183e+01,4.589067151430816338e+00,1.510390844354900342e+00,1.052545208357696183e+01,4.987473023808803418e+01
2.660000000000000142e+00,1.631085174388688603e-03,2.733408635904063019e-03,3.718500608163941533e-03,1.631085174388688603e-03,1.102323461515374416e-03,9.850919722598785143e-04,1.043894511608760745e+01,7.054870153698396429e+00,3.152294311231611079e+00,1.043894511608760745e+01,6.193832874305284975e+01
2.669999999999999929e+00,1.602637156057505749e-03,3.072759476879776547e-03,4.570638216208619715e-03,1.602637156057505749e-03,1.470122320822270798e-03,1.497878739328843169e-03,1.025687779876803596e+01,9.408782853262533052e+00,4.793211965852298029e+00,1.025687779876803596e+01,7.337661785364861089e+01
2.680000000000000160e+00,1.566287055628095854e-03,3.370298120960070823e-03,5.374050925527110688e-03,1.566287055628095854e-03,1.804011065331974969e-03,2.003752804567039865e-03,1.002423715601981336e+01,1.154567081812463947e+01,6.412008974614527901e+00,1.002423715601981336e+01,8.394575084627695105e+01
2.689999999999999947e+00,1.521536584748798627e-03,3.611593690236317069e-03,6.106512428501756351e-03,1.521536584748798627e-03,2.090057105487518226e-03,2.494918738265439282e-03,9.737834142392310710e+00,1.337636547512011731e+01,7.983739962449405425e+00,9.737834142392310710e+00,9.329381873988549501e+01
2.700000000000000178e+00,1.461231863512599868e-03,3.778723480158693946e-03,6.740931073070883899e-03,1.461231863512599868e-03,2.317491616646094078e-03,2.962207592912189952e-03,9.351883926480638820e+00,1.483194634653500188e+01,9.479064297319007792e+00,9.351883926480638820e+00,1.009886837110039579e+02
2.709999999999999964e+00,1.374210549927545834e-03,3.853139262031403302e-03,7.248228690317897252e-03,1.374210549927545834e-03,2.478928712103857686e-03,3.395089428286493950e-03,8.794947519536293612e+00,1.586514375746468986e+01,1.086428617051678103e+01,8.794947519536293612e+00,1.065731323425532935e+02
2.720000000000000195e+00,1.248785690889602125e-03,3.819009350966288095e-03,7.600889932195348253e-03,1.248785690889602125e-03,2.570223660076685970e-03,3.781880581229060158e-03,7.992228421693453377e+00,1.644943142449078977e+01,1.210201785993299239e+01,7.992228421693453377e+00,1.096310331183517235e+02
2.729999999999999982e+00,1.075622435683647399e-03,3.665717482988286278e-03,7.775841417254085799e-03,1.075622435683647399e-03,2.590095047304639096e-03,4.110123934265799521e-03,6.883983588375343743e+00,1.657660830274969044e+01,1.315239658965055902e+01,6.883983588375343743e+00,1.098389654423267814e+02
2.740000000000000213e+00,8.502574107332950193e-04,3.389897337623398645e-03,7.757003065245734325e-03,8.502574107332950193e-04,2.539639926890103518e-03,4.367105727622335246e-03,5.441647428693087818e+00,1.625369553209666407e+01,1.397473832839147256e+01,5.441647428693087818e+00,1.070102438675436645e+02
2.750000000000000000e+00,5.756877500524559821e-04,2.997558928241114175e-03,7.538023887370526484e-03,5.756877500524559821e-04,2.421871178188658193e-03,4.540464959129412309e-03,3.684401600335718285e+00,1.549997554040741221e+01,1.452948786921411894e+01,3.684401600335718285e+00,1.011415950298717377e+02
2.759999999999999787e+00,2.630379971692347533e-04,2.504415071902883240e-03,7.123265855999483254e-03,2.630379971692347533e-04,2.241377074733648649e-03,4.618850784096600014e-03,1.683443181883102380e+00,1.434481327829535147e+01,1.478032250910911927e+01,1.683443181883102380e+00,9.242573690786271357e+01
2.770000000000000018e+00,-7.196179174668883825e-05,1.932145023954857975e-03,6.524732140185832661e-03,-7.196179174668883825e-05,2.004106815701546963e-03,4.592587116230974903e-03,-4.605554671788085752e-01,1.282628362048990134e+01,1.469627877193912013e+01,-4.605554671788085752e-01,8.118602077575063447e+01
2.779999999999999805e+00,-4.151703643042849515e-04,1.302001688039728603e-03,5.756309147851500392e-03,-4.151703643042849515e-04,1.717172052344013555e-03,4.454307459811771355e-03,-2.657090331547423467e+00,1.098990113500168597e+01,1.425378387139766900e+01,-2.657090331547423467e+00,6.775978402455579896e+01
2.790000000000000036e+00,-7.583682879099258676e-04,6.301615412887727691e-04,4.829685147418156903e-03,-7.583682879099258676e-04,1.388529829198698745e-03,4.199523606129383808e-03,-4.853557042623525497e+00,8.886590906871671081e+00,1.343847553961402852e+01,-4.853557042623525497e+00,5.241452821158652853e+01
2.799999999999999822e+00,-1.099206678292855835e-03,-7.270236166695176775e-05,3.754387670552025453e-03,-1.099206678292855835e-03,1.026504316625904013e-03,3.827090032218977058e-03,-7.034922741074277397e+00,6.569627626405785570e+00,1.224668810310072686e+01,-7.034922741074277397e+00,3.534417896529669179e+01
2.810000000000000053e+00,-1.438801147871632225e-03,-7.995828124945848119e-04,2.539942837226745725e-03,-1.438801147871632225e-03,6.392183353770474136e-04,3.339525649721330428e-03,-9.208327346378446521e+00,4.090997346413103308e+00,1.068648207910825754e+01,-9.208327346378446521e+00,1.670745623742874386e+01
2.819999999999999840e+00,-1.780605788822311715e-03,-1.546569770068291711e-03,1.196589364102359663e-03,-1.780605788822311715e-03,2.340360187540200046e-04,2.743159134170651374e-03,-1.139587704846279514e+01,1.497830520025728029e+00,8.778109229346084064e+00,-1.139587704846279514e+01,-3.359811897272948045e+00
2.830000000000000071e+00,-2.131284799434879623e-03,-2.314215598573295205e-03,-2.661423639303074130e-04,-2.131284799434879623e-03,-1.829307991384155826e-04,2.048073234642987846e-03,-1.364022271638322970e+01,-1.170757114485859729e+00,6.553834350857560942e+00,-1.364022271638322970e+01,-2.477143644003457723e+01
2.839999999999999858e+00,-2.500783675652646157e-03,-3.108017175792643274e-03,-1.840181961396774668e-03,-2.500783675652646157e-03,-6.072335001399971170e-04,1.267835214395868606e-03,-1.600501552417693674e+01,-3.886294400895981660e+00,4.057072686066779177e+00,-1.600501552417693674e+01,-4.750271171701842832e+01
2.850000000000000089e+00,-2.899351984829014878e-03,-3.935710615801463891e-03,-3.516696437664711909e-03,-2.899351984829014878e-03,-1.036358630972449013e-03,4.190141781367519823e-04,-1.855585270290569611e+01,-6.632695238223673684e+00,1.340845370037606399e+00,-1.855585270290569611e+01,-7.154310771327529039e+01
2.859999999999999876e+00,-3.333395246538293534e-03,-4.803151490843485943e-03,-5.282649054190395599e-03,-3.333395246538293534e-03,-1.469756244305192409e-03,-4.794975633469096554e-04,-2.133372957784508017e+01,-9.406439963553230754e+00,-1.534392202710110897e+00,-2.133372957784508017e+01,-9.682368523232526059e+01
2.870000000000000107e+00,-3.804162876577607197e-03,-5.712720098236033148e-03,-7.120043138962832939e-03,-3.804162876577607197e-03,-1.908557221658425951e-03,-1.407323040726799791e-03,-2.434664241009668473e+01,-1.221476621861392609e+01,-4.503433730325759221e+00,-2.434664241009668473e+01,-1.231945270771091145e+02
2.879999999999999893e+00,-4.309897873683382619e-03,-6.664924504859167514e-03,-9.008469655427819509e-03,-4.309897873683382619e-03,-2.355026631175784896e-03,-2.343545150568651994e-03,-2.758334639157364876e+01,-1.507217043952502422e+01,-7.499344481819686159e+00,-2.758334639157364876e+01,-1.504645839387550836e+02
2.890000000000000124e+00,-4.847605891839537606e-03,-7.659480119891697025e-03,-1.092717102473603381e-02,-4.847605891839537606e-03,-2.811874228052159419e-03,-3.267690904844336788e-03,-3.102467770777304068e+01,-1.799599505953381851e+01,-1.045661089550187839e+01,-3.102467770777304068e+01,-1.784318509884262198e+02
2.899999999999999911e+00,-5.411775700881337955e-03,-8.693287200575768731e-03,-1.285397133048797429e-02,-5.411775700881337955e-03,-3.281511499694430775e-03,-4.160684129912205556e-03,-3.463536448564056514e+01,-2.100167359804435563e+01,-1.331418921571905756e+01,-3.463536448564056514e+01,-2.068536818982119314e+02
2.910000000000000142e+00,-5.992438117641084479e-03,-9.757725925019318167e-03,-1.476342213688401107e-02,-5.992438117641084479e-03,-3.765287807378233688e-03,-5.005696211864692907e-03,-3.835160395290294133e+01,-2.409784196722069538e+01,-1.601822787796701775e+01,-3.835160395290294133e+01,-2.354030213942719456e+02
2.919999999999999929e+00,-6.575874034883934065e-03,-1.083862814795133640e-02,-1.662745824516010870e-02,-6.575874034883934065e-03,-4.262754113067402338e-03,-5.788830097208772299e-03,-4.208559382325717735e+01,-2.728162632363137519e+01,-1.852425631106807202e+01,-4.208559382325717735e+01,-2.636744293738698843e+02
2.930000000000000160e+00,-7.147052935043534880e-03,-1.191811076094038274e-02,-1.841769468344002514e-02,-7.147052935043534880e-03,-4.771057825896847862e-03,-6.499583922499642397e-03,-4.574113878427862545e+01,-3.053477008573982587e+01,-2.079866855199885478e+01,-4.574113878427862545e+01,-2.912237322660519112e+02
2.939999999999999947e+00,-7.690508224648168537e-03,-1.297507501182235644e-02,-2.010613289355987765e-02,-7.690508224648168537e-03,-5.284566787174187902e-03,-7.131057881737521212e-03,-4.921925263774827641e+01,-3.382122743791479991e+01,-2.281938522156006854e+01,-4.921925263774827641e+01,-3.175795958916694417e+02
2.950000000000000178e+00,-8.189133509262628077e-03,-1.398388112532648712e-02,-2.166377027501775049e-02,-8.189133509262628077e-03,-5.794747616063859047e-03,-7.679889149691263364e-03,-5.241045445928082103e+01,-3.708638474280869701e+01,-2.457564527901204343e+01,-5.241045445928082103e+01,-3.422174534433046915e+02
2.959999999999999964e+00,-8.623517611880815795e-03,-1.491378807941186845e-02,-2.305970948606504006e-02,-8.623517611880815795e-03,-6.290270467531052651e-03,-8.145921406653171618e-03,-5.519051271603721887e+01,-4.025773099219873785e+01,-2.606694850129014895e+01,-5.519051271603721887e+01,-3.645455766285783170e+02
2.970000000000000195e+00,-8.973207033242209738e-03,-1.573052777702844268e-02,-2.426216343566475406e-02,-8.973207033242209738e-03,-6.757320743786232944e-03,-8.531635658636311376e-03,-5.742852501275014276e+01,-4.324685276023188862e+01,-2.730123410763619773e+01,-5.742852501275014276e+01,-3.839298356418546518e+02
2.979999999999999982e+00,-9.218246555331668923e-03,-1.639836065038039609e-02,-2.523974775741694154e-02,-9.218246555331668923e-03,-7.180114095048727163e-03,-8.841387107036545456e-03,-5.899677795412267756e+01,-4.595273020831185562e+01,-2.829243874251694635e+01,-5.899677795412267756e+01,-3.997258407148544279e+02
2.990000000000000213e+00,-9.340002446069365499e-03,-1.688159451291492558e-02,-2.596210261116554258e-02,-9.340002446069365499e-03,-7.541592066845560077e-03,-9.080508098250617000e-03,-5.977601565484393831e+01,-4.826618922781158716e+01,-2.905762591440197440e+01,-5.977601565484393831e+01,-4.112994923911725209e+02
3.000000000000000000e+00,-9.323764240075856774e-03,-1.714803851032355164e-02,-2.640238723103176255e-02,-9.323764240075856774e-03,-7.824274270247694868e-03,-9.254348720708210907e-03,-5.967209113648548424e+01,-5.007535532958524982e+01,-2.961391590626627490e+01,-5.967209113648548424e+01,-4.180840871170109949e+02
3.009999999999999787e+00,-9.164998594208802543e-03,-1.717630453751236089e-02,-2.654363958505956758e-02,-9.164998594208802543e-03,-8.011305943303558344e-03,-9.367335047547206694e-03,-5.865599100293633938e+01,-5.127235803714277296e+01,-2.997547215215106320e+01,-5.865599100293633938e+01,-4.197114635766905053e+02
3.020000000000000018e+00,-8.875348256529344559e-03,-1.696313077929917715e-02,-2.638526291473076990e-02,-8.875348256529344559e-03,-8.087782522769832588e-03,-9.422132135431592753e-03,-5.680222884178780873e+01,-5.176180814572693123e+01,-3.015082283338109548e+01,-5.680222884178780873e+01,-4.161445794626875454e+02
3.029999999999999805e+00,-8.482021292046455774e-03,-1.652435118736294423e-02,-2.594335484383576002e-02,-8.482021292046455774e-03,-8.042329895316488453e-03,-9.419003656472815789e-03,-5.428493626909731518e+01,-5.147091133002552965e+01,-3.014081170071300875e+01,-5.428493626909731518e+01,-4.076899778995075394e+02
3.040000000000000036e+00,-8.020247468650610820e-03,-1.588895891168839655e-02,-2.524441548994843174e-02,-8.020247468650610820e-03,-7.868711443037785733e-03,-9.355456578260035183e-03,-5.132958379936390969e+01,-5.035975323544182913e+01,-2.993746105043211259e+01,-5.132958379936390969e+01,-3.948803942557135542e+02
3.049999999999999822e+00,-7.524982835236977176e-03,-1.509209558618951862e-02,-2.431833672220778952e-02,-7.524982835236977176e-03,-7.567112750952541440e-03,-9.226241136018270908e-03,-4.815989014551665548e+01,-4.842952160609626588e+01,-2.952397163525846580e+01,-4.815989014551665548e+01,-3.783401501606141437e+02
3.060000000000000053e+00,-7.026051630663972605e-03,-1.417086663047634199e-02,-2.319460909289771527e-02,-7.026051630663972605e-03,-7.144814999812369380e-03,-9.023742462421373289e-03,-4.496673043624942778e+01,-4.572681599879916092e+01,-2.887597587974839541e+01,-4.496673043624942778e+01,-3.587085669443909524e+02
3.069999999999999840e+00,-6.545524720118918102e-03,-1.316163497387475359e-02,-2.190039080497538024e-02,-6.545524720118918102e-03,-6.616110253755835488e-03,-8.738755831100626648e-03,-4.189135820876107630e+01,-4.234310562403734934e+01,-2.796401865952200438e+01,-4.189135820876107630e+01,-3.365954474769612830e+02
3.080000000000000071e+00,-6.096442420677285201e-03,-1.209788103960348672e-02,-2.045947105999082472e-02,-6.096442420677285201e-03,-6.001438618926201521e-03,-8.361590020387337993e-03,-3.901723149233462351e+01,-3.840920716112768929e+01,-2.675708806523948269e+01,-3.901723149233462351e+01,-3.125505801561054113e+02
3.089999999999999858e+00,-5.684552679393588964e-03,-1.101040833884224523e-02,-1.889380857058078553e-02,-5.684552679393588964e-03,-5.325855659448656271e-03,-7.883400231738540292e-03,-3.638113714811896671e+01,-3.408547622047139924e+01,-2.522688074156332760e+01,-3.638113714811896671e+01,-2.870804823304610522e+02
3.100000000000000089e+00,-5.312197939456502448e-03,-9.929263082903868470e-03,-1.722688342359475142e-02,-5.312197939456502448e-03,-4.617065143447366023e-03,-7.297620340690882945e-03,-3.399806681252161411e+01,-2.954921691806314143e+01,-2.335238509021082365e+01,-3.399806681252161411e+01,-2.606990064623867056e+02
3.109999999999999876e+00,-4.980540231910699292e-03,-8.883835313667876044e-03,-1.548518421719737026e-02,-4.980540231910699292e-03,-3.903295081757176752e-03,-6.601348903529494216e-03,-3.187545748422847680e+01,-2.498108852324592988e+01,-2.112431649129437972e+01,-3.187545748422847680e+01,-2.339425874963063734e+02
3.120000000000000107e+00,-4.689455614371549654e-03,-7.900699468850087837e-03,-1.369724442617708225e-02,-4.689455614371549654e-03,-3.211243854478538183e-03,-5.796544957326994416e-03,-3.001251593197791934e+01,-2.055196066866264459e+01,-1.854894386344638235e+01,-3.001251593197791934e+01,-2.073402613922608282e+02
3.129999999999999893e+00,-4.437811733166390285e-03,-7.002083268174214697e-03,-1.189298922055707051e-02,-4.437811733166390285e-03,-2.564271535007824412e-03,-4.890905952382855817e-03,-2.840199509226489738e+01,-1.641133782405007580e+01,-1.565089904762513839e+01,-2.840199509226489738e+01,-1.813926958918203241e+02
3.140000000000000124e+00,-4.224098698090382291e-03,-6.205085187129155862e-03,-1.010341366508909003e-02,-4.224098698090382291e-03,-1.980986489038773571e-03,-3.898328477959934167e-03,-2.703423166777844600e+01,-1.267831352984815041e+01,-1.247465112947178945e+01,-2.703423166777844600e+01,-1.565615889812951593e+02
3.149999999999999911e+00,-4.045178946312582083e-03,-5.519495469332986667e-03,-8.358385056245188488e-03,-4.045178946312582083e-03,-1.474316523020404585e-03,-2.838889586912201821e-03,-2.588914525640052489e+01,-9.435625747330590229e+00,-9.084446678119045160e+00,-2.588914525640052489e+01,-1.332276530455504826e+02
3.160000000000000142e+00,-3.895027002736523372e-03,-4.946104697313525277e-03,-6.684432748070705775e-03,-3.895027002736523372e-03,-1.051077694577001904e-03,-1.738328050757180498e-03,-2.492817281751375091e+01,-6.726897245292811967e+00,-5.562649762422977595e+00,-2.492817281751375091e+01,-1.116531594756886250e+02
3.169999999999999929e+00,-3.767330894410338485e-03,-4.479385125539400714e-03,-5.106432315617025729e-03,-3.767330894410338485e-03,-7.120542311290622289e-04,-6.270471900776250149e-04,-2.411091772422616586e+01,-4.557147079225998709e+00,-2.006551008248400159e+00,-2.411091772422616586e+01,-9.202384743510168619e+01
3.180000000000000160e+00,-3.659686847315462687e-03,-4.112323974903065588e-03,-3.651026604076867445e-03,-3.659686847315462687e-03,-4.526371275876029006e-04,4.612973708261981429e-04,-2.342199582281896042e+01,-2.896877616560658453e+00,1.476151586643834168e+00,-2.342199582281896042e+01,-7.452816555820736255e+01
3.189999999999999947e+00,-3.573544020640395755e-03,-3.837540482720802094e-03,-2.346017588863645933e-03,-3.573544020640395755e-03,-2.639964620804063390e-04,1.491522893857156161e-03,-2.287068173209853228e+01,-1.689577357314600459e+00,4.772873260342899826e+00,-2.287068173209853228e+01,-5.936215748721070185e+01
3.200000000000000178e+00,-3.510700081795875907e-03,-3.645311610816171118e-03,-1.216486270479674161e-03,-3.510700081795875907e-03,-1.346115290202952106e-04,2.428825340336496739e-03,-2.246848052349360714e+01,-8.615137857298893476e-01,7.772241089076789677e+00,-2.246848052349360714e+01,-4.667325966044012375e+01
3.209999999999999964e+00,-3.472209252631610482e-03,-3.524138356369015037e-03,-2.834210514462154069e-04,-3.472209252631610482e-03,-5.192910373740455485e-05,3.240717304922799413e-03,-2.222213921684230797e+01,-3.323462639193891510e-01,1.037029537575295812e+01,-2.222213921684230797e+01,-3.655257031502618759e+01
3.220000000000000195e+00,-3.459993340079620464e-03,-3.463977268482362672e-03,4.348709511236154295e-04,-3.459993340079620464e-03,-3.983928402742208802e-06,3.898848219605978264e-03,-2.214395737650957230e+01,-2.549714177755013633e-02,1.247631430273913011e+01,-2.214395737650957230e+01,-2.907942064664396753e+01
3.229999999999999982e+00,-3.476425764754821537e-03,-3.457272989197245766e-03,9.232954853886227164e-04,-3.476425764754821537e-03,1.915277555757577063e-05,4.380568474585868483e-03,-2.224912489443085661e+01,1.225777635684849320e-01,1.401781911867477959e+01,-2.224912489443085661e+01,-2.432618403656276485e+01
3.240000000000000213e+00,-3.521734250935926874e-03,-3.497471832055662477e-03,1.172650575056666689e-03,-3.521734250935926874e-03,2.426241888026439697e-05,4.670122407112328733e-03,-2.253909920598993111e+01,1.552794808336921406e-01,1.494439170275945195e+01,-2.253909920598993111e+01,-2.231828406719034774e+01
3.250000000000000000e+00,-3.593506507880158286e-03,-3.579162413307375619e-03,1.180226662011416103e-03,-3.593506507880158286e-03,1.434409457278266672e-05,4.759389075318792156e-03,-2.299844165043301203e+01,9.180220526580906704e-02,1.523004504102013534e+01,-2.299844165043301203e+01,-2.302978321244120252e+01
3.259999999999999787e+00,-3.688883044442406792e-03,-3.700400602548169302e-03,9.477296510900747777e-04,-3.688883044442406792e-03,-1.151755810576251052e-05,4.648130253638244405e-03,-2.360885148443140480e+01,-7.371237187688006731e-02,1.487401681164238276e+01,-2.360885148443140480e+01,-2.642564113399768644e+01
3.270000000000000018e+00,-3.806196191627971709e-03,-3.864037111267849389e-03,4.797092699583672222e-04,-3.806196191627971709e-03,-5.784091963987767968e-05,4.343746381226216285e-03,-2.435965562641901982e+01,-3.701818856952171499e-01,1.389998841992389167e+01,-2.435965562641901982e+01,-3.248954727657103092e+01
3.279999999999999805e+00,-3.945394591252269871e-03,-4.077467529456850308e-03,-2.168885216013745473e-04,-3.945394591252269871e-03,-1.320729382045804368e-04,3.860579007855475652e-03,-2.525052538401452651e+01,-8.452668045093147953e-01,1.235385282513752259e+01,-2.525052538401452651e+01,-4.122581809015895260e+01
3.290000000000000036e+00,-4.108879155247062778e-03,-4.352529243079513062e-03,-1.133699162046183278e-03,-4.108879155247062778e-03,-2.436500878324502836e-04,3.218830081033330001e-03,-2.629682659358120134e+01,-1.559360562127681815e+00,1.030025625930665534e+01,-2.629682659358120134e+01,-5.266779268920667789e+01
3.299999999999999822e+00,-4.301778859473911337e-03,-4.704691435162727461e-03,-2.261499220260123223e-03,-4.301778859473911337e-03,-4.029125756888161242e-04,2.443192214902604239e-03,-2.753138470063303345e+01,-2.578640484408423195e+00,7.818215087688333398e+00,-2.753138470063303345e+01,-6.687543029205939149e+01
3.310000000000000053e+00,-4.529608844314063180e-03,-5.149568127317610648e-03,-3.588268996824769790e-03,-4.529608844314063180e-03,-6.199592830035474678e-04,1.561299130492840859e-03,-2.898949660361000369e+01,-3.967739411222703794e+00,4.996157217577090748e+00,-2.898949660361000369e+01,-8.388323639176685731e+01
3.319999999999999840e+00,-4.794661777878294305e-03,-5.698138592406397536e-03,-5.096025739135814740e-03,-4.794661777878294305e-03,-9.034768145281032309e-04,6.021128532705827957e-04,-3.068583537842108200e+01,-5.782251612979861122e+00,1.926761130465864946e+00,-3.068583537842108200e+01,-1.036239775828052245e+02
3.330000000000000071e+00,-5.093606265157743507e-03,-6.353174102741025384e-03,-6.758808887385591053e-03,-5.093606265157743507e-03,-1.259567837583281877e-03,-4.056347846445656699e-04,-3.259908009700956200e+01,-8.061234160533004456e+00,-1.298031310862610255e+00,-3.259908009700956200e+01,-1.258750367052155354e+02
3.339999999999999858e+00,-5.416075046144904967e-03,-7.106705195492371910e-03,-8.541539501399884188e-03,-5.416075046144904967e-03,-1.690630149347466943e-03,-1.434834305907512278e-03,-3.466288029532739046e+01,-1.082003295582378755e+01,-4.591469778904039067e+00,-3.466288029532739046e+01,-1.502231490901656343e+02
3.350000000000000089e+00,-5.743823865329154149e-03,-7.938177903691060605e-03,-1.039930272540401726e-02,-5.743823865329154149e-03,-2.194354038361906456e-03,-2.461124821712956656e-03,-3.676047273810658567e+01,-1.404386584551620132e+01,-7.875599429481461300e+00,-3.676047273810658567e+01,-1.760398140393127449e+02
3.359999999999999876e+00,-6.052381083198583346e-03,-8.815313874634406535e-03,-1.227898822702441425e-02,-6.052381083198583346e-03,-2.762932791435823189e-03,-3.463674352390007719e-03,-3.873523893247093497e+01,-1.768276986518926819e+01,-1.108375792764802448e+01,-3.873523893247093497e+01,-2.025053001759246740e+02
3.370000000000000107e+00,-6.315990419209994468e-03,-9.698629130085354225e-03,-1.412419082989312645e-02,-6.315990419209994468e-03,-3.382638710875359757e-03,-4.425561699807772226e-03,-4.042233868294396615e+01,-2.164888774960230222e+01,-1.416179743938487157e+01,-4.042233868294396615e+01,-2.286990716157934003e+02
3.379999999999999893e+00,-6.512638217229063144e-03,-1.054657336672973865e-02,-1.588031629724797125e-02,-6.512638217229063144e-03,-4.033935149500675506e-03,-5.333742930518232603e-03,-4.168088459026600390e+01,-2.581718495680432213e+01,-1.706797737765834455e+01,-4.168088459026600390e+01,-2.536981407741860153e+02
3.390000000000000124e+00,-6.625508384816004154e-03,-1.131771249160485292e-02,-1.749633902816214587e-02,-6.625508384816004154e-03,-4.692204106788848764e-03,-6.178626536557292950e-03,-4.240325366282242925e+01,-3.003010628344863164e+01,-1.977160491698333900e+01,-4.240325366282242925e+01,-2.766148945897631961e+02
3.399999999999999911e+00,-6.640830699290091454e-03,-1.196984242641886860e-02,-1.892316370823663232e-02,-6.640830699290091454e-03,-5.329011727128777146e-03,-6.953321281817763724e-03,-4.250131647545658353e+01,-3.410567505362417506e+01,-2.225062810181684370e+01,-4.250131647545658353e+01,-2.965728588926928069e+02
3.410000000000000142e+00,-6.544760825510389374e-03,-1.245847596321160433e-02,-2.011112824890220335e-02,-6.544760825510389374e-03,-5.913715137701214958e-03,-7.652652285690599021e-03,-4.188646928326649288e+01,-3.784777688128777839e+01,-2.448848731420991598e+01,-4.188646928326649288e+01,-3.126682004362925227e+02
3.419999999999999929e+00,-6.321872934776771695e-03,-1.273706295608861491e-02,-2.100912246685032042e-02,-6.321872934776771695e-03,-6.415190021311843217e-03,-8.272059510761705509e-03,-4.045998678257134173e+01,-4.105721613639579459e+01,-2.647059043443745807e+01,-4.045998678257134173e+01,-3.239633800602138081e+02
3.430000000000000160e+00,-5.956493874349605942e-03,-1.276000923946904106e-02,-2.156650739626126898e-02,-5.956493874349605942e-03,-6.803515365119435117e-03,-8.806498156792227916e-03,-3.812156079583747470e+01,-4.354249833676438186e+01,-2.818079410173513111e+01,-3.812156079583747470e+01,-3.295345597030109275e+02
3.439999999999999947e+00,-5.435629984828048954e-03,-1.248715950557731033e-02,-2.173661458460379725e-02,-5.435629984828048954e-03,-7.051529520749261377e-03,-9.249455079026486920e-03,-3.478803190289951175e+01,-4.512978893279527171e+01,-2.959825625288475948e+01,-3.478803190289951175e+01,-3.285482312657386501e+02
3.450000000000000178e+00,-4.750360409792893542e-03,-1.188655788610771917e-02,-2.147873983349953345e-02,-4.750360409792893542e-03,-7.136197476314825629e-03,-9.592181947391814276e-03,-3.040230662267451933e+01,-4.567166384841488735e+01,-3.069498223165380679e+01,-3.040230662267451933e+01,-3.203068581082296760e+02
3.459999999999999964e+00,-3.894897348920330592e-03,-1.093459610301011735e-02,-2.075782150061623171e-02,-3.894897348920330592e-03,-7.039698754089786757e-03,-9.823225397606114365e-03,-2.492734303309011423e+01,-4.505407202617463724e+01,-3.143432127233956663e+01,-2.492734303309011423e+01,-3.042472089948129224e+02
3.470000000000000195e+00,-2.866944982212361100e-03,-9.617097496558622144e-03,-1.954540496229712626e-02,-2.866944982212361100e-03,-6.750152514346260610e-03,-9.928307465738504117e-03,-1.834844788615911071e+01,-4.320097609181606657e+01,-3.177058389036321273e+01,-1.834844788615911071e+01,-2.799600236050151807e+02
3.479999999999999982e+00,-1.672399257318811852e-03,-7.934404146099737279e-03,-1.782498354760374271e-02,-1.672399257318811852e-03,-6.262004888780925427e-03,-9.890579401504005427e-03,-1.070335524684039541e+01,-4.007683128819792273e+01,-3.164985408481281581e+01,-1.070335524684039541e+01,-2.472901218595534090e+02
3.490000000000000213e+00,-3.310932698139932738e-04,-5.907311879850988233e-03,-1.559855607440360954e-02,-3.310932698139932738e-04,-5.576218610036994851e-03,-9.691244194552622176e-03,-2.118996926809556758e+00,-3.568779910423676682e+01,-3.101198142256838963e+01,-2.118996926809556758e+00,-2.064563323608441578e+02
3.500000000000000000e+00,1.122919914852604046e-03,-3.577455902088680448e-03,-1.288797704204656946e-02,1.122919914852604046e-03,-4.700375816941284278e-03,-9.310521139957889450e-03,7.186687455056666174e+00,-3.008240522842421782e+01,-2.979366764786524513e+01,7.186687455056666174e+00,-1.580681562636983983e+02
3.509999999999999787e+00,2.647311867158474216e-03,-1.001338013577868702e-03,-9.730245293601410758e-03,2.647311867158474216e-03,-3.648649880736342700e-03,-8.728907280023541840e-03,1.694279594981423642e+01,-2.335135923671259306e+01,-2.793250329607533544e+01,1.694279594981423642e+01,-1.030231997489210869e+02
3.520000000000000018e+00,4.196675509890952782e-03,1.755155520088904882e-03,-6.173515974600108161e-03,4.196675509890952782e-03,-2.441519989802048117e-03,-7.928671494689013693e-03,2.685872326330209603e+01,-1.562572793473310817e+01,-2.537174878300484338e+01,2.685872326330209603e+01,-4.241626036330757188e+01
3.529999999999999805e+00,5.721376247486123848e-03,4.616165710807263074e-03,-2.279332223514430721e-03,5.721376247486123848e-03,-1.105210536678860773e-03,-6.895497934321693362e-03,3.661680798391119396e+01,-7.073347434744708728e+00,-2.206559338982942009e+01,3.661680798391119396e+01,2.243360147801121229e+01
3.540000000000000036e+00,7.163901177681509559e-03,7.492908188467841540e-03,1.872726197316621280e-03,7.163901177681509559e-03,3.290070107863319812e-04,-5.620181991151220260e-03,4.584896753716166273e+01,2.105644869032524902e+00,-1.798458237168390639e+01,4.584896753716166273e+01,8.991009010353084818e+01
3.549999999999999822e+00,8.461353521186742652e-03,1.028688813001165867e-02,6.186610417801607052e-03,8.461353521186742652e-03,1.825534608824916014e-03,-4.100277712210051613e-03,5.415266253559515519e+01,1.168342149647946293e+01,-1.312088867907216461e+01,5.415266253559515519e+01,1.581455860590073712e+02
3.560000000000000053e+00,9.556178349350829757e-03,1.290145576945450796e-02,1.055985892692491018e-02,9.556178349350829757e-03,3.345277420103678206e-03,-2.341596842529597780e-03,6.115954143584531266e+01,2.140977548866354141e+01,-7.493109896094712674e+00,6.115954143584531266e+01,2.252286210852423949e+02
3.569999999999999840e+00,1.040793886258893283e-02,1.525475669158512029e-02,1.489529724346379605e-02,1.040793886258893283e-02,4.846817828996187461e-03,-3.594594481213242432e-04,6.661080872056916746e+01,3.101963410557559797e+01,-1.150270233988237578e+00,6.661080872056916746e+01,2.894405177764695622e+02
3.580000000000000071e+00,1.099907669406694800e-02,1.728717401744253590e-02,1.910758209847723821e-02,1.099907669406694800e-02,6.288097323375587896e-03,1.820408081034702308e-03,7.039409084202846145e+01,4.024382286960376121e+01,5.825305859311047385e+00,7.039409084202846145e+01,3.493896587128298279e+02
3.589999999999999858e+00,1.133543150428287759e-02,1.896400766291245904e-02,2.312544280923319387e-02,1.133543150428287759e-02,7.628576158629581452e-03,4.161435146320734829e-03,7.254676162741041878e+01,4.882288741522932440e+01,1.331659246822635190e+01,7.254676162741041878e+01,4.040587245325982622e+02
3.600000000000000089e+00,1.144566730876782693e-02,2.027737583540370828e-02,2.689370821071879192e-02,1.144566730876782693e-02,8.831708526635881351e-03,6.616332375315083641e-03,7.325227077611408788e+01,5.652293457046964420e+01,2.117226360100826810e+01,7.325227077611408788e+01,4.528424068427759721e+02
3.609999999999999876e+00,1.137956149360019875e-02,2.124708337526370894e-02,3.037495117401219427e-02,1.137956149360019875e-02,9.867521881663510186e-03,9.127867798748485334e-03,7.282919355904127201e+01,6.315214004264646519e+01,2.920917695599515440e+01,7.282919355904127201e+01,4.955715316730486393e+02
3.620000000000000107e+00,1.120260607766563124e-02,2.191763927147876226e-02,3.354799167815133987e-02,1.120260607766563124e-02,1.071503319381313102e-02,1.163035240667257761e-02,7.169667889706003905e+01,6.857621244040403496e+01,3.721712770135224702e+01,7.169667889706003905e+01,5.324700571164489702e+02
3.629999999999999893e+00,1.098782753851290823e-02,2.235200093020918086e-02,3.640385191572666906e-02,1.098782753851290823e-02,1.136417339169627262e-02,1.405185098551748821e-02,7.032209624648261581e+01,7.273070970685614611e+01,4.496592315365596448e+01,7.032209624648261581e+01,5.640561873209842361e+02
3.640000000000000124e+00,1.080839814023842015e-02,2.262530902971049418e-02,3.894238745397438778e-02,1.080839814023842015e-02,1.181691088947207403e-02,1.631707842426389360e-02,6.917374809752588760e+01,7.562822969262127515e+01,5.221465095764445863e+01,6.917374809752588760e+01,5.910498862433748855e+02
3.649999999999999911e+00,1.073208564675589768e-02,2.281946186534809795e-02,4.117033965935324585e-02,1.073208564675589768e-02,1.208737621859220027e-02,1.835087779400514790e-02,6.868534813923774607e+01,7.735920779899008437e+01,5.872280894081647062e+01,6.868534813923774607e+01,6.143020946371328819e+02
3.660000000000000142e+00,1.081567578303596448e-02,2.301658434326438879e-02,4.309869613592424986e-02,1.081567578303596448e-02,1.220090856022842431e-02,2.008211179265986107e-02,6.922032501143017669e+01,7.808581478546192045e+01,6.426275773651155987e+01,6.922032501143017669e+01,6.347066926002108858e+02
3.669999999999999929e+00,1.109917002285049081e-02,2.329120274453677295e-02,4.473894345551911178e-02,1.109917002285049081e-02,1.219203272168628213e-02,2.144774071098233884e-02,7.103468814624314120e+01,7.802900941879219943e+01,6.863277027514348561e+01,7.103468814624314120e+01,6.530894035205365071e+02
3.680000000000000160e+00,1.160268471336437131e-02,2.370417069224974027e-02,4.610098509409885081e-02,1.160268471336437131e-02,1.210148597888536896e-02,2.239681440184911054e-02,7.425718216553197237e+01,7.744951026486636181e+01,7.166980608591715907e+01,7.425718216553197237e+01,6.701294955489464655e+02
3.689999999999999947e+00,1.232780850990033636e-02,2.430038375849306875e-02,4.719446368414492721e-02,1.232780850990033636e-02,1.197257524859273239e-02,2.289407992565185845e-02,7.889797446336214648e+01,7.662448159099348288e+01,7.326105576208594528e+01,7.889797446336214648e+01,6.863505354493246386e+02
3.700000000000000178e+00,1.326119712285830747e-02,2.510847612543505233e-02,4.803138348582102618e-02,1.326119712285830747e-02,1.184727900257674486e-02,2.292290736038597385e-02,8.487166158629317181e+01,7.582258561649116757e+01,7.335330355323512208e+01,8.487166158629317181e+01,7.021426522680584412e+02
3.709999999999999964e+00,1.437734540358767688e-02,2.613987681537251889e-02,4.862714363189845485e-02,1.437734540358767688e-02,1.176253141178484202e-02,2.248726681652593595e-02,9.201501058296113911e+01,7.528020103542299069e+01,7.195925381288299150e+01,9.201501058296113911e+01,7.177633962938012928e+02
3.720000000000000195e+00,1.564041508221493057e-02,2.738747317130446959e-02,4.900002093147189097e-02,1.564041508221493057e-02,1.174705808908953902e-02,2.161254776016742138e-02,1.000986565261755601e+02,7.518117177017305153e+01,6.916015283253574353e+01,1.000986565261755601e+02,7.333199433866529944e+02
3.729999999999999982e+00,1.700661008727202481e-02,2.882565760084731740e-02,4.917074905073242491e-02,1.700661008727202481e-02,1.181904751357529260e-02,2.034509144988510751e-02,1.088423045585409596e+02,7.564190408688187972e+01,6.510429263963234803e+01,1.088423045585409596e+02,7.487655038551656617e+02
3.740000000000000213e+00,1.842704509871670102e-02,3.041190433980626648e-02,4.916230572513869551e-02,1.842704509871670102e-02,1.198485924108956546e-02,1.875040138533242903e-02,1.179330886317868874e+02,7.670309914297321541e+01,6.000128443306377335e+01,1.179330886317868874e+02,7.639124166234716995e+02
3.750000000000000000e+00,1.985010054262153698e-02,3.208896485804756116e-02,4.899906189811172041e-02,1.985010054262153698e-02,1.223886431542602418e-02,1.691009704006415926e-02,1.270406434727778304e+02,7.832873161872655032e+01,5.411231052820531318e+01,1.270406434727778304e+02,7.784450568591290676e+02
3.759999999999999787e+00,2.122365355614000762e-02,3.378804912317744796e-02,4.870582304454761785e-02,2.122365355614000762e-02,1.256439556703744034e-02,1.491777392137016989e-02,1.358313827592960479e+02,8.041213162903962086e+01,4.773687654838454364e+01,1.358313827592960479e+02,7.919411728101606514e+02
3.770000000000000018e+00,2.249764441133040443e-02,3.543333131393630597e-02,4.830735090900906831e-02,2.249764441133040443e-02,1.293568690260590154e-02,1.287401959507276233e-02,1.439849242325146008e+02,8.278839617667776452e+01,4.119686270423284213e+01,1.439849242325146008e+02,8.039105493402755656e+02
3.779999999999999805e+00,2.362475527220563032e-02,3.694533337371677661e-02,4.782623647234069547e-02,2.362475527220563032e-02,1.332057810151114630e-02,1.088090309862391886e-02,1.511984337421160376e+02,8.525169984967133985e+01,3.481888991559654301e+01,1.511984337421160376e+02,8.138070705221517755e+02
3.790000000000000036e+00,2.455682469569903451e-02,3.824044511357185816e-02,4.727674184775061683e-02,2.455682469569903451e-02,1.368362041787282365e-02,9.036296734178758672e-03,1.571636780524738128e+02,8.757517067438607228e+01,2.891614954937202953e+01,1.571636780524738128e+02,8.209649948286956942e+02
3.799999999999999822e+00,2.523955216060419157e-02,3.922865948830141919e-02,4.665705763616686402e-02,2.523955216060419157e-02,1.398910732769722762e-02,7.428398147865444834e-03,1.615331338278668341e+02,8.953028689726225764e+01,2.377087407316942347e+01,1.615331338278668341e+02,8.245028843948955455e+02
3.810000000000000053e+00,2.561138303778161610e-02,3.981498410728420700e-02,4.594577935723045264e-02,2.561138303778161610e-02,1.420360106950259091e-02,6.130795249946245640e-03,1.639128514418023315e+02,9.090304684481658626e+01,1.961854479982798694e+01,1.639128514418023315e+02,8.233033292593406713e+02
3.819999999999999840e+00,2.560883459236714885e-02,3.990656934625921165e-02,4.510493239897266776e-02,2.560883459236714885e-02,1.429773475389206280e-02,5.198363052713456112e-03,1.638965413911497535e+02,9.150550242490919572e+01,1.663476176868305956e+01,1.638965413911497535e+02,8.161104167542259802e+02
3.830000000000000071e+00,2.517524576771364500e-02,3.942254761849444539e-02,4.408675898971153861e-02,2.517524576771364500e-02,1.424730185078080039e-02,4.664211371217093227e-03,1.611215729133673165e+02,9.118273184499712158e+01,1.492547638789469744e+01,1.611215729133673165e+02,8.016893434387773141e+02
3.839999999999999858e+00,2.426932365575559455e-02,3.830310676970664907e-02,4.284093353947490690e-02,2.426932365575559455e-02,1.403378311395105452e-02,4.537826769768257829e-03,1.553236713968358060e+02,8.981621192928675157e+01,1.452104566325842505e+01,1.553236713968358060e+02,7.789827869681430457e+02
3.850000000000000089e+00,2.287156475533259556e-02,3.651606302770553369e-02,4.132054169518789566e-02,2.287156475533259556e-02,1.364449827237293814e-02,4.804478667482361964e-03,1.463780144341286018e+02,8.732478894318680318e+01,1.537433173594355829e+01,1.463780144341286018e+02,7.472314053397768703e+02
3.859999999999999876e+00,2.098695368621099691e-02,3.405948810538743377e-02,3.948537983293087805e-02,2.098695368621099691e-02,1.307253441917643685e-02,5.425891727543444287e-03,1.343165035917503758e+02,8.366422028272918965e+01,1.736285352813901994e+01,1.343165035917503758e+02,7.060307322078557490e+02
3.870000000000000107e+00,1.864330868183811107e-02,3.095982874062355034e-02,3.730195389226528824e-02,1.864330868183811107e-02,1.231652005878543926e-02,6.342125151641737901e-03,1.193171755637639109e+02,7.882572837622680595e+01,2.029480048525356040e+01,1.193171755637639109e+02,6.553131132757328032e+02
3.879999999999999893e+00,1.588732776449630624e-02,2.726756843254709434e-02,3.474211200845886416e-02,1.588732776449630624e-02,1.138024066805078810e-02,7.474543575911769822e-03,1.016788976927763599e+02,7.283354027552503851e+01,2.391853944291766254e+01,1.016788976927763599e+02,5.952929322336572113e+02
3.890000000000000124e+00,1.278104580904283402e-02,2.305313039480453435e-02,3.178284463049637493e-02,1.278104580904283402e-02,1.027208458576170033e-02,8.729714235691840574e-03,8.179869317787414218e+01,6.574134134887488301e+01,2.793508555421389161e+01,8.179869317787414218e+01,5.264253602428888144e+02
3.899999999999999911e+00,9.399287287519318343e-03,1.840363983486256738e-02,2.840766316467622024e-02,9.399287287519318343e-03,9.004352547343249039e-03,1.000402332981365286e-02,6.015543864012363429e+01,5.762785630299679696e+01,3.201287465540369226e+01,6.015543864012363429e+01,4.493885087955724202e+02
3.910000000000000142e+00,5.827555669456252474e-03,1.342006376870407379e-02,2.460883810522082604e-02,5.827555669456252474e-03,7.592508099247821315e-03,1.118877433651675225e-02,3.729635628452001583e+01,4.859205183518605509e+01,3.580407787685360432e+01,3.729635628452001583e+01,3.650774579896790328e+02
3.919999999999999929e+00,2.160075856486835897e-03,8.214542870758395968e-03,2.039005772977040692e-02,2.160075856486835897e-03,6.054467014271560504e-03,1.217551485901201096e-02,1.382448548151574919e+01,3.874858889133798812e+01,3.896164754883843528e+01,1.382448548151574919e+01,2.746041657650765160e+02
3.930000000000000160e+00,-1.503181960456057269e-03,2.906828675542341440e-03,1.576816580345513294e-02,-1.503181960456057269e-03,4.410010635998398709e-03,1.286133712791279193e-02,-9.620364546918766635e+00,2.822406807038975174e+01,4.115627880932093774e+01,-9.620364546918766635e+00,1.792799469983757774e+02
3.939999999999999947e+00,-5.061909120363599149e-03,-2.381562521202461227e-03,1.077234648319291659e-02,-5.061909120363599149e-03,2.680346599161137922e-03,1.315390900439537825e-02,-3.239621837032703411e+01,1.715421823463128348e+01,4.209250881406521216e+01,-3.239621837032703411e+01,8.055152603510839526e+01
3.950000000000000178e+00,-8.421619509071697970e-03,-7.533847481767793827e-03,5.442166422390946022e-03,-8.421619509071697970e-03,8.877720273039041432e-04,1.297601390415873898e-02,-5.389836485805886923e+01,5.681740974744986516e+00,4.152324449330796341e+01,-5.389836485805886923e+01,-2.008013817001773305e+01
3.959999999999999964e+00,-1.149702819557252460e-02,-1.244163163414039458e-02,-1.722248143596540753e-04,-1.149702819557252460e-02,-9.446034385678699768e-04,1.226940681978073988e-02,-7.358098045166416057e+01,-6.045462006834368296e+00,3.926210182329836584e+01,-7.358098045166416057e+01,-1.210930219056004944e+02
3.970000000000000195e+00,-1.421317482631303739e-02,-1.700623925925912744e-02,-6.008410263054038240e-03,-1.421317482631303739e-02,-2.793064432946090053e-03,1.099782899620508833e-02,-9.096431888840344016e+01,-1.787561237085497723e+01,3.519305278785628133e+01,-9.096431888840344016e+01,-2.209406354142063265e+02
3.979999999999999982e+00,-1.650879348476131867e-02,-2.114222178775690755e-02,-1.199315669570119418e-02,-1.650879348476131867e-02,-4.633428302995588888e-03,9.149065092055713375e-03,-1.056562783024724439e+02,-2.965394113917177066e+01,2.927700829457828391e+01,-1.056562783024724439e+02,-3.180996334411977386e+02
3.990000000000000213e+00,-1.834258646454031000e-02,-2.478379667495054367e-02,-1.804782644392539936e-02,-1.834258646454031000e-02,-6.441210210410233672e-03,6.735970231025144306e-03,-1.173925533730579787e+02,-4.122374534662549195e+01,2.155510473928046267e+01,-1.173925533730579787e+02,-4.111835819412091269e+02
4.000000000000000000e+00,-1.969697194864285586e-02,-2.788891484405839685e-02,-2.409247907225973984e-02,-1.969697194864285586e-02,-8.191942895415540993e-03,3.796435771798657016e-03,-1.260606204713142802e+02,-5.242843453065945880e+01,1.214859446975570201e+01,-1.260606204713142802e+02,-4.990213815966540665e+02
4.009999999999999787e+00,-2.057602082489627324e-02,-3.043769705815795035e-02,-3.004539597342705329e-02,-2.057602082489627324e-02,-9.861676233261677110e-03,3.923010847308970594e-04,-1.316865332793361461e+02,-6.311472789287473262e+01,1.255363471138870590e+00,-1.316865332793361461e+02,-5.806376931032160655e+02
4.019999999999999574e+00,-2.100155480249093695e-02,-3.242912429703452559e-02,-3.582186766819858009e-02,-2.100155480249093695e-02,-1.142756949454358864e-02,-3.392743371164054500e-03,-1.344099507359420045e+02,-7.313644476507896286e+01,-1.085677878772497351e+01,-1.344099507359420045e+02,-6.552095228662377622e+02
4.030000000000000249e+00,-2.101195667063807115e-02,-3.388045655540109641e-02,-4.133663449665409689e-02,-2.101195667063807115e-02,-1.286849988476302525e-02,-7.456177941253000485e-03,-1.344765226920836483e+02,-8.235839926248335985e+01,-2.385976941200960155e+01,-1.344765226920836483e+02,-7.220840740997298326e+02
4.040000000000000036e+00,-2.066155954862084962e-02,-3.482723533631062324e-02,-4.650771603674563187e-02,-2.066155954862084962e-02,-1.416567578768977362e-02,-1.168048070043500863e-02,-1.322339811111734491e+02,-9.066032504121454849e+01,-3.737753824139203118e+01,-1.322339811111734491e+02,-7.808155331813400153e+02
4.049999999999999822e+00,-2.001578334692501529e-02,-3.531900068187417835e-02,-5.125660856615921190e-02,-2.001578334692501529e-02,-1.530321733494916306e-02,-1.593760788428503355e-02,-1.281010134203201005e+02,-9.794059094367464979e+01,-5.100034522971211004e+01,-1.281010134203201005e+02,-8.311258487811205669e+02
4.059999999999999609e+00,-1.914288602486492394e-02,-3.541145935385493076e-02,-5.550540789322257890e-02,-1.914288602486492394e-02,-1.626857332899000683e-02,-2.009394853936764813e-02,-1.225144705591355176e+02,-1.041188693055360375e+02,-6.430063532597647225e+01,-1.225144705591355176e+02,-8.728019255719441389e+02
4.070000000000000284e+00,-1.810832254525816115e-02,-3.516096293301846504e-02,-5.917651209691315167e-02,-1.810832254525816115e-02,-1.705264038776030389e-02,-2.401554916389468664e-02,-1.158932642896522367e+02,-1.091368984816659520e+02,-7.684975732446299901e+01,-1.158932642896522367e+02,-9.056397602873435062e+02
4.080000000000000071e+00,-1.697447810811466423e-02,-3.462406175035980666e-02,-6.219744675841997611e-02,-1.697447810811466423e-02,-1.764958364224514242e-02,-2.757338500806016945e-02,-1.086366598919338458e+02,-1.129573353103689044e+02,-8.823483202579254225e+01,-1.086366598919338458e+02,-9.294864816842858772e+02
4.089999999999999858e+00,-1.580214986868738736e-02,-3.385864103282690968e-02,-6.450708830497751956e-02,-1.580214986868738736e-02,-1.805649116413952232e-02,-3.064844727215060988e-02,-1.011337591595992791e+02,-1.155615434504929482e+02,-9.807503127088195072e+01,-1.011337591595992791e+02,-9.443110016429225197e+02
4.099999999999999645e+00,-1.464996623680590512e-02,-3.292297469429435186e-02,-6.605939787351380876e-02,-1.464996623680590512e-02,-1.827300845748844674e-02,-3.313642317921945690e-02,-9.375978391555779012e+01,-1.169472541279260582e+02,-1.060365541735022674e+02,-9.375978391555779012e+01,-9.502307766509583189e+02
4.110000000000000320e+00,-1.357280869177898870e-02,-3.187385386466606851e-02,-6.682562176274257915e-02,-1.357280869177898870e-02,-1.830104517288708155e-02,-3.495176789807651063e-02,-8.686597562738552369e+01,-1.171266891064773290e+02,-1.118456572738448358e+02,-8.686597562738552369e+01,-9.475149660231230655e+02
4.120000000000000107e+00,-1.262178753574309115e-02,-3.076641245517322196e-02,-6.679741332299003742e-02,-1.262178753574309115e-02,-1.814462491943013081e-02,-3.603100086781681199e-02,-8.077944022875578867e+01,-1.161255994843528327e+02,-1.152992027770138037e+02,-8.077944022875578867e+01,-9.366127274703673038e+02
4.129999999999999893e+00,-1.184458691864947316e-02,-2.965453326403449247e-02,-6.598963519255375554e-02,-1.184458691864947316e-02,-1.780994634538501931e-02,-3.633510192851926307e-02,-7.580535627935663001e+01,-1.139836566104641236e+02,-1.162723261712616392e+02,-7.580535627935663001e+01,-9.181840171832471924e+02
4.139999999999999680e+00,-1.128296935600178047e-02,-2.858862818716843834e-02,-6.443955971934157978e-02,-1.128296935600178047e-02,-1.730565883116665787e-02,-3.585093153217314144e-02,-7.221100387841138968e+01,-1.107562165194666051e+02,-1.147229809029540490e+02,-7.221100387841138968e+01,-8.930706039024961456e+02
4.150000000000000355e+00,-1.096779447188206934e-02,-2.761103880770612862e-02,-6.220268747382733804e-02,-1.096779447188206934e-02,-1.664324433582405754e-02,-3.459164866612120942e-02,-7.019388462004523888e+01,-1.065167637492739630e+02,-1.106932757315878746e+02,-7.019388462004523888e+01,-8.622117723027212151e+02
4.160000000000000142e+00,-1.091579775437423287e-02,-2.675314849888899352e-02,-5.934929303829883374e-02,-1.091579775437423287e-02,-1.583735074451476238e-02,-3.259614453940984369e-02,-6.986110562799508727e+01,-1.013590447648944775e+02,-1.043076625261114998e+02,-6.986110562799508727e+01,-8.265834387570031367e+02
4.169999999999999929e+00,-1.113044465696354235e-02,-2.603643083658864488e-02,-5.596397848770010008e-02,-1.113044465696354235e-02,-1.490598617962510253e-02,-2.992754765111145521e-02,-7.123484580456667459e+01,-9.539831154960066328e+01,-9.576815248355666199e+01,-7.123484580456667459e+01,-7.872039295131719427e+02
4.179999999999999716e+00,-1.160395885359016138e-02,-2.547451947878638309e-02,-5.214540720445584587e-02,-1.160395885359016138e-02,-1.387056062519622171e-02,-2.667088772566946278e-02,-7.426533666297703462e+01,-8.877158800125582161e+01,-8.534684072214227513e+01,-7.426533666297703462e+01,-7.451512961591254225e+02
4.190000000000000391e+00,-1.231655058683174715e-02,-2.507229698243564758e-02,-4.800232946720560390e-02,-1.231655058683174715e-02,-1.275574639560390043e-02,-2.293003248476995631e-02,-7.882592375572318133e+01,-8.163677693186495787e+01,-7.337610395126385754e+01,-7.882592375572318133e+01,-7.015164139165559618e+02
4.200000000000000178e+00,-1.323263287702527470e-02,-2.482168131370660752e-02,-4.364571112911039275e-02,-1.323263287702527470e-02,-1.158904843668133282e-02,-1.882402981540378523e-02,-8.468885041296175586e+01,-7.416990999476053048e+01,-6.023689540929211006e+01,-8.468885041296175586e+01,-6.572869674510432105e+02
4.209999999999999964e+00,-1.429682388224845155e-02,-2.469675683040796835e-02,-3.917975231986463996e-02,-1.429682388224845155e-02,-1.039993294815951680e-02,-1.448299548945667162e-02,-9.149967284639008369e+01,-6.655957086822090218e+01,-4.634558556626134873e+01,-9.149967284639008369e+01,-6.132144878426170180e+02
4.219999999999999751e+00,-1.543250484876547077e-02,-2.465091970460258838e-02,-3.469460260590001566e-02,-1.543250484876547077e-02,-9.218414855837117616e-03,-1.004368290129742727e-02,-9.876803103209901735e+01,-5.899785507735755630e+01,-3.213978528415177038e+01,-9.876803103209901735e+01,-5.697170141808251174e+02
4.230000000000000426e+00,-1.654495344588581898e-02,-2.461809418645020953e-02,-3.026295428212069996e-02,-1.654495344588581898e-02,-8.073140740564390544e-03,-5.644860095670490435e-03,-1.058877020536692442e+02,-5.166810073961210037e+01,-1.806355230614557072e+01,-1.058877020536692442e+02,-5.268580652982807351e+02
4.240000000000000213e+00,-1.753000538417466211e-02,-2.451919088095444801e-02,-2.594179840966575820e-02,-1.753000538417466211e-02,-6.989185496779785900e-03,-1.422607528711310187e-03,-1.121920344587178420e+02,-4.473078717939063154e+01,-4.552344091876192600e+00,-1.121920344587178420e+02,-4.844254971899540010e+02
4.250000000000000000e+00,-1.828620560237370629e-02,-2.427214138243594110e-02,-2.177778640192775533e-02,-1.828620560237370629e-02,-5.985935780062234812e-03,2.494354980508185771e-03,-1.170317158551917203e+02,-3.830998899239830280e+01,7.981935937626194466e+00,-1.170317158551917203e+02,-4.420793067298914707e+02
4.259999999999999787e+00,-1.872525253743148946e-02,-2.380071300496398520e-02,-1.781151554629466574e-02,-1.872525253743148946e-02,-5.075460467532495745e-03,5.989197458669319463e-03,-1.198416162395615316e+02,-3.248294699220797099e+01,1.916543186774182317e+01,-1.198416162395615316e+02,-3.994773940920831592e+02
4.269999999999999574e+00,-1.877679382560016458e-02,-2.303842507524233099e-02,-1.407719003940739906e-02,-1.877679382560016458e-02,-4.261631249642166414e-03,8.961235035834931931e-03,-1.201714804838410515e+02,-2.727443999770986593e+01,2.867595211467178373e+01,-1.201714804838410515e+02,-3.563099051006373656e+02
4.280000000000000249e+00,-1.838916342981805618e-02,-2.192921944224308223e-02,-1.059945783029703735e-02,-1.838916342981805618e-02,-3.540056012425026044e-03,1.132976161194604488e-02,-1.176906459508355596e+02,-2.265635847952016491e+01,3.625523715822734516e+01,-1.176906459508355596e+02,-3.122753018163850811e+02
4.290000000000000036e+00,-1.753034731269626986e-02,-2.042911193154254082e-02,-7.391809659399474312e-03,-1.753034731269626986e-02,-2.898764618846270957e-03,1.303730227214306564e-02,-1.121942228012561316e+02,-1.855209356061613590e+01,4.171936727085780916e+01,-1.121942228012561316e+02,-2.670808472730433891e+02
4.299999999999999822e+00,-1.618970446504401639e-02,-1.850925642466693527e-02,-4.457133961207597299e-03,-1.618970446504401639e-02,-2.319551959622918880e-03,1.405212246345933710e-02,-1.036141085762817085e+02,-1.484513254158668083e+01,4.496679188306988095e+01,-1.036141085762817085e+02,-2.204773477043955836e+02
4.309999999999999609e+00,-1.437745005330953382e-02,-1.615728777523659301e-02,-1.787446659545005459e-03,-1.437745005330953382e-02,-1.779837721927059191e-03,1.436984111569158777e-02,-9.201568034118101025e+01,-1.139096142033317882e+01,4.598349157021308287e+01,-9.201568034118101025e+01,-1.722694505739033275e+02
4.320000000000000284e+00,-1.212127970479286859e-02,-1.337609782323221676e-02,6.379196716578202113e-04,-1.212127970479286859e-02,-1.254818118439348165e-03,1.401401749489003708e-02,-7.757619011067436077e+01,-8.030835958011827813e+00,4.484485598364811665e+01,-7.757619011067436077e+01,-1.222865102551141945e+02
4.330000000000000071e+00,-9.462867981262473860e-03,-1.018250972423652249e-02,2.853109338129265413e-03,-9.462867981262473860e-03,-7.196417429740486343e-04,1.303561906236578791e-02,-6.056235508007983270e+01,-4.605707155033911704e+00,4.171398099957052352e+01,-6.056235508007983270e+01,-7.036224370662966976e+01
4.339999999999999858e+00,-6.455892546961286560e-03,-6.607276101761957836e-03,4.904052405348578378e-03,-6.455892546961286560e-03,-1.513835548006712758e-04,1.151132850711053535e-02,-4.131771230055223043e+01,-9.688547507242961654e-01,3.683625122275371666e+01,-4.131771230055223043e+01,-1.635094748556844024e+01
4.349999999999999645e+00,-3.164957374180116939e-03,-2.695628943084983631e-03,6.845078893561032558e-03,-3.164957374180116939e-03,4.693284310951333083e-04,9.540707836646015322e-03,-2.025572719475274752e+01,3.003701959008853173e+00,3.053026507726724859e+01,-2.025572719475274752e+01,3.983471952457009024e+01
4.360000000000000320e+00,3.349678562610482104e-04,1.492070394135152755e-03,8.734370487995024579e-03,3.349678562610482104e-04,1.157102537874104544e-03,7.242300093859871390e-03,2.143794280070708602e+00,7.405456242394269140e+00,2.317536030035158845e+01,2.143794280070708602e+00,9.817383246844971723e+01
4.370000000000000107e+00,3.959088471850407201e-03,5.880082958250612557e-03,1.062889221978865345e-02,3.959088471850407201e-03,1.920994486400205356e-03,4.748809261538040893e-03,2.533816621984260564e+01,1.229436471296131472e+01,1.519618963692172997e+01,2.533816621984260564e+01,1.584861617091769403e+02
4.379999999999999893e+00,7.615676782599014281e-03,1.037980403143766266e-02,1.258135592140120600e-02,7.615676782599014281e-03,2.764127248838648375e-03,2.201551889963543340e-03,4.874033140863369340e+01,1.769041439256734805e+01,7.044966047883338689e+00,4.874033140863369340e+01,2.204271355472531582e+02
4.389999999999999680e+00,1.121271260862982330e-02,1.489646303868645896e-02,1.464088111041903298e-02,1.121271260862982330e-02,3.683750430056635661e-03,-2.555819282674259840e-04,7.176136069523086292e+01,2.357600275236247001e+01,-8.178621704557631489e-01,7.176136069523086292e+01,2.835585038314126791e+02
4.400000000000000355e+00,1.466493322909842058e-02,1.933673101306648476e-02,1.685434530035392203e-02,1.466493322909842058e-02,4.671797783968064180e-03,-2.482385712712562725e-03,9.385557266622988948e+01,2.989950581739561031e+01,-7.943634280680200277e+00,9.385557266622988948e+01,3.474343326088358594e+02
4.410000000000000142e+00,1.789664080443284511e-02,2.361256076990347202e-02,1.926404511326753125e-02,1.789664080443284511e-02,5.715919965470626918e-03,-4.348515656635940779e-03,1.145385011483702158e+02,3.658188777901201405e+01,-1.391525010123501005e+01,1.145385011483702158e+02,4.116154164784416025e+02
4.419999999999999929e+00,2.084058436377805509e-02,2.764140765463219199e-02,2.190211978652017652e-02,2.084058436377805509e-02,6.800823290854136893e-03,-5.739287868112015467e-03,1.333797399281795606e+02,4.352526906146647434e+01,-1.836572117795844861e+01,1.333797399281795606e+02,4.756178634350627590e+02
4.429999999999999716e+00,2.343688943624357840e-02,3.134655841674047205e-02,2.478575502084494689e-02,2.343688943624357840e-02,7.909668980496893653e-03,-6.560803395895525164e-03,1.499960923919589106e+02,5.062188147518011760e+01,-2.099457086686567919e+01,1.499960923919589106e+02,5.388702090008199548e+02
4.440000000000000391e+00,2.563382647749263415e-02,3.465914917587289978e-02,2.791500394499862869e-02,2.563382647749263415e-02,9.025322698380265629e-03,-6.744145230874271091e-03,1.640564894559528568e+02,5.776206526963370180e+01,-2.158126473879766749e+01,1.640564894559528568e+02,6.007118699603665846e+02
4.450000000000000178e+00,2.738989906862863630e-02,3.752122721845468911e-02,3.127278379987690621e-02,2.738989906862863630e-02,1.013132814982605281e-02,-6.248443418577782904e-03,1.752953540392232696e+02,6.484050015888674068e+01,-1.999501893944890440e+01,1.752953540392232696e+02,6.604225057759833817e+02
4.459999999999999964e+00,2.867733900986654816e-02,3.988990877028041754e-02,3.482724106939466546e-02,2.867733900986654816e-02,1.121256976041386938e-02,-5.062667700885752076e-03,1.835349696631459153e+02,7.176044646664875870e+01,-1.620053664283440753e+01,1.835349696631459153e+02,7.172846384608807284e+02
4.469999999999999751e+00,2.948616149883204890e-02,4.174183325272993322e-02,3.853575803607137834e-02,2.948616149883204890e-02,1.225567175389788432e-02,-3.206075216658554883e-03,1.887114335925251112e+02,7.843629922494645257e+01,-1.025944069330737562e+01,1.887114335925251112e+02,7.706648763724925857e+02
4.480000000000000426e+00,2.982565598541648058e-02,4.307485999413759176e-02,4.234755161465522666e-02,2.982565598541648058e-02,1.324920400872111118e-02,-7.273083794823650972e-04,1.908841983066654677e+02,8.479490565581511419e+01,-2.327386814343568311e+00,1.908841983066654677e+02,8.200551514444110808e+02
4.490000000000000213e+00,2.972213183489632107e-02,4.390584798559002411e-02,4.620364553772027955e-02,2.972213183489632107e-02,1.418371615069370303e-02,2.297797552130255438e-03,1.902216437433364433e+02,9.077578336443970386e+01,7.352952166816817403e+00,1.902216437433364433e+02,8.650511378237788449e+02
4.500000000000000000e+00,2.921583272876571505e-02,4.426741679890280196e-02,5.003699429555023143e-02,2.921583272876571505e-02,1.505158407013708691e-02,5.769577496647429471e-03,1.869813294641005825e+02,9.633013804887735887e+01,1.846264798927177253e+01,1.869813294641005825e+02,9.053223465067491134e+02
4.509999999999999787e+00,2.835892386036954760e-02,4.420560670632795591e-02,5.377450318626617737e-02,2.835892386036954760e-02,1.584668284595840831e-02,9.568896479938221455e-03,1.814971127063651011e+02,1.014187702141338150e+02,3.062046873580230866e+01,1.814971127063651011e+02,9.406090549689037061e+02
4.519999999999999574e+00,2.721271189149694625e-02,4.377664750041727892e-02,5.733893582615195994e-02,2.721271189149694625e-02,1.656393560892033268e-02,1.356228832573468102e-02,1.741613561055804666e+02,1.060091878970901291e+02,4.339932264235098103e+01,1.741613561055804666e+02,9.707095999350647162e+02
4.530000000000000249e+00,2.584348145444785583e-02,4.304226311933358196e-02,6.064988549780982868e-02,2.584348145444785583e-02,1.719878166488572613e-02,1.760762237847624673e-02,1.653982813084662666e+02,1.100722026552686543e+02,5.634439161112398864e+01,1.653982813084662666e+02,9.954446267245766649e+02
4.540000000000000036e+00,2.431987960463009510e-02,4.206649752155246919e-02,6.362652564304698000e-02,2.431987960463009510e-02,1.774661791692237409e-02,2.156002812149451081e-02,1.556472294696326060e+02,1.135783546683031915e+02,6.899208998878243904e+01,1.556472294696326060e+02,1.014653022380154766e+03
4.549999999999999822e+00,2.271275431048668317e-02,4.091507877161585510e-02,6.619288184505392469e-02,2.271275431048668317e-02,1.820232446112917193e-02,2.527780307343806959e-02,1.453616275871147820e+02,1.164948765512266959e+02,8.088896983500181648e+01,1.453616275871147820e+02,1.028236421920029898e+03
4.559999999999999609e+00,2.109427479476634962e-02,3.965428010660566882e-02,6.828232135844457262e-02,2.109427479476634962e-02,1.856000531183931920e-02,2.862804125183890380e-02,1.350033586865046402e+02,1.187840339957716367e+02,9.160973200588449572e+01,1.350033586865046402e+02,1.036191374064482261e+03
4.570000000000000284e+00,1.953491951791377912e-02,3.834793380547475011e-02,6.983968025536430035e-02,1.953491951791377912e-02,1.881301428756097099e-02,3.149174644988955024e-02,1.250234849146481793e+02,1.204032914403902197e+02,1.007735886396465617e+02,1.250234849146481793e+02,1.038601094984054726e+03
4.580000000000000071e+00,1.810049322366020369e-02,3.705476034286979414e-02,7.082299304084543889e-02,1.810049322366020369e-02,1.895426711920959045e-02,3.376823269797564475e-02,1.158431566314253018e+02,1.213073095629413842e+02,1.080583446335220685e+02,1.158431566314253018e+02,1.035626432483666349e+03
4.589999999999999858e+00,1.684956720545029846e-02,3.582637291283596870e-02,7.120503241167357167e-02,1.684956720545029846e-02,1.897680570738567024e-02,3.537865949883760297e-02,1.078372301148819048e+02,1.214515565272682949e+02,1.132117103962803242e+02,1.078372301148819048e+02,1.027501491115291628e+03
4.599999999999999645e+00,1.582925468751360601e-02,3.470378407799506321e-02,7.097238192182464545e-02,1.582925468751360601e-02,1.887452939048145720e-02,3.626859784382958224e-02,1.013072300000870740e+02,1.207969880990813323e+02,1.160595131002546623e+02,1.013072300000870740e+02,1.014491193598269206e+03
4.610000000000000320e+00,1.507040681969441798e-02,3.371335274599100013e-02,7.012292301065414790e-02,1.507040681969441798e-02,1.864294592629658215e-02,3.640957026466314778e-02,9.645060364604427150e+01,1.193148539282981204e+02,1.165106248469220702e+02,9.645060364604427150e+01,9.968282472637935143e+02
4.620000000000000107e+00,1.458615504093144569e-02,3.286596355162145489e-02,6.866551464329706533e-02,1.458615504093144569e-02,1.827980851069000920e-02,3.579955109167561045e-02,9.335139226196125151e+01,1.169907744684160633e+02,1.145585634933619588e+02,9.335139226196125151e+01,9.747021906712178634e+02
4.629999999999999893e+00,1.437372803957398179e-02,3.215931818803666187e-02,6.662176977719765081e-02,1.437372803957398179e-02,1.778559014846268008e-02,3.446245158916098894e-02,9.199185945327347724e+01,1.138277769501611516e+02,1.102798450853151593e+02,9.199185945327347724e+01,9.482984444662494070e+02
4.639999999999999680e+00,1.441542769748942188e-02,3.157921418133309566e-02,6.402586391274599220e-02,1.441542769748942188e-02,1.716378648384367378e-02,3.244664973141289654e-02,9.225873726393230356e+01,1.098482334965995051e+02,1.038292791405212654e+02,9.225873726393230356e+01,9.178087497031592648e+02
4.650000000000000355e+00,1.467805880091611025e-02,3.109906451624048010e-02,6.092171969714562513e-02,1.467805880091611025e-02,1.642100571532437159e-02,2.982265518090514503e-02,9.393957632586310069e+01,1.050944365780759711e+02,9.543249657889646187e+01,9.393957632586310069e+01,8.833995284485065440e+02
4.660000000000000142e+00,1.511437311834810948e-02,3.068117792414125009e-02,5.736120271064964332e-02,1.511437311834810948e-02,1.556680480579314060e-02,2.668002478650839324e-02,9.673198795742790423e+01,9.962755075707609365e+01,8.537607931682686058e+01,9.673198795742790423e+01,8.452068540939926606e+02
4.669999999999999929e+00,1.566735026645183632e-02,3.028065183811366051e-02,5.340431473599379503e-02,1.566735026645183632e-02,1.461330157166182420e-02,2.312366289788013451e-02,1.002710417052917506e+02,9.352513005863568196e+01,7.399572127321643222e+01,1.002710417052917506e+02,8.033756791114315092e+02
4.679999999999999716e+00,1.627410528107133339e-02,2.984874460140107127e-02,4.911840023380403125e-02,1.627410528107133339e-02,1.357463932032973788e-02,1.926965563240295998e-02,1.041542737988565364e+02,8.687769165011032158e+01,6.166289802368947193e+01,1.041542737988565364e+02,7.580845904179689114e+02
4.690000000000000391e+00,1.686796676338081849e-02,2.933432363411899585e-02,4.457512280264761678e-02,1.686796676338081849e-02,1.246635687073817736e-02,1.524079916852862093e-02,1.079549872856372446e+02,7.978468397272433776e+01,4.877055733929158521e+01,1.079549872856372446e+02,7.095306857929595026e+02
4.700000000000000178e+00,1.738040145018545507e-02,2.868508717809482855e-02,3.984707506472280614e-02,1.738040145018545507e-02,1.130468572790937348e-02,1.116198788662797758e-02,1.112345692811869071e+02,7.234998865861999207e+01,3.571836123720952827e+01,1.112345692811869071e+02,6.579087575310493321e+02
4.709999999999999964e+00,1.774344259703529783e-02,2.784924188646619586e-02,3.500486982401951330e-02,1.774344259703529783e-02,1.010579928943089803e-02,7.155627937553317441e-03,1.135580326210259017e+02,6.467711545235775361e+01,2.289800940017061492e+01,1.135580326210259017e+02,6.033994724206628462e+02
4.719999999999999751e+00,1.789175603345357149e-02,2.677680201268893556e-02,3.011403783351437533e-02,1.789175603345357149e-02,8.885045979235364072e-03,3.337235820825439764e-03,1.145072386141028602e+02,5.686429426710633095e+01,1.067915462664140769e+01,1.145072386141028602e+02,5.461520625235518764e+02
4.730000000000000426e+00,1.776488996150270283e-02,2.542109116112191078e-02,2.523246153905616893e-02,1.776488996150270283e-02,7.656201199619207948e-03,-1.886296220657418532e-04,1.136952957536173017e+02,4.899968767756293175e+01,-6.036147906103739302e-01,1.136952957536173017e+02,4.862741059217095767e+02
4.740000000000000213e+00,1.731081078009117508e-02,2.374160819123190269e-02,2.040963953727627234e-02,1.731081078009117508e-02,6.430797411140727615e-03,-3.331968653955630355e-03,1.107891889925835187e+02,4.115710343130065496e+01,-1.066229969265801714e+01,1.107891889925835187e+02,4.238519781936785193e+02
4.750000000000000000e+00,1.648955337016299802e-02,2.170716976390606179e-02,1.568680972086368072e-02,1.648955337016299802e-02,5.217616393743063768e-03,-6.020360043042381065e-03,1.055331415690431811e+02,3.339274491995561078e+01,-1.926515213773561896e+01,1.055331415690431811e+02,3.589822030537895898e+02
4.759999999999999787e+00,1.527519439828577651e-02,1.929760292754463882e-02,1.109630096759491209e-02,1.527519439828577651e-02,4.022408529258862317e-03,-8.201301959949726730e-03,9.776124414902896831e+01,2.574341458725671927e+01,-2.624416627183912709e+01,9.776124414902896831e+01,2.917814773933396282e+02
4.769999999999999574e+00,1.365688988280142242e-02,1.650475187300688013e-02,6.660953315462292412e-03,1.365688988280142242e-02,2.847861990205457702e-03,-9.843798557544587713e-03,8.740409524992909951e+01,1.822631673731492796e+01,-3.150015538414267979e+01,8.740409524992909951e+01,2.223907698093040040e+02
4.780000000000000249e+00,1.164047727356972393e-02,1.333430841196979466e-02,2.395169445924514272e-03,1.164047727356972393e-02,1.693831138400070727e-03,-1.093913896604527952e-02,7.449905455084623895e+01,1.084051928576045221e+01,-3.500524469134489181e+01,7.449905455084623895e+01,1.510029874357853714e+02
4.790000000000000036e+00,9.249571197448439377e-03,9.807402409333337845e-03,-1.693436941429247479e-03,9.249571197448439377e-03,5.578312118848984674e-04,-1.150083935076258446e-02,5.919725566367001335e+01,3.570119756063350192e+00,-3.680268592244026848e+01,5.919725566367001335e+01,7.789406849187923854e+01
4.799999999999999822e+00,6.524383755816659178e-03,5.960151274352114281e-03,-5.603592443864947523e-03,6.524383755816659178e-03,-5.642324814645448966e-04,-1.156374371821706180e-02,4.175605603722662096e+01,-3.611087881373087338e+00,-3.700397989829459533e+01,4.175605603722662096e+01,3.422964772676834855e+00
4.809999999999999609e+00,3.519475620865041444e-03,1.842293738730835240e-03,-9.340012208939133323e-03,3.519475620865041444e-03,-1.677181882134206204e-03,-1.118230594766996856e-02,2.252464397353626424e+01,-1.073396404565892048e+01,-3.578337903254389829e+01,2.252464397353626424e+01,-7.197809731399968314e+01
4.820000000000000284e+00,3.026979235862931029e-04,-2.482911021296901714e-03,-1.291101504341079370e-02,3.026979235862931029e-04,-2.785608944883194871e-03,-1.042810402211389112e-02,1.937266710952275872e+00,-1.782789724725244795e+01,-3.336993287076445114e+01,1.937266710952275872e+00,-1.477816902211938555e+02
4.830000000000000071e+00,-3.045605020054841742e-03,-6.938496029182113049e-03,-1.632516197557349821e-02,-3.045605020054841742e-03,-3.892891009127271307e-03,-9.386665946391384296e-03,-1.949187212835098748e+01,-2.491450245841453537e+01,-3.003733102845242797e+01,-1.949187212835098748e+01,-2.233311168456538098e+02
4.839999999999999858e+00,-6.435903221134379668e-03,-1.143614279940014140e-02,-1.958985655195023129e-02,-6.435903221134379668e-03,-5.000239578265761736e-03,-8.153713752550089885e-03,-4.118978061526002676e+01,-3.200153330090087422e+01,-2.609188400816028874e+01,-4.118978061526002676e+01,-2.978495937729635443e+02
4.849999999999999645e+00,-9.775225888502114130e-03,-1.588112436104593614e-02,-2.271208174897206347e-02,-9.775225888502114130e-03,-6.105898472543822009e-03,-6.830957387926127333e-03,-6.256144568641352777e+01,-3.907775022428046441e+01,-2.185906364136360835e+01,-6.256144568641352777e+01,-3.704947786561727980e+02
4.860000000000000320e+00,-1.297262843199765460e-02,-2.017725283827322136e-02,-2.569884746728436781e-02,-1.297262843199765460e-02,-7.204624406275566759e-03,-5.521594629011146449e-03,-8.302482196478499077e+01,-4.610959620016362948e+01,-1.766910281283566775e+01,-8.302482196478499077e+01,-4.404105629333528213e+02
4.870000000000000107e+00,-1.594332217234922452e-02,-2.423085938338731191e-02,-2.855655455566317655e-02,-1.594332217234922452e-02,-8.287537211038087381e-03,-4.325695172275864642e-03,-1.020372619030350307e+02,-5.304023815064375924e+01,-1.384222455128276685e+01,-1.020372619030350307e+02,-5.067591738148846616e+02
4.879999999999999893e+00,-1.861293893256408746e-02,-2.795531600839739825e-02,-3.129098006212142902e-02,-1.861293893256408746e-02,-9.342377075833310784e-03,-3.335664053724030770e-03,-1.191228091684101571e+02,-5.979121328533318547e+01,-1.067412497191689802e+01,-1.191228091684101571e+02,-5.687644422769808443e+02
4.889999999999999680e+00,-2.092219215407357946e-02,-3.127637529121116144e-02,-3.390836463530216838e-02,-2.092219215407357946e-02,-1.035418313713758198e-02,-2.631989344091006933e-03,-1.339020297860708979e+02,-6.626677207768052824e+01,-8.422365901091222185e+00,-1.339020297860708979e+02,-6.257735032945279272e+02
4.900000000000000355e+00,-2.282957200929652472e-02,-3.413593670405310615e-02,-3.641541669904770073e-02,-2.282957200929652472e-02,-1.130636469475658143e-02,-2.279479994994594583e-03,-1.461092608594977662e+02,-7.236073404644211848e+01,-7.294335983982702665e+00,-1.461092608594977662e+02,-6.772929926697677274e+02
4.910000000000000142e+00,-2.431071958178322029e-02,-3.649276656404577129e-02,-3.881695591571257542e-02,-2.431071958178322029e-02,-1.218204698226255100e-02,-2.324189351666804126e-03,-1.555886053234126223e+02,-7.796510068648032643e+01,-7.437405925333773204e+00,-1.555886053234126223e+02,-7.229733358056801080e+02
4.919999999999999929e+00,-2.535633484669545454e-02,-3.832183239840407374e-02,-4.111302791256179340e-02,-2.535633484669545454e-02,-1.296549755170861920e-02,-2.791195514157719659e-03,-1.622805430188509206e+02,-8.297918433093516910e+01,-8.931825645304702022e+00,-1.622805430188509206e+02,-7.625746589852724355e+02
4.929999999999999716e+00,-2.597028704568701135e-02,-3.961371783312264000e-02,-4.329708855320811567e-02,-2.597028704568701135e-02,-1.364343078743562865e-02,-3.683370720085475669e-03,-1.662098370923968673e+02,-8.731795703958802335e+01,-1.178678630427352303e+01,-1.662098370923968673e+02,-7.959437413087752020e+02
4.940000000000000391e+00,-2.616684733846149843e-02,-4.037285970446864714e-02,-4.535407990336387529e-02,-2.616684733846149843e-02,-1.420601236600714870e-02,-4.981220198895228157e-03,-1.674678229661535909e+02,-9.091847914244574724e+01,-1.593990463646473010e+01,-1.674678229661535909e+02,-8.229786202351921247e+02
4.950000000000000178e+00,-2.596688893480673596e-02,-4.061429697912123660e-02,-4.725810679870928038e-02,-2.596688893480673596e-02,-1.464740804431450064e-02,-6.643809819588043786e-03,-1.661880891827631217e+02,-9.374341148361280318e+01,-2.126019142268173923e+01,-1.661880891827631217e+02,-8.435750762671730172e+02
4.959999999999999964e+00,-2.539647543077523315e-02,-4.036227003259754142e-02,-4.897300595964417663e-02,-2.539647543077523315e-02,-1.496579460182230828e-02,-8.610735927046635207e-03,-1.625374427569614966e+02,-9.578108545166277565e+01,-2.755435496654923355e+01,-1.625374427569614966e+02,-8.576186495255203681e+02
4.969999999999999751e+00,-2.448995307477794259e-02,-3.965286000953212320e-02,-5.045788729362606778e-02,-2.448995307477794259e-02,-1.516290693475418061e-02,-1.080502728409394458e-02,-1.567356996785788397e+02,-9.704260438242675946e+01,-3.457608730910062178e+01,-1.567356996785788397e+02,-8.650631741103186414e+02
4.980000000000000426e+00,-2.329365803539883151e-02,-3.853698551191716420e-02,-5.167380196710846113e-02,-2.329365803539883151e-02,-1.524332747651833270e-02,-1.313681645519129693e-02,-1.490794114265525252e+02,-9.755729584971733459e+01,-4.203781265661214661e+01,-1.490794114265525252e+02,-8.660235597986459197e+02
4.990000000000000213e+00,-2.186520600383724811e-02,-3.707891768748788897e-02,-5.258649895147524816e-02,-2.186520600383724811e-02,-1.521371168365064086e-02,-1.550758126398735920e-02,-1.399373184245583843e+02,-9.736775477536410506e+01,-4.962426004475955210e+01,-1.399373184245583843e+02,-8.607879997340462523e+02
5.000000000000000000e+00,-2.026925310850277370e-02,-3.535129145170956555e-02,-5.316602704920081468e-02,-2.026925310850277370e-02,-1.508203834320679185e-02,-1.781473559749124913e-02,-1.297232198944177526e+02,-9.652504539652346693e+01,-5.700715391197199722e+01,-1.297232198944177526e+02,-8.497662576087395792e+02
5.009999999999999787e+00,-1.857394765734916506e-02,-3.343086677446115151e-02,-5.338720696178276409e-02,-1.857394765734916506e-02,-1.485691911711198646e-02,-1.995634018732161258e-02,-1.188732650070346608e+02,-9.508428234951671243e+01,-6.386028859942916114e+01,-1.188732650070346608e+02,-8.334535078679415392e+02
5.019999999999999574e+00,-1.684838281056050963e-02,-3.139539606338181271e-02,-5.323110298880314589e-02,-1.684838281056050963e-02,-1.454701325282130309e-02,-2.183570692542133318e-02,-1.078296499875872598e+02,-9.310088481805634331e+01,-6.987426216134826973e+01,-1.078296499875872598e+02,-8.124143909009756044e+02
5.030000000000000249e+00,-1.515841389825848054e-02,-2.931898990473081473e-02,-5.268467407683402604e-02,-1.515841389825848054e-02,-1.416057600647233419e-02,-2.336568417210321130e-02,-9.701384894885427457e+01,-9.062768644142293795e+01,-7.477018935073027706e+01,-9.701384894885427457e+01,-7.872351742230225682e+02
5.040000000000000036e+00,-1.356161639108226062e-02,-2.726673281939891863e-02,-5.173916612581676289e-02,-1.356161639108226062e-02,-1.370511642831665801e-02,-2.447243330641784426e-02,-8.679434490292646842e+01,-8.771274514122660548e+01,-7.831178658053710251e+01,-8.679434490292646842e+01,-7.584566298740704724e+02
5.049999999999999822e+00,-1.210454029943059361e-02,-2.529167516250459269e-02,-5.039021122676849013e-02,-1.210454029943059361e-02,-1.318713486307399908e-02,-2.509853606426389744e-02,-7.746905791635579419e+01,-8.439766312367359546e+01,-8.031531540564446914e+01,-7.746905791635579419e+01,-7.265461093370215622e+02
5.059999999999999609e+00,-1.082210752683394374e-02,-2.343406049868854146e-02,-4.863936763737777835e-02,-1.082210752683394374e-02,-1.261195297185459772e-02,-2.520530713868923689e-02,-6.926148817173724126e+01,-8.071649901986943121e+01,-8.065698284380556515e+01,-6.926148817173724126e+01,-6.919049101062366844e+02
5.070000000000000284e+00,-9.736892433895603938e-03,-2.172055419635083098e-02,-4.649478079745365117e-02,-9.736892433895603938e-03,-1.198366176245522705e-02,-2.477422660110282018e-02,-6.231611157693186698e+01,-7.669543527971345043e+01,-7.927752512352903125e+01,-6.231611157693186698e+01,-6.548672159405230104e+02
5.080000000000000071e+00,-8.859033005239252273e-03,-2.016422973609698077e-02,-4.397167999627595719e-02,-8.859033005239252273e-03,-1.130519673085772850e-02,-2.380745026017897642e-02,-5.669781123353121188e+01,-7.235325907748946861e+01,-7.618384083257272721e+01,-5.669781123353121188e+01,-6.157047334307802657e+02
5.089999999999999858e+00,-8.188840016572641878e-03,-1.876740604314128952e-02,-4.109480725494802505e-02,-8.188840016572641878e-03,-1.057856602656864764e-02,-2.232740121180673554e-02,-5.240857610606490624e+01,-6.770282257003934490e+01,-7.144768387778155727e+01,-5.240857610606490624e+01,-5.746772476616573613e+02
5.099999999999999645e+00,-7.720505345631845096e-03,-1.752579019076316164e-02,-3.790128161045525079e-02,-7.720505345631845096e-03,-9.805284845131316540e-03,-2.037549141969208916e-02,-4.941123421204380861e+01,-6.275382300884042763e+01,-6.520157254301469152e+01,-4.941123421204380861e+01,-5.320998892916967407e+02
5.110000000000000320e+00,-7.443677030412533709e-03,-1.643070733274067455e-02,-3.444077354552554926e-02,-7.443677030412533709e-03,-8.987030302328141707e-03,-1.801006621278487471e-02,-4.763953299464021285e+01,-5.751699393490010692e+01,-5.763221188091159775e+01,-4.763953299464021285e+01,-4.883662164313558378e+02
5.120000000000000107e+00,-7.343313297905793534e-03,-1.546975969213718917e-02,-3.077346273173509061e-02,-7.343313297905793534e-03,-8.126446394231396503e-03,-1.530370303959790144e-02,-4.699720510659707884e+01,-5.200925692308094028e+01,-4.897184972671328751e+01,-4.699720510659707884e+01,-4.439349352691739341e+02
5.129999999999999893e+00,-7.400230733426787014e-03,-1.462821648815357256e-02,-2.696824102558328246e-02,-7.400230733426787014e-03,-7.227985754726785547e-03,-1.234002453742970989e-02,-4.736147669393143644e+01,-4.625910883025142795e+01,-3.948807851977507255e+01,-4.736147669393143644e+01,-3.993259921318738179e+02
5.139999999999999680e+00,-7.591733046053377072e-03,-1.389040814297356520e-02,-2.310061095315722388e-02,-7.591733046053377072e-03,-6.298675096920188128e-03,-9.210202810183658675e-03,-4.858709149474161393e+01,-4.031152062028920113e+01,-2.947264899258770754e+01,-4.858709149474161393e+01,-3.551137833228555678e+02
5.150000000000000355e+00,-7.890555205132758487e-03,-1.323923096536711204e-02,-1.924856686774643194e-02,-7.890555205132758487e-03,-5.348675760234353552e-03,-6.009335902379319902e-03,-5.049955331284965609e+01,-3.423152486549986406e+01,-1.922987488761382480e+01,-5.049955331284965609e+01,-3.118828591978900704e+02
5.160000000000000142e+00,-8.263796773416947142e-03,-1.265529898662932917e-02,-1.548816741263046685e-02,-8.263796773416947142e-03,-4.391502213212382030e-03,-2.832868426001137682e-03,-5.288829934986846126e+01,-2.810561416455924544e+01,-9.065178963203640805e+00,-5.288829934986846126e+01,-2.701772774328940159e+02
5.169999999999999929e+00,-8.674464639498759289e-03,-1.211828757490068277e-02,-1.189149523990318952e-02,-8.674464639498759289e-03,-3.443822935401923482e-03,2.267923349974932529e-04,-5.551657369279205767e+01,-2.204046678657230984e+01,7.257354719919784092e-01,-5.551657369279205767e+01,-2.304939150221171644e+02
5.179999999999999716e+00,-9.084461592523343162e-03,-1.160932653532128871e-02,-8.525984878552906113e-03,-9.084461592523343162e-03,-2.524864942797945544e-03,3.083341656768382594e-03,-5.814055419214939491e+01,-1.615913563390684970e+01,9.866693301658823856e+00,-5.814055419214939491e+01,-1.932989895731922729e+02
5.190000000000000391e+00,-9.456351892450391358e-03,-1.111184223038569167e-02,-5.452610207474868111e-03,-9.456351892450391358e-03,-1.655490337935300316e-03,5.659232022910823563e-03,-6.052065211168250158e+01,-1.059513816278592202e+01,1.810954247331463662e+01,-6.052065211168250158e+01,-1.590187434034613148e+02
5.200000000000000178e+00,-9.754149626070284310e-03,-1.061116465214565971e-02,-2.723307674980694065e-03,-9.754149626070284310e-03,-8.570150260753753996e-04,7.887856977164965644e-03,-6.242655760684981914e+01,-5.484896166882402113e+00,2.524114232692788917e+01,-6.242655760684981914e+01,-1.280109343404130016e+02
5.209999999999999964e+00,-9.944695906967998891e-03,-1.009455187694810810e-02,-3.793175501298409334e-04,-9.944695906967998891e-03,-1.498559699801092077e-04,9.715234326818266569e-03,-6.364605380459519068e+01,-9.590782078726989290e-01,3.108874984581845169e+01,-6.364605380459519068e+01,-1.005491464999482787e+02
5.219999999999999751e+00,-9.999206455278346339e-03,-9.551328947267486227e-03,1.549856788716421664e-03,-9.999206455278346339e-03,4.478775080108601120e-04,1.110118573598390876e-02,-6.399492131378141835e+01,2.866416051269504717e+00,3.552379435514851025e+01,-6.399492131378141835e+01,-7.681413272209022125e+01
5.230000000000000426e+00,-9.894006880767627563e-03,-8.972277832890425756e-03,3.047753569518371966e-03,-9.894006880767627563e-03,9.217290478772018070e-04,1.202003140240879772e-02,-6.332164403691281507e+01,5.899065906414091565e+00,3.846410048770815138e+01,-6.332164403691281507e+01,-5.687543292837170839e+01
5.240000000000000213e+00,-9.611079943172772325e-03,-8.349008806802832652e-03,4.111825393153633289e-03,-9.611079943172772325e-03,1.262071136369939672e-03,1.246083419995646507e-02,-6.151091163630574243e+01,8.077255272767613903e+00,3.987466943986068912e+01,-6.151091163630574243e+01,-4.067696077103227026e+01
5.250000000000000000e+00,-9.138854023680012886e-03,-7.673840396807816121e-03,4.753396873648930120e-03,-9.138854023680012886e-03,1.465013626872196766e-03,1.242723727045674624e-02,-5.848866575155208380e+01,9.376087211982058633e+00,3.976715926546158641e+01,-5.848866575155208380e+01,-2.803625782232529673e+01
5.259999999999999787e+00,-8.472156348436321247e-03,-6.939187297928598765e-03,4.997755594789496728e-03,-8.472156348436321247e-03,1.532969050507722482e-03,1.193694289271809636e-02,-5.422180062999245820e+01,9.811001923249424550e+00,3.819821725669790879e+01,-5.422180062999245820e+01,-1.863774435013539232e+01
5.269999999999999574e+00,-7.611085257218023863e-03,-6.136239611917655365e-03,4.884640211703247803e-03,-7.611085257218023863e-03,1.474845645300368498e-03,1.102087982362090317e-02,-4.871094564619535561e+01,9.439012129922359051e+00,3.526681543558689214e+01,-4.871094564619535561e+01,-1.201535424205832214e+01
5.280000000000000249e+00,-6.560458735553651756e-03,-5.254587087388200642e-03,4.467515854730896331e-03,-6.560458735553651756e-03,1.305871648165451114e-03,9.722102942119097840e-03,-4.198693590754336924e+01,8.357578548258887352e+00,3.111072941478111176e+01,-4.198693590754336924e+01,-7.555883833510108616e+00
5.290000000000000036e+00,-5.330623111149675880e-03,-4.283571959523076352e-03,3.810891933590834692e-03,-5.330623111149675880e-03,1.047051151626599529e-03,8.094463893113910610e-03,-3.411598791135792652e+01,6.701127370410237205e+00,2.590228445796451240e+01,-3.411598791135792652e+01,-4.537728248949520093e+00
5.299999999999999822e+00,-3.938265664754566318e-03,-3.214014126047992637e-03,2.987070674999571084e-03,-3.938265664754566318e-03,7.242515387065736818e-04,6.201084801047564155e-03,-2.520490025442922288e+01,4.635209847722071785e+00,1.984347136335220441e+01,-2.520490025442922288e+01,-2.178657130064834746e+00
5.309999999999999609e+00,-2.406359338479862036e-03,-2.039405749451578698e-03,2.073254100810419109e-03,-2.406359338479862036e-03,3.669535890282833376e-04,4.112659850261997374e-03,-1.540069976627111714e+01,2.348502969781013583e+00,1.316051152083839071e+01,-1.540069976627111714e+01,3.249441730448410226e-01
5.320000000000000284e+00,-7.642209755362509805e-04,-7.574937818362847660e-04,1.148109363690980999e-03,-7.642209755362509805e-04,6.727193699966214566e-06,1.905603145527265656e-03,-4.891014243432006303e+00,4.305403967978377322e-02,6.097930065687250156e+00,-4.891014243432006303e+00,3.749909585805085044e+00
5.330000000000000071e+00,9.516995660066669607e-04,6.272004402240216906e-04,2.872573130653221108e-04,9.516995660066669607e-04,-3.244991257826452700e-04,-3.399431271586995798e-04,6.090877222442668604e+00,-2.076794405008929534e+00,-1.087818006907838697e+00,6.090877222442668604e+00,8.778794431577704671e+00
5.339999999999999858e+00,2.697314667340443457e-03,2.101010116348049628e-03,-4.412181194540946223e-04,2.697314667340443457e-03,-5.963045509923938295e-04,-2.542228235802144413e-03,1.726281387097883879e+01,-3.816349126351320287e+00,-8.135130354566861399e+00,1.726281387097883879e+01,1.593400317018196688e+01
5.349999999999999645e+00,4.421615690715747886e-03,3.639931862597726650e-03,-9.801953824368717788e-04,4.421615690715747886e-03,-7.816838281180212358e-04,-4.620127245034598429e-03,2.829834042058078580e+01,-5.002776499955335687e+00,-1.478440718411071586e+01,2.829834042058078580e+01,2.553347020954421964e+01
5.360000000000000320e+00,6.068602951622819805e-03,5.209733989832950225e-03,-1.285738494396415979e-03,6.068602951622819805e-03,-8.588689617898695797e-04,-6.495472484229366204e-03,3.883905889038604897e+01,-5.496761355455165088e+00,-2.078551194953397285e+01,3.883905889038604897e+01,3.767035675619075619e+01
5.370000000000000107e+00,7.580210016297580893e-03,6.767295589371994345e-03,-1.328159275721081146e-03,7.580210016297580893e-03,-8.129144269255865474e-04,-8.095454865093075492e-03,4.851334410430451527e+01,-5.202652332323753903e+00,-2.590545556829784246e+01,4.851334410430451527e+01,5.221570861104871142e+01
5.379999999999999893e+00,8.899766162752528395e-03,8.262872879811141574e-03,-1.092180383896735251e-03,8.899766162752528395e-03,-6.368932829413868207e-04,-9.355053263707877043e-03,5.695850344161618040e+01,-4.076117010824875209e+00,-2.993617044386520831e+01,5.695850344161618040e+01,6.883864796077830306e+01
5.389999999999999680e+00,9.975455093213575139e-03,9.642881029356871816e-03,-5.765507224428005704e-04,9.975455093213575139e-03,-3.325740638567033225e-04,-1.021943175179967217e-02,6.384291259656688311e+01,-2.128474008682901264e+00,-3.270218160575895183e+01,6.384291259656688311e+01,8.703677094637509981e+01
5.400000000000000355e+00,1.076405729051518358e-02,1.085357360251623139e-02,2.073495456051444074e-04,1.076405729051518358e-02,8.951631200104781527e-05,-1.064622405691108623e-02,6.888996665929717267e+01,5.729043968067060177e-01,-3.406791698211547725e+01,6.888996665929717267e+01,1.061848622219651475e+02
5.410000000000000142e+00,1.123529142294059889e-02,1.184599791284327540e-02,1.238393391767970237e-03,1.123529142294059889e-02,6.107064899026765081e-04,-1.060760452107530581e-02,7.190586510681983157e+01,3.908521535377129652e+00,-3.394433446744098148e+01,7.190586510681983157e+01,1.256101565242679499e+02
5.419999999999999929e+00,1.137536572256229311e-02,1.258085401020600513e-02,2.488826567446357670e-03,1.137536572256229311e-02,1.205488287643712020e-03,-1.009202744275964833e-02,7.280234062439868126e+01,7.715125040919756927e+00,-3.229448781683087333e+01,7.280234062439868126e+01,1.446689335454626644e+02
5.429999999999999716e+00,1.118782185518488528e-02,1.303126715521671017e-02,3.925761800122221784e-03,1.118782185518488528e-02,1.843445300031824885e-03,-9.105505355094488384e-03,7.160205987318326493e+01,1.179804992020367926e+01,-2.913761713630236372e+01,7.160205987318326493e+01,1.627874779712537361e+02
5.440000000000000391e+00,1.069187365799065953e-02,1.318349467157449093e-02,5.511198855592433846e-03,1.069187365799065953e-02,2.491621013583831395e-03,-7.672295815982057079e-03,6.842799141114022632e+01,1.594637448693652004e+01,-2.455134661114258421e+01,6.842799141114022632e+01,1.794690578608025078e+02
5.450000000000000178e+00,9.919727880632457293e-03,1.303680161847378671e-02,7.201922313580730317e-03,9.919727880632457293e-03,3.117073737841329420e-03,-5.834879304893056395e-03,6.348625843604772712e+01,1.994927192218450784e+01,-1.867161377565778224e+01,6.348625843604772712e+01,1.942917497477233439e+02
5.459999999999999964e+00,8.912873620663995869e-03,1.260221399574528237e-02,8.949074724907225831e-03,8.912873620663995869e-03,3.689340375081286497e-03,-3.653139270838056535e-03,5.704239117224957312e+01,2.361177840052023313e+01,-1.169004566668178136e+01,5.704239117224957312e+01,2.068923717182640871e+02
5.469999999999999751e+00,7.716800971740886764e-03,1.189932505556445634e-02,1.069662644008183457e-02,7.716800971740886764e-03,4.182524083823569577e-03,-1.202698615482621775e-03,4.938752621914167662e+01,2.676815413647084441e+01,-3.848635569544389678e+00,4.938752621914167662e+01,2.169211343582043980e+02
5.480000000000000426e+00,6.376237393321699740e-03,1.095299187228413254e-02,1.238056943893990625e-02,6.376237393321699740e-03,4.576754478962432801e-03,1.427577566655773705e-03,4.080791931725887878e+01,2.929122866535956859e+01,4.568248213298476301e+00,4.080791931725887878e+01,2.240021885877507657e+02
5.490000000000000213e+00,4.933762341689683882e-03,9.792650278176278852e-03,1.393149099215722046e-02,4.933762341689683882e-03,4.858887936486594970e-03,4.138840713980941610e-03,3.157607898681397529e+01,3.109688279351420803e+01,1.324429028473901226e+01,3.157607898681397529e+01,2.277517561952015797e+02
5.500000000000000000e+00,3.430659021913984481e-03,8.453131183510896596e-03,1.527927666133970484e-02,3.430659021913984481e-03,5.022472161596912114e-03,6.826145477828808247e-03,2.195621774024949957e+01,3.214382183422024042e+01,2.184366552905218484e+01,2.195621774024949957e+01,2.278311153105657638e+02
5.509999999999999787e+00,1.906401528033713818e-03,6.973488600357028756e-03,1.635626716461369146e-02,1.906401528033713818e-03,5.067087072323315372e-03,9.382778564256663567e-03,1.220096977941576810e+01,3.242935726286921749e+01,3.002489140562132519e+01,1.220096977941576810e+01,2.239656553437189075e+02
5.519999999999999574e+00,3.968006095229102757e-04,5.393989693057540252e-03,1.709879488718453466e-02,3.968006095229102757e-04,4.997189083534629706e-03,1.170480519412699441e-02,2.539523900946625723e+00,3.198201013462163189e+01,3.745537662120638345e+01,2.539523900946625723e+00,2.159307319703239045e+02
5.530000000000000249e+00,-1.065960123107369695e-03,3.754661455928013508e-03,1.745024742871576981e-02,-1.065960123107369695e-03,4.820621579035382770e-03,1.369558597278775630e-02,-6.822144787887165940e+00,3.085197810582645062e+01,4.382587511292081928e+01,-6.822144787887165940e+00,2.035671252925803003e+02
5.540000000000000036e+00,-2.451351071334428432e-03,2.095671658157043961e-03,1.736568466672819971e-02,-2.451351071334428432e-03,4.547022729491471960e-03,1.527001300857115662e-02,-1.568864685654034119e+01,2.910094546874542232e+01,4.886404162742770296e+01,-1.568864685654034119e+01,1.868290207188983345e+02
5.549999999999999822e+00,-3.730132101053178998e-03,4.562352493110061235e-04,1.681446554230259238e-02,-3.730132101053178998e-03,4.186367350364185447e-03,1.635823029299158723e-02,-2.387284544674034592e+01,2.679275104233078508e+01,5.234633693757307782e+01,-2.387284544674034592e+01,1.657987275994905758e+02
5.559999999999999609e+00,-4.876409553558146322e-03,-1.128611806586475195e-03,1.578002561644354512e-02,-4.876409553558146322e-03,3.747797746971670910e-03,1.690863742303002140e-02,-3.120902114277213713e+01,2.398590558061869515e+01,5.410763975369606982e+01,-3.120902114277213713e+01,1.406535725746278445e+02
5.570000000000000284e+00,-5.868856791237568940e-03,-2.630029804463150482e-03,1.425999313985203999e-02,-5.868856791237568940e-03,3.238826986774418458e-03,1.689002294431518961e-02,-3.756068346392044077e+01,2.072849271535627835e+01,5.404807342180860985e+01,-3.756068346392044077e+01,1.116476480197333672e+02
5.580000000000000071e+00,-6.689594048145329833e-03,-4.024605576205147507e-03,1.226812419230659777e-02,-6.689594048145329833e-03,2.664988471940182325e-03,1.629272976851174615e-02,-4.281340190813011048e+01,1.705592622041716666e+01,5.213673525923758945e+01,-4.281340190813011048e+01,7.913777871457398305e+01
5.589999999999999858e+00,-7.323124424169939056e-03,-5.293136070935530388e-03,9.835680939965448649e-03,-7.323124424169939056e-03,2.029988353234408668e-03,1.512881701090097904e-02,-4.686799631468760907e+01,1.299192546070021592e+01,4.841221443488313270e+01,-4.686799631468760907e+01,4.360843074268717601e+01
5.599999999999999645e+00,-7.756901247256064655e-03,-6.420559597491591088e-03,7.010686159613198874e-03,-7.756901247256064655e-03,1.336341649764473567e-03,1.343124575710478996e-02,-4.964416798243881601e+01,8.552586558492631497e+00,4.297998642273532965e+01,-4.964416798243881601e+01,5.665214996367410549e+00
5.610000000000000320e+00,-7.982198045389977611e-03,-7.395808153592128842e-03,3.856366764703177911e-03,-7.982198045389977611e-03,5.863898917978487696e-04,1.125217491829530632e-02,-5.108606749049585716e+01,3.752895307506232125e+00,3.600695973854497822e+01,-5.108606749049585716e+01,-3.397863733333394975e+01
5.620000000000000107e+00,-7.994751996308179648e-03,-8.211200807588707809e-03,4.493015059185273812e-04,-7.994751996308179648e-03,-2.164488112805281611e-04,8.660502313507234540e-03,-5.116641277637234708e+01,-1.385272392195380231e+00,2.771360740322315053e+01,-5.116641277637234708e+01,-7.451423329603369439e+01
5.629999999999999893e+00,-7.796449202220731914e-03,-8.862832871379780139e-03,-3.124011188697007127e-03,-7.796449202220731914e-03,-1.066383669159048225e-03,5.738821682682773012e-03,-4.989727489421268558e+01,-6.824855482617908642e+00,1.836422938458487408e+01,-4.989727489421268558e+01,-1.150737029767371951e+02
5.639999999999999680e+00,-7.397512255804972008e-03,-9.351638048961483096e-03,-6.771652234942345493e-03,-7.397512255804972008e-03,-1.954125793156511089e-03,2.579985814019137604e-03,-4.734407843715182196e+01,-1.250640507620167163e+01,8.255954604861241108e+00,-4.734407843715182196e+01,-1.547835867254767379e+02
5.650000000000000355e+00,-6.816961588472429494e-03,-9.683086598997955874e-03,-1.039961801184294959e-02,-6.816961588472429494e-03,-2.866125010525526380e-03,-7.165314128449937203e-04,-4.362855416622355165e+01,-1.834320006736336950e+01,-2.292900521103979905e+00,-4.362855416622355165e+01,-1.927939642640726845e+02
5.660000000000000142e+00,-6.081580985210171750e-03,-9.865866772920849764e-03,-1.391416027435099165e-02,-6.081580985210171750e-03,-3.784285787710678015e-03,-4.048293501430141883e-03,-3.892211830534510142e+01,-2.421942904134833796e+01,-1.295453920457645403e+01,-3.892211830534510142e+01,-2.282882596538096891e+02
5.669999999999999929e+00,-5.225410488110224759e-03,-9.911630697435440396e-03,-1.722505404241685134e-02,-5.225410488110224759e-03,-4.686220209325215637e-03,-7.313423344981410945e-03,-3.344262712390543868e+01,-2.999180933968138163e+01,-2.340295470394051591e+01,-3.344262712390543868e+01,-2.605121735025820158e+02
5.679999999999999716e+00,-4.289074737709436431e-03,-9.835129083381589574e-03,-2.024899236853188941e-02,-4.289074737709436431e-03,-5.546054345672153142e-03,-1.041386328515029984e-02,-2.745007832134039205e+01,-3.549474781230178166e+01,-3.332436251248095971e+01,-2.745007832134039205e+01,-2.888075659383694074e+02
5.690000000000000391e+00,-3.316821536266030459e-03,-9.652547771947156408e-03,-2.291083102282184120e-02,-3.316821536266030459e-03,-6.335726235681125515e-03,-1.325828325087468479e-02,-2.122765783210259372e+01,-4.054864790835920019e+01,-4.242650640279899221e+01,-2.122765783210259372e+01,-3.126084364297823299e+02
5.700000000000000178e+00,-2.352882595821865520e-03,-9.379510437806668280e-03,-2.514409209485487032e-02,-2.352882595821865520e-03,-7.026627841984802759e-03,-1.576458165704820030e-02,-1.505844861325993911e+01,-4.497041818870273744e+01,-5.044666130255424008e+01,-1.505844861325993911e+01,-3.314265843135507339e+02
5.709999999999999964e+00,-1.440548455609930037e-03,-9.031983400885864807e-03,-2.689393732938532774e-02,-1.440548455609930037e-03,-7.591434945275934987e-03,-1.786195392849946467e-02,-9.219510115903553071e+00,-4.858518364976598036e+01,-5.715825257119828962e+01,-9.219510115903553071e+00,-3.448888390106035331e+02
5.719999999999999751e+00,-6.227019223886240580e-04,-8.628713078773955769e-03,-2.812124146573075079e-02,-6.227019223886240580e-04,-8.006011156385332145e-03,-1.949252838695679502e-02,-3.985292303287193860e+00,-5.123847140086612484e+01,-6.237609083826174583e+01,-3.985292303287193860e+00,-3.527995636272451634e+02
5.730000000000000426e+00,6.012299936909986932e-05,-8.191134569240790878e-03,-2.880372303163874700e-02,6.012299936909986932e-05,-8.251257568609891499e-03,-2.061258846239795439e-02,3.847871959622391480e-01,-5.280804843910330248e+01,-6.596028307967345938e+01,3.847871959622391480e-01,-3.551506329684435741e+02
5.740000000000000213e+00,5.736262771462204016e-04,-7.741092246106980046e-03,-2.893450405506086190e-02,5.736262771462204016e-04,-8.314718523253199906e-03,-2.119341180895388185e-02,3.671208173735810654e+00,-5.321419854882047673e+01,-6.781891778865242770e+01,3.671208173735810654e+00,-3.520857244912112947e+02
5.750000000000000000e+00,8.921397706247868745e-04,-7.299614191041948162e-03,-2.852137346289416661e-02,8.921397706247868745e-04,-8.191753961666735362e-03,-2.122175927185221758e-02,5.709694531998636080e+00,-5.242722535466710809e+01,-6.790962966992709937e+01,5.709694531998636080e+00,-3.438814814777866786e+02
5.759999999999999787e+00,9.999640099075145835e-04,-6.886187719726656956e-03,-2.758622851841138063e-02,9.999640099075145835e-04,-7.886151729634171756e-03,-2.070004079868472541e-02,6.399769663408092946e+00,-5.047137106965870146e+01,-6.624013055579112574e+01,6.399769663408092946e+00,-3.309351958861251433e+02
5.769999999999999574e+00,8.941964009084594133e-04,-6.515894611619907004e-03,-2.616206833159701386e-02,8.941964009084594133e-04,-7.410091012528366092e-03,-1.964617371997710860e-02,5.722856965814139940e+00,-4.742458248018154165e+01,-6.286775590392674928e+01,5.722856965814139940e+00,-3.137084442548824654e+02
5.780000000000000249e+00,5.872258195391863271e-04,-6.196169223619877459e-03,-2.428930263353608343e-02,5.872258195391863271e-04,-6.783395043159064219e-03,-1.809313340991620597e-02,3.758245245050792605e+00,-4.341372827621800923e+01,-5.789802691173186133e+01,3.758245245050792605e+00,-2.926605298286972356e+02
5.790000000000000036e+00,1.050055425013063712e-04,-5.927110103527312782e-03,-2.201529054706418895e-02,1.050055425013063712e-04,-6.032115646028618841e-03,-1.608818044353687443e-02,6.720354720083607791e-01,-3.860554013458315836e+01,-5.148217741931799907e+01,6.720354720083607791e-01,-2.682470462456784048e+02
5.799999999999999822e+00,-5.176223974691088669e-04,-5.704259586798143648e-03,-1.939599710726692960e-02,-5.176223974691088669e-04,-5.186637189329035107e-03,-1.369173752046878509e-02,-3.312783343802296887e+00,-3.319447801170582579e+01,-4.381356006550011273e+01,-3.312783343802296887e+00,-2.409624642630246854e+02
5.809999999999999609e+00,-1.240207806057269007e-03,-5.519753221075885535e-03,-1.649564157610048168e-02,-1.240207806057269007e-03,-4.279545415018616746e-03,-1.097588835502459614e-02,-7.937329958766521365e+00,-2.738909065611914784e+01,-3.512284273607870944e+01,-7.937329958766521365e+00,-2.113477900528931457e+02
5.820000000000000284e+00,-2.018867851345847262e-03,-5.362346196739773384e-03,-1.338482661820681631e-02,-2.018867851345847262e-03,-3.343478345393926122e-03,-8.022480421467043793e-03,-1.292075424861342192e+01,-2.139826141052112618e+01,-2.567193734869454147e+01,-1.292075424861342192e+01,-1.799728590234872740e+02
5.830000000000000071e+00,-2.810543611407416865e-03,-5.219713751023122121e-03,-1.014054648608323471e-02,-2.810543611407416865e-03,-2.409170139615705256e-03,-4.920832735060112588e-03,-1.798747911300746694e+01,-1.541868889354051397e+01,-1.574666475219236084e+01,-1.798747911300746694e+01,-1.474584982762210359e+02
5.839999999999999858e+00,-3.577612180773174621e-03,-5.081516931530879674e-03,-6.846594560289036638e-03,-3.577612180773174621e-03,-1.503904750757705053e-03,-1.765077628758156963e-03,-2.289671795694831857e+01,-9.624990404849311787e+00,-5.648248412026102727e+00,-2.289671795694831857e+01,-1.145098703214711975e+02
5.849999999999999645e+00,-4.288054245336311507e-03,-4.938558400302062341e-03,-3.589757275936778045e-03,-4.288054245336311507e-03,-6.505041549657508346e-04,1.348801124365284296e-03,-2.744354717015239231e+01,-4.163226591780805563e+00,4.316163597968909471e+00,-2.744354717015239231e+01,-8.187183049189286521e+01
5.860000000000000320e+00,-4.911893060272635482e-03,-4.778703734163781448e-03,-4.525648718822500717e-04,-4.911893060272635482e-03,1.331893261088540337e-04,4.326138862281531106e-03,-3.143611558574486864e+01,8.524116870966658155e-01,1.384364435930089954e+01,-3.143611558574486864e+01,-5.022017861804192762e+01
5.870000000000000107e+00,-5.419578770016525784e-03,-4.585122104275640709e-03,2.491726802565241358e-03,-5.419578770016525784e-03,8.344566657408850757e-04,7.076848906840882067e-03,-3.468530412810576280e+01,5.340522660741664041e+00,2.264591650189082372e+01,-3.468530412810576280e+01,-2.009659489641981622e+01
5.879999999999999893e+00,-5.784249033147472602e-03,-4.338706272099295685e-03,5.179927215944258104e-03,-5.784249033147472602e-03,1.445542761048176916e-03,9.518633488043553789e-03,-3.701919381214382554e+01,9.251473670708332264e+00,3.045962716173937324e+01,-3.701919381214382554e+01,8.075721060911575933e+00
5.889999999999999680e+00,-5.984128684121159045e-03,-4.020912139690644219e-03,7.559090661897609718e-03,-5.984128684121159045e-03,1.963216544430514826e-03,1.158000280158825307e-02,-3.829842357837542011e+01,1.256458588435529578e+01,3.705600896508241249e+01,-3.829842357837542011e+01,3.396651381318685026e+01
5.900000000000000355e+00,-6.002565933439665477e-03,-3.614457865690509468e-03,9.588500650680151921e-03,-6.002565933439665477e-03,2.388108067749156009e-03,1.320295851637066226e-02,-3.841642197401385772e+01,1.528389163359459779e+01,4.224946725238611833e+01,-3.841642197401385772e+01,5.735081073590055212e+01
5.910000000000000142e+00,-5.827708109309363664e-03,-3.103780665529342567e-03,1.124142675972971198e-02,-5.827708109309363664e-03,2.723927443780021097e-03,1.434520742525905411e-02,-3.729733189957993034e+01,1.743313564019213402e+01,4.590466376082897426e+01,-3.729733189957993034e+01,7.812140250432349831e+01
5.919999999999999929e+00,-5.453876123533204362e-03,-2.477222500743588365e-03,1.250456716254333411e-02,-5.453876123533204362e-03,2.976653622789615997e-03,1.498178966328692248e-02,-3.490480719061250880e+01,1.905058318585354371e+01,4.794172692251814993e+01,-3.490480719061250880e+01,9.626250875327752965e+01
5.929999999999999716e+00,-4.883565337661040923e-03,-1.729831374666512909e-03,1.337620060067488438e-02,-4.883565337661040923e-03,3.153733962994528014e-03,1.510603197534139686e-02,-3.125481816103066279e+01,2.018389736316498073e+01,4.833930232109246816e+01,-3.125481816103066279e+01,1.118051445696803512e+02
5.940000000000000391e+00,-4.128303073775795203e-03,-8.649822299180942543e-04,1.386478513411461104e-02,-4.128303073775795203e-03,3.263320843857700840e-03,1.472976736403270454e-02,-2.642113967216508996e+01,2.088525340068928671e+01,4.713525556490465362e+01,-2.642113967216508996e+01,1.247981078802865227e+02
5.950000000000000178e+00,-3.208309510149303344e-03,1.052754213939193357e-04,1.398807191095211705e-02,-3.208309510149303344e-03,3.313584931543222829e-03,1.388279648955819713e-02,-2.053318086495553985e+01,2.120694356187662777e+01,4.442494876658623326e+01,-2.053318086495553985e+01,1.352961343905219564e+02
5.959999999999999964e+00,-2.151743537430936357e-03,1.160405441567993095e-03,1.377200769144831631e-02,-2.151743537430936357e-03,3.312148978998929669e-03,1.261160224988032257e-02,-1.377115863955799213e+01,2.119775346559314855e+01,4.035712719961703243e+01,-1.377115863955799213e+01,1.433511660769565594e+02
5.969999999999999751e+00,-9.937078214240023088e-04,2.271965428209603982e-03,1.324933082232569899e-02,-9.937078214240023088e-04,3.265673249633606508e-03,1.097736539411609501e-02,-6.359730057113615054e+00,2.090030879765508232e+01,3.512756926117150158e+01,-6.359730057113615054e+00,1.490044440051389074e+02
5.980000000000000426e+00,2.254231120753643833e-04,3.405034703837679470e-03,1.245839851911452641e-02,2.254231120753643833e-04,3.179611591762315087e-03,9.053363815276847804e-03,1.442707917282332053e+00,2.034951418727881745e+01,2.897076420888591386e+01,1.442707917282332053e+00,1.522889589403411890e+02
5.990000000000000213e+00,1.462655600819379263e-03,4.520812039822553162e-03,1.144268164637800116e-02,1.462655600819379263e-03,3.058156439003173899e-03,6.921869606555447994e-03,9.360995845244026725e+00,1.957220120962031373e+01,2.214998274097743192e+01,9.360995845244026725e+00,1.532495393875253171e+02
6.000000000000000000e+00,2.675693433183955541e-03,5.580086416604220466e-03,1.025077120400116372e-02,2.675693433183955541e-03,2.904392983420264925e-03,4.670684787396943254e-03,1.712443797237731502e+01,1.858811509388969441e+01,1.494619131967021808e+01,1.712443797237731502e+01,1.519762331578116630e+02
6.009999999999999787e+00,3.825871498793701007e-03,6.546539694278866693e-03,8.936017259231649260e-03,3.825871498793701007e-03,2.720668195485165686e-03,2.389477564952782566e-03,2.448557759227968589e+01,1.741227645110506117e+01,7.646328207848903880e+00,2.448557759227968589e+01,1.486325467537009501e+02
6.019999999999999574e+00,4.879499617116308391e-03,7.388636023062650389e-03,7.554730277647692116e-03,4.879499617116308391e-03,2.509136405946341998e-03,1.660942545850417271e-04,3.122879754954437459e+01,1.605847299805659034e+01,5.315016146721335266e-01,3.122879754954437459e+01,1.434563164868192757e+02
6.030000000000000249e+00,5.807405995748539038e-03,8.079789183970245703e-03,6.162814294953080155e-03,5.807405995748539038e-03,2.272383188221706665e-03,-1.916974889017165548e-03,3.716739837279065028e+01,1.454325240461892221e+01,-6.134319644854929976e+00,3.716739837279065028e+01,1.367289933976639418e+02
6.040000000000000036e+00,6.583952206358274772e-03,8.597944954186479555e-03,4.812138313927936256e-03,6.583952206358274772e-03,2.013992747828204782e-03,-3.785806640258543299e-03,4.213729412069295677e+01,1.288955358610051150e+01,-1.211458124882733856e+01,4.213729412069295677e+01,1.287367993738983785e+02
6.049999999999999822e+00,7.187000077084401174e-03,8.925940539316888286e-03,3.548156181821384130e-03,7.187000077084401174e-03,1.738940462232487112e-03,-5.377784357495503723e-03,4.599680049334016729e+01,1.112921895828791818e+01,-1.720890994398561347e+01,4.599680049334016729e+01,1.197513285229274516e+02
6.059999999999999609e+00,7.598988129222573711e-03,9.052735426772149860e-03,2.408986673010711944e-03,7.598988129222573711e-03,1.453747297549576149e-03,-6.643748753761438350e-03,4.863352402702447108e+01,9.303982704317286689e+00,-2.125999601203660205e+01,4.863352402702447108e+01,1.100325321579154547e+02
6.070000000000000284e+00,7.808071632729612389e-03,8.974456418909856903e-03,1.424976917523229376e-03,7.808071632729612389e-03,1.166384786180244514e-03,-7.549479501386627961e-03,4.997165844946952262e+01,7.464862631553565109e+00,-2.415833440443720903e+01,4.997165844946952262e+01,9.983456002975762544e+01
6.080000000000000071e+00,7.808488723888572930e-03,8.694433577025231091e-03,6.179665354693706248e-04,7.808488723888572930e-03,8.859448531366581614e-04,-8.076467041555859816e-03,4.997432783288686409e+01,5.670047060074612233e+00,-2.584469453297874963e+01,4.997432783288686409e+01,8.939904107994817650e+01
6.089999999999999858e+00,7.600503334199638222e-03,8.222605785207908261e-03,6.319518443345435602e-07,7.600503334199638222e-03,6.221024510082700382e-04,-8.221973833363573070e-03,4.864322133887768729e+01,3.981455686452928244e+00,-2.631031626676343294e+01,4.864322133887768729e+01,7.894308227570152781e+01
6.099999999999999645e+00,7.190756658077792317e-03,7.575181149431014713e-03,-4.232406146419981797e-04,7.190756658077792317e-03,3.844244913532223959e-04,-7.998421764073013543e-03,4.602084261169787283e+01,2.460316744660623556e+00,-2.559494964503364400e+01,4.602084261169787283e+01,6.865862913397455713e+01
6.110000000000000320e+00,6.592804083348217069e-03,6.774413212331527323e-03,-6.577617028005663122e-04,6.592804083348217069e-03,1.816091289833102543e-04,-7.432174915132093961e-03,4.219394613342858946e+01,1.162298425493185627e+00,-2.378295972842269990e+01,4.219394613342858946e+01,5.871985449149724445e+01
6.120000000000000107e+00,5.826827388282900325e-03,5.847573827548306798e-03,-7.142384162346967352e-04,5.826827388282900325e-03,2.074643926540647304e-05,-6.561812243783003533e-03,3.729169528501056163e+01,1.327772112986014275e-01,-2.099779918010561275e+01,3.729169528501056163e+01,4.928001994861065782e+01
6.129999999999999893e+00,4.918830469769278069e-03,4.825508092774081874e-03,-6.104940029763109835e-04,4.918830469769278069e-03,-9.332237699519619484e-05,-5.436002095750392532e-03,3.148051500652337964e+01,-5.972632127692556470e-01,-1.739520670640125743e+01,3.148051500652337964e+01,4.046413526205856215e+01
6.139999999999999680e+00,3.900743217889572189e-03,3.742273056627130022e-03,-3.688264646017736610e-04,3.900743217889572189e-03,-1.584701612624421670e-04,-4.111099521228903791e-03,2.496475659449326301e+01,-1.014209032079629758e+00,-1.315551846793249169e+01,2.496475659449326301e+01,3.238508728344342558e+01
6.150000000000000355e+00,2.810931364328695704e-03,2.635443114822977849e-03,-1.314470260504998822e-05,2.810931364328695704e-03,-1.754882495057178554e-04,-2.648587817428028034e-03,1.798996073170365406e+01,-1.123124796836594275e+00,-8.475481015769689819e+00,1.798996073170365406e+01,2.517406475729211479e+01
6.160000000000000142e+00,1.692654002424443058e-03,1.544670934855393125e-03,4.321926977452834515e-04,1.692654002424443058e-03,-1.479830675690499333e-04,-1.112478237110109619e-03,1.083298561551643502e+01,-9.470916324419196286e-01,-3.559930358752350976e+00,1.083298561551643502e+01,1.897789087296649058e+01
6.169999999999999929e+00,5.902890366787903482e-04,5.082874016141428284e-04,9.415182722917902645e-04,5.902890366787903482e-04,-8.200163506464751978e-05,4.332308706776474361e-04,3.777849834744258395e+00,-5.248104644137441266e-01,1.386338786168471726e+00,3.777849834744258395e+00,1.391813446949695887e+01
6.179999999999999716e+00,-4.537603800140475657e-04,-4.392334424815979394e-04,1.487715238094696217e-03,-4.537603800140475657e-04,1.452693753244962624e-05,1.926948680576294048e-03,-2.904066432089904559e+00,9.297240020767760793e-02,6.166235777844140564e+00,-2.904066432089904559e+00,1.006542523788574783e+01
6.190000000000000391e+00,-1.400268900984455965e-03,-1.267805527809114877e-03,2.043862531510722176e-03,-1.400268900984455965e-03,1.324633731753410877e-04,3.311668059319837053e-03,-8.961720966300518398e+00,8.477655883221829614e-01,1.059733778982347907e+01,-8.961720966300518398e+00,7.450147235535425239e+00
6.200000000000000178e+00,-2.214796534704616300e-03,-1.952609020421536539e-03,2.584256620541759957e-03,-2.214796534704616300e-03,2.621875142830797610e-04,4.536865640963296496e-03,-1.417469782210954499e+01,1.678000091411710581e+00,1.451797005108254801e+01,-1.417469782210954499e+01,6.063816961154145702e+00
6.209999999999999964e+00,-2.870782879493156796e-03,-2.476484043512513621e-03,3.083597877603325935e-03,-2.870782879493156796e-03,3.942988359806431746e-04,5.560081921115839557e-03,-1.837301042875620283e+01,2.523512550276116428e+00,1.779226214757068547e+01,-1.837301042875620283e+01,5.828292807271793663e+00
6.219999999999999751e+00,-3.351608753719054461e-03,-2.831418960228067674e-03,3.516730097713000915e-03,-3.351608753719054461e-03,5.201897934909867870e-04,6.348149057941068589e-03,-2.145029602380194689e+01,3.329214678342315548e+00,2.031407698541141826e+01,-2.145029602380194689e+01,6.578986919855367432e+00
6.230000000000000426e+00,-3.649981286412333145e-03,-3.017534765931219158e-03,3.860508859695222905e-03,-3.649981286412333145e-03,6.324465204811139871e-04,6.878043625626441629e-03,-2.335988023303893257e+01,4.047657731079129739e+00,2.200973960200461477e+01,-2.335988023303893257e+01,8.092551300134459780e+00
6.240000000000000213e+00,-3.766546760505317965e-03,-3.041455396640490617e-03,4.095895492451799395e-03,-3.766546760505317965e-03,7.250913638648273478e-04,7.137350889092290013e-03,-2.410589926723403664e+01,4.640584728734895137e+00,2.283952284509532760e+01,-2.410589926723403664e+01,1.012262491978856360e+01
6.250000000000000000e+00,-3.709253798411282430e-03,-2.915561135655637005e-03,4.208776344029325871e-03,-3.709253798411282430e-03,7.936926627556454249e-04,7.124337479684963309e-03,-2.373922430983220622e+01,5.079633041636130386e+00,2.279787993499188303e+01,-2.373922430983220622e+01,1.241486600038740562e+01
6.259999999999999787e+00,-3.492315896123299006e-03,-2.656952511148412844e-03,4.190688029156023654e-03,-3.492315896123299006e-03,8.353633849748861619e-04,6.847640540304436932e-03,-2.235082173518911475e+01,5.346325663839271769e+00,2.191244972897419885e+01,-2.235082173518911475e+01,1.472386097287304096e+01
6.269999999999999574e+00,-3.134392860406393436e-03,-2.285708174919140381e-03,4.039885026290911292e-03,-3.134392860406393436e-03,8.486846854872530550e-04,6.325593201210051239e-03,-2.006011430660091932e+01,5.431581987118419441e+00,2.024189824387216419e+01,-2.006011430660091932e+01,1.684009777316899203e+01
6.280000000000000249e+00,-2.657695807744197333e-03,-1.824107565981921211e-03,3.761110824394502550e-03,-2.657695807744197333e-03,8.335882417622761213e-04,5.585218390376423328e-03,-1.700925316956286437e+01,5.334964747278567287e+00,1.787269884920455354e+01,-1.700925316956286437e+01,1.859523128076074272e+01
6.290000000000000036e+00,-2.088257779795335556e-03,-1.297059106934081094e-03,3.363875268810817033e-03,-2.088257779795335556e-03,7.911986728612544623e-04,4.660934375744898127e-03,-1.336484979069014756e+01,5.063671506312028114e+00,1.491499000238367323e+01,-1.336484979069014756e+01,1.984143515401666491e+01
6.299999999999999822e+00,-1.455526256339354863e-03,-7.319027201290664994e-04,2.861121966895731773e-03,-1.455526256339354863e-03,7.236235362102883635e-04,3.593024687024798380e-03,-9.315368040571870623e+00,4.631190631745845110e+00,1.149767899847935482e+01,-9.315368040571870623e+00,2.044050476895998258e+01
6.309999999999999609e+00,-7.909982318438135750e-04,-1.572995218168992467e-04,2.268632284410004255e-03,-7.909982318438135750e-04,6.336987100269143554e-04,2.425931806226903475e-03,-5.062388683800406852e+00,4.055671744172252069e+00,7.762981779926090731e+00,-5.062388683800406852e+00,2.026879452089380607e+01
6.320000000000000284e+00,-1.273995291575260290e-04,3.973063708190467951e-04,1.603744932316308837e-03,-1.273995291575260290e-04,5.247058999765728511e-04,1.206438561497262096e-03,-8.153569866081665785e-01,3.358117759850066442e+00,3.860603396791238762e+00,-8.153569866081665785e-01,1.921009251009941465e+01
6.330000000000000071e+00,5.017808882973517556e-04,9.018485809376217003e-04,8.836519900427079180e-04,5.017808882973517556e-04,4.000676926402699446e-04,-1.819659089491378230e-05,3.211397685103051458e+00,2.560433232897727507e+00,-5.822909086372410337e-02,3.211397685103051458e+00,1.714080548141116012e+01
6.339999999999999858e+00,1.064055013405794219e-03,1.327092050695995564e-03,1.250077431724251067e-04,1.064055013405794219e-03,2.630370372902013452e-04,-1.202084307523570376e-03,6.809952085797083221e+00,1.683437038657288554e+00,-3.846669784075425369e+00,6.809952085797083221e+00,1.394015802113684543e+01
6.349999999999999645e+00,1.530631374190572370e-03,1.647061770321714847e-03,-6.554028684354755744e-04,1.530631374190572370e-03,1.164303961311424773e-04,-2.302464638757190530e-03,9.796040794819663944e+00,7.451545352393118549e-01,-7.367886844023010084e+00,9.796040794819663944e+00,9.519925458107906024e+00
6.360000000000000320e+00,1.878025685980029471e-03,1.840479928316916727e-03,-1.440840737597671182e-03,1.878025685980029471e-03,-3.754575766311274432e-05,-3.281320665914588125e-03,1.201936439027218917e+01,-2.402928490439215636e-01,-1.050022613092668244e+01,1.201936439027218917e+01,3.836536230904769695e+00
6.370000000000000107e+00,2.088217415189951281e-03,1.890853220204069020e-03,-2.215933559232941431e-03,2.088217415189951281e-03,-1.973641949858822610e-04,-4.106786779437010884e-03,1.336459145721568831e+01,-1.263130847909646359e+00,-1.314171769419843550e+01,1.336459145721568831e+01,-3.120771254677180195e+00
6.379999999999999893e+00,2.148720864389034972e-03,1.786560542713264707e-03,-2.967738141282595579e-03,2.148720864389034972e-03,-3.621603216757702647e-04,-4.754298683995860503e-03,1.375181353208982316e+01,-2.317826058724929528e+00,-1.521375578878675405e+01,1.375181353208982316e+01,-1.133930494626557106e+01
6.389999999999999680e+00,2.053356214039062187e-03,1.521712841468865658e-03,-3.685727862233139241e-03,2.053356214039062187e-03,-5.316433725701965284e-04,-5.207440703702005333e-03,1.314147976984999744e+01,-3.402517584449257892e+00,-1.666381025184641729e+01,1.314147976984999744e+01,-2.077454419933704344e+01
6.400000000000000355e+00,1.803586687740809866e-03,1.097657426438418578e-03,-4.360798932873102482e-03,1.803586687740809866e-03,-7.059292613023912880e-04,-5.458456359311521060e-03,1.154295480154118358e+01,-4.517947272335304021e+00,-1.746706034979686706e+01,1.154295480154118358e+01,-3.132615846177296248e+01
6.410000000000000142e+00,1.410136032476761716e-03,5.248623629356326823e-04,-4.983536961498782718e-03,1.410136032476761716e-03,-8.852736695411290340e-04,-5.508399324434415725e-03,9.024870607851275039e+00,-5.665751485063226234e+00,-1.762687783819012921e+01,9.024870607851275039e+00,-4.280327614620622967e+01
6.419999999999999929e+00,8.939074271048597174e-04,-1.757805650778077619e-04,-5.542693517278173866e-03,8.939074271048597174e-04,-1.069687992182667561e-03,-5.366912952200366023e-03,5.721007533471102136e+00,-6.846003149969072332e+00,-1.717412144704116983e+01,5.721007533471102136e+00,-5.489735119061739965e+01
6.429999999999999716e+00,2.846944943969633053e-04,-9.737669999287753468e-04,-6.025404901982194493e-03,2.846944943969633053e-04,-1.258461494325738544e-03,-5.051637902053419255e-03,1.822044764140565043e+00,-8.054153563684726791e+00,-1.616524128657094295e+01,1.822044764140565043e+00,-6.719205025834530431e+01
6.440000000000000391e+00,-3.823220188066620007e-04,-1.831998520478351870e-03,-6.419259027564191457e-03,-3.823220188066620007e-04,-1.449676501671689870e-03,-4.587260507085839586e-03,-2.446860920362636804e+00,-9.277929610698814500e+00,-1.467923362267468690e+01,-2.446860920362636804e+00,-7.921207246120843593e+01
6.450000000000000178e+00,-1.070266931388170421e-03,-2.710102646252643237e-03,-6.714333492786039685e-03,-1.070266931388170421e-03,-1.639835714864472816e-03,-4.004230846533396448e-03,-6.849708360884291025e+00,-1.049494857513262680e+01,-1.281353870890686864e+01,-6.849708360884291025e+00,-9.047458693477135228e+01
6.459999999999999964e+00,-1.742836265264291430e-03,-3.566527731580905122e-03,-6.903726350879323646e-03,-1.742836265264291430e-03,-1.823691466316613692e-03,-3.337198619298418524e-03,-1.115415209769146543e+01,-1.167162538442632780e+01,-1.067903558175494005e+01,-1.115415209769146543e+01,-1.005144391916182087e+02
6.469999999999999751e+00,-2.365728258392008412e-03,-4.360039631148336300e-03,-6.983274122448901965e-03,-2.365728258392008412e-03,-1.994311372756327888e-03,-2.623234491300565664e-03,-1.514066085370885340e+01,-1.276359278564049760e+01,-8.394350372161810014e+00,-1.514066085370885340e+01,-1.088958120345334919e+02
6.480000000000000426e+00,-2.908669943694800267e-03,-5.052054663331728354e-03,-6.951976665113465507e-03,-2.908669943694800267e-03,-2.143384719636928087e-03,-1.899922001781737153e-03,-1.861548763964672304e+01,-1.371766220567634065e+01,-6.079750405701559224e+00,-1.861548763964672304e+01,-1.152387007530738714e+02
6.490000000000000213e+00,-3.348007436781993019e-03,-5.609776726116236928e-03,-6.813195526197312474e-03,-3.348007436781993019e-03,-2.261769289334243909e-03,-1.203418800081075546e-03,-2.142724759540475432e+01,-1.447532345173916113e+01,-3.850940160259441747e+00,-2.142724759540475432e+01,-1.192605336222100902e+02
6.500000000000000000e+00,-3.668304896016776669e-03,-6.008563001912782184e-03,-6.575157902909032140e-03,-3.668304896016776669e-03,-2.340258105896005515e-03,-5.665949009962499561e-04,-2.347715133450737213e+01,-1.497765187773443607e+01,-1.813103683187999859e+00,-2.347715133450737213e+01,-1.208037206862894095e+02
6.509999999999999787e+00,-3.862132654018959541e-03,-6.232627376051899822e-03,-6.249985550228064936e-03,-3.862132654018959541e-03,-2.370494722032940281e-03,-1.735817417616511427e-05,-2.471764898572133973e+01,-1.517116622101081802e+01,-5.554615736372836565e-02,-2.471764898572133973e+01,-1.198330840922876632e+02
6.519999999999999574e+00,-3.929267495820713656e-03,-6.275191329600205911e-03,-5.852462906181312395e-03,-3.929267495820713656e-03,-2.345923833779492255e-03,4.227284234188935161e-04,-2.514731197325256673e+01,-1.501391253618874977e+01,1.352730954940459362e+00,-2.514731197325256673e+01,-1.164254806635025687e+02
6.530000000000000249e+00,-3.876588299656450951e-03,-6.139256041417948985e-03,-5.399808186616167696e-03,-3.876588299656450951e-03,-2.262667741761498034e-03,7.394478548017812888e-04,-2.481016511780128653e+01,-1.448107354727358675e+01,2.366233135365700235e+00,-2.481016511780128653e+01,-1.107750165891275032e+02
6.540000000000000036e+00,-3.717696026057294278e-03,-5.837938120903082666e-03,-4.911457759674511814e-03,-3.717696026057294278e-03,-2.120242094845788388e-03,9.264803612285708520e-04,-2.379325456676668438e+01,-1.356954940701304579e+01,2.964737155931426837e+00,-2.379325456676668438e+01,-1.031942004535449087e+02
6.549999999999999822e+00,-3.470623822759651578e-03,-5.392644029497416919e-03,-4.407178480241559504e-03,-3.470623822759651578e-03,-1.922020206737765340e-03,9.854655492558574148e-04,-2.221199246566176910e+01,-1.230092932312169829e+01,3.153489757618743727e+00,-2.221199246566176910e+01,-9.407829609349415989e+01
6.559999999999999609e+00,-3.154325465762989299e-03,-4.829665469571132325e-03,-3.904096498673232177e-03,-3.154325465762989299e-03,-1.675340003808143026e-03,9.255689708979001479e-04,-2.018768298088313173e+01,-1.072217602437211603e+01,2.961820706873280251e+00,-2.018768298088313173e+01,-8.384411489514590698e+01
6.570000000000000284e+00,-2.785815697902024879e-03,-4.176987884431605270e-03,-3.414404025318030882e-03,-2.785815697902024879e-03,-1.391172186529580392e-03,7.625838591135743888e-04,-1.782922046657295923e+01,-8.903501993789314284e+00,2.440268349163438266e+00,-1.782922046657295923e+01,-7.287736233359649418e+01
6.580000000000000071e+00,-2.378086456481105695e-03,-3.461415505901928660e-03,-2.943779584357435371e-03,-2.378086456481105695e-03,-1.083329049420822966e-03,5.176359215444932896e-04,-1.521975332147907700e+01,-6.933305916293266868e+00,1.656434948942378416e+00,-1.521975332147907700e+01,-6.148987286648989681e+01
6.589999999999999858e+00,-1.938266309252150051e-03,-2.705517554039668041e-03,-2.489924817408203320e-03,-1.938266309252150051e-03,-7.672512447875179907e-04,2.155927366314647209e-04,-1.240490437921376099e+01,-4.910407966640114807e+00,6.898967572206871068e-01,-1.240490437921376099e+01,-4.987624676589956607e+01
6.599999999999999645e+00,-1.467328230012763341e-03,-1.925798371620475111e-03,-2.042492835474940018e-03,-1.467328230012763341e-03,-4.584701416077117692e-04,-1.166944638544649068e-04,-9.390900672081684775e+00,-2.934208906289355490e+00,-3.734222843342877018e-01,-9.390900672081684775e+00,-3.809559558811598379e+01
6.610000000000000320e+00,-9.626259684078437634e-04,-1.133554023076168739e-03,-1.585727917480753146e-03,-9.626259684078437634e-04,-1.709280546683249755e-04,-4.521738944045844075e-04,-6.160806197810200224e+00,-1.093939549877279926e+00,-1.446956462094670215e+00,-6.160806197810200224e+00,-2.610510662934645154e+01
6.620000000000000107e+00,-4.216718071321292889e-04,-3.370780248017508636e-04,-1.102336384748681250e-03,-4.216718071321292889e-04,8.459378233037842532e-05,-7.652583599469303319e-04,-2.698699565645627629e+00,5.414002069144219220e-01,-2.448826751830177173e+00,-2.698699565645627629e+00,-1.381837833168414775e+01
6.629999999999999893e+00,1.553566246190211052e-04,4.570565277627642187e-04,-5.761889952505780703e-04,1.553566246190211052e-04,3.016999031437431135e-04,-1.033245523013342181e-03,9.942823975617350873e-01,1.930879380119955968e+00,-3.306385673642695089e+00,9.942823975617350873e-01,-1.143671687883013988e+00
6.639999999999999680e+00,7.645217699841256069e-04,1.243613997331383461e-03,6.218015065070468404e-06,7.645217699841256069e-04,4.790922273472578543e-04,-1.237395982266313067e-03,4.892939327898403690e+00,3.066190255022450462e+00,-3.959667143252201704e+00,4.892939327898403690e+00,1.199838731900595690e+01
6.650000000000000355e+00,1.397283155347530227e-03,2.017963683519529827e-03,6.543530113876941607e-04,1.397283155347530227e-03,6.206805281719995990e-04,-1.363610672131835774e-03,8.942612194224192734e+00,3.972355380300797378e+00,-4.363554150821874700e+00,8.942612194224192734e+00,2.565424027110933736e+01
6.660000000000000142e+00,2.040096832074491263e-03,2.775167838334208301e-03,1.372475573191666394e-03,2.040096832074491263e-03,7.350710062597170386e-04,-1.402692265142541908e-03,1.305661972527674486e+01,4.704454440062189491e+00,-4.488615248456134132e+00,1.305661972527674486e+01,3.981737675064840687e+01
6.669999999999999929e+00,2.675175244016277359e-03,3.509664054043689242e-03,2.159446176566614823e-03,2.675175244016277359e-03,8.344888100274118828e-04,-1.350217877477074419e-03,1.712112156170417521e+01,5.340728384175435828e+00,-4.320697207926638583e+00,1.712112156170417521e+01,5.442345821385892179e+01
6.679999999999999716e+00,3.281969748020356192e-03,4.215235147581621739e-03,3.009147617117155765e-03,3.281969748020356192e-03,9.332653995612655469e-04,-1.206087530464465974e-03,2.100460638733028063e+01,5.972898557192099389e+00,-3.859480097486291061e+00,2.100460638733028063e+01,6.935407454110826109e+01
6.690000000000000391e+00,3.838975375965650652e-03,4.885048300796556407e-03,3.911207948629532444e-03,3.838975375965650652e-03,1.046072924830905755e-03,-9.738403521670239635e-04,2.456944240618016551e+01,6.694866718917796611e+00,-3.116289126934476794e+00,2.456944240618016551e+01,8.444405999449044486e+01
6.700000000000000178e+00,4.326378156676985269e-03,5.512500194345321992e-03,4.852654641425869532e-03,4.326378156676985269e-03,1.186122037668336723e-03,-6.598455529194524605e-04,2.768882020273270683e+01,7.591181041077355474e+00,-2.111505769342247874e+00,2.768882020273270683e+01,9.950548642340345395e+01
6.709999999999999964e+00,4.729322279378968090e-03,6.092881406840782062e-03,5.820405220203671987e-03,4.729322279378968090e-03,1.363559127461813972e-03,-2.724761866371100752e-04,3.026766258802539511e+01,8.726778415755608975e+00,-8.719237972387522406e-01,3.026766258802539511e+01,1.143675516196267523e+02
6.719999999999999751e+00,5.040432481598939619e-03,6.624710935062162048e-03,6.803350214132337405e-03,5.040432481598939619e-03,1.584278453463222429e-03,1.786392790701753566e-04,3.225876788223321512e+01,1.013938210216462288e+01,5.716456930245611412e-01,3.225876788223321512e+01,1.289093870322672046e+02
6.730000000000000426e+00,5.260834700129438622e-03,7.110130558823821514e-03,7.793347644242778864e-03,5.260834700129438622e-03,1.849295858694382892e-03,6.832170854189573497e-04,3.366934208082840740e+01,1.183549349564404984e+01,2.186294673340663408e+00,3.366934208082840740e+01,1.430733907494393691e+02
6.740000000000000213e+00,5.399784889714341618e-03,7.554523928225047660e-03,8.785255085830627822e-03,5.399784889714341618e-03,2.154739038510706042e-03,1.230731157605580162e-03,3.455862329417178813e+01,1.379032984646851823e+01,3.938339704337856517e+00,3.455862329417178813e+01,1.568618785349345046e+02
6.750000000000000000e+00,5.473014910805480519e-03,7.965432351307906098e-03,9.776066000314678761e-03,5.473014910805480519e-03,2.492417440502425578e-03,1.810633649006772664e-03,3.502729542915507466e+01,1.595147161921552303e+01,5.794027676821672301e+00,3.502729542915507466e+01,1.703183841755767958e+02
6.759999999999999787e+00,5.500354621899725995e-03,8.351212585087003371e-03,1.076362079803924385e-02,5.500354621899725995e-03,2.850857963187277376e-03,2.412408212952240477e-03,3.520226958015824437e+01,1.824549096439857365e+01,7.719706281447169971e+00,3.520226958015824437e+01,1.835024004780119640e+02
6.769999999999999574e+00,5.503743325647284489e-03,8.720393960960082236e-03,1.174589860786326781e-02,5.503743325647284489e-03,3.216650635312797747e-03,3.025504646903185574e-03,3.522395728414262095e+01,2.058656406600190536e+01,9.681614870090193392e+00,3.522395728414262095e+01,1.964764086607041520e+02
6.780000000000000249e+00,5.505862202377572422e-03,9.081803851612795311e-03,1.272102186815721181e-02,5.505862202377572422e-03,3.575941649235222890e-03,3.639218016544416498e-03,3.523751809521646550e+01,2.288602655510542760e+01,1.164549765294213302e+01,3.523751809521646550e+01,2.093071269097920890e+02
6.790000000000000036e+00,5.528566416630627950e-03,9.444479196614227051e-03,1.368705934635747190e-02,5.528566416630627950e-03,3.915912779983599101e-03,4.242580149743244849e-03,3.538282506643601977e+01,2.506184179189503425e+01,1.357625647917838307e+01,3.538282506643601977e+01,2.220627700125282900e+02
6.799999999999999822e+00,5.591010070148576608e-03,9.817097266371106051e-03,1.464142379100442926e-02,5.591010070148576608e-03,4.226087196222529443e-03,4.824326524633323204e-03,3.578246444895088985e+01,2.704695805582418799e+01,1.543784487882663470e+01,3.578246444895088985e+01,2.348018021508051447e+02
6.809999999999999609e+00,5.708180768671121744e-03,1.020750210951990554e-02,1.558048995174761767e-02,5.708180768671121744e-03,4.499321340848783796e-03,5.372987842227712127e-03,3.653235691949517872e+01,2.879565658143221540e+01,1.719356109512867903e+01,3.653235691949517872e+01,2.475647237881682088e+02
6.820000000000000284e+00,5.889767161523496580e-03,1.062214958045357323e-02,1.649928443615595111e-02,5.889767161523496580e-03,4.732382418930076648e-03,5.877134855702377883e-03,3.769450983375038078e+01,3.028724748115249099e+01,1.880683153824761078e+01,3.769450983375038078e+01,2.603657665594514583e+02
6.830000000000000071e+00,6.139021270710344480e-03,1.106507449547958905e-02,1.739085447766655981e-02,6.139021270710344480e-03,4.926053224769244565e-03,6.325779982186970768e-03,3.928973613254620290e+01,3.152674063852316522e+01,2.024249594299830690e+01,3.928973613254620290e+01,2.731769181422030215e+02
6.839999999999999858e+00,6.452687399223023916e-03,1.153744716953966631e-02,1.824636011613125705e-02,6.452687399223023916e-03,5.084759770316642398e-03,6.708912946591590737e-03,4.129719935502735240e+01,3.254246253002651201e+01,2.146852142909309080e+01,4.129719935502735240e+01,2.859245499424408763e+02
6.849999999999999645e+00,6.822902735909720795e-03,1.203869943355991012e-02,1.905682342860221673e-02,6.822902735909720795e-03,5.215796697650189329e-03,7.018123995042306607e-03,4.366657750982221131e+01,3.338109886496120993e+01,2.245799678413538203e+01,4.366657750982221131e+01,2.985170194767564453e+02
6.860000000000000320e+00,7.239426097538892955e-03,1.256771673320523919e-02,1.981496772690234665e-02,7.239426097538892955e-03,5.328290635666346232e-03,7.247250993697107457e-03,4.633232702424891158e+01,3.410106006826461567e+01,2.319120317983074386e+01,4.633232702424891158e+01,3.108737708170328347e+02
6.870000000000000107e+00,7.690222471769514109e-03,1.312226630384536775e-02,2.051524452609862145e-02,7.690222471769514109e-03,5.432043832075853645e-03,7.392978222253253698e-03,4.921742381932489252e+01,3.476508052528546244e+01,2.365753031121041161e+01,4.921742381932489252e+01,3.229201039674622962e+02
6.879999999999999893e+00,8.161361600767096450e-03,1.369773087085985816e-02,2.115304561164741901e-02,8.161361600767096450e-03,5.536369270092761710e-03,7.455314740787560845e-03,5.223271424490941683e+01,3.543276332859367272e+01,2.385700717052019471e+01,5.223271424490941683e+01,3.345674542320698492e+02
6.889999999999999680e+00,8.638226583296673700e-03,1.428725229869110339e-02,2.172514027900539907e-02,8.638226583296673700e-03,5.649025715394429686e-03,7.437887980314295683e-03,5.528465013309870812e+01,3.615376457852435266e+01,2.380124153700574752e+01,5.528465013309870812e+01,3.457189687458864000e+02
6.900000000000000355e+00,9.107476603410378721e-03,1.488285167723157540e-02,2.223085497228998939e-02,9.107476603410378721e-03,5.775375073821196678e-03,7.348003295058413986e-03,5.828785026182642071e+01,3.696240047245565563e+01,2.351361054418692476e+01,5.828785026182642071e+01,3.562915838354069820e+02
6.910000000000000142e+00,9.557775179536766655e-03,1.547563298755691083e-02,2.267207463039785237e-02,9.557775179536766655e-03,5.917857808020144175e-03,7.196441642840941538e-03,6.116976114903530970e+01,3.787428997132892050e+01,2.302861325709101337e+01,6.116976114903530970e+01,3.662179931323657343e+02
6.919999999999999929e+00,9.979093187968062634e-03,1.605490775368343878e-02,2.305190033364913627e-02,9.979093187968062634e-03,6.075814565715376148e-03,6.996992579965697484e-03,6.386619640299559819e+01,3.888521322057840734e+01,2.239037625589023150e+01,6.386619640299559819e+01,3.754253576383927111e+02
6.929999999999999716e+00,1.036196012718714095e-02,1.660758570836795567e-02,2.337333045335173581e-02,1.036196012718714095e-02,6.245625581180814720e-03,6.765744744983780146e-03,6.631654481399770873e+01,3.997200371955721465e+01,2.165038318394809735e+01,6.631654481399770873e+01,3.838167951525090302e+02
6.940000000000000391e+00,1.069728720709678046e-02,1.711840353067264897e-02,2.363858165043884740e-02,1.069728720709678046e-02,6.421116323575868506e-03,6.520178119766198432e-03,6.846263812541938876e+01,4.109514447088555755e+01,2.086456998325183321e+01,6.846263812541938876e+01,3.912670577386703599e+02
6.950000000000000178e+00,1.097627011205254757e-02,1.757043656037812762e-02,2.384855643543677683e-02,1.097627011205254757e-02,6.594166448325580049e-03,6.278119875058649213e-03,7.024812871713631068e+01,4.220266526928371320e+01,2.008998360018767926e+01,7.024812871713631068e+01,3.976223327598231094e+02
6.959999999999999964e+00,1.119008492521129938e-02,1.794552885835000444e-02,2.400216617331152671e-02,1.119008492521129938e-02,6.755443933138705059e-03,6.056637314961522273e-03,7.161654352135231250e+01,4.323484117208771238e+01,1.938123940787687260e+01,7.161654352135231250e+01,4.026978723039507031e+02
6.969999999999999751e+00,1.132956829983906670e-02,1.822474406113657255e-02,2.409569048342825176e-02,1.132956829983906670e-02,6.895175761297505854e-03,5.870946422291679206e-03,7.250923711897002022e+01,4.412912487230403968e+01,1.878702855133337479e+01,7.250923711897002022e+01,4.062761716278222934e+02
6.980000000000000426e+00,1.138509646265878882e-02,1.838896593106099583e-02,2.412237842363418663e-02,1.138509646265878882e-02,7.003869468402207019e-03,5.733412492573190800e-03,7.286461736101624354e+01,4.482476459777412714e+01,1.834691997623421145e+01,7.286461736101624354e+01,4.081089058050737322e+02
6.990000000000000213e+00,1.134700046168939623e-02,1.841991908592653659e-02,2.407263000873969064e-02,1.134700046168939623e-02,7.072918624237140364e-03,5.652710922813154043e-03,7.262080295481213454e+01,4.526667919511769611e+01,1.808867495300209427e+01,7.262080295481213454e+01,4.079284713087957925e+02
7.000000000000000000e+00,1.120680758846112970e-02,1.830186673332085540e-02,2.393506961536072397e-02,1.120680758846112970e-02,7.095059144859725692e-03,5.633202882039868575e-03,7.172356856615122922e+01,4.540837852710224354e+01,1.802624922252757855e+01,7.172356856615122922e+01,4.054745889473431362e+02
7.009999999999999787e+00,1.095884336660296263e-02,1.802352192568002984e-02,2.369808631142009125e-02,1.095884336660296263e-02,7.064678559077067210e-03,5.674564385740061417e-03,7.013659754625895459e+01,4.521394277809322659e+01,1.815860603436819787e+01,7.013659754625895459e+01,4.005274390761611585e+02
7.019999999999999574e+00,1.060112830146719108e-02,1.757912263787529336e-02,2.335081268786536393e-02,1.060112830146719108e-02,6.977994336408102280e-03,5.771690049990070570e-03,6.784722112939002159e+01,4.465916375301185326e+01,1.846940815996822494e+01,6.784722112939002159e+01,3.929273791271102709e+02
7.030000000000000249e+00,1.013504617348783519e-02,1.696815181186267854e-02,2.288302725550280664e-02,1.013504617348783519e-02,6.833105638374843346e-03,5.914875443640128100e-03,6.486429551032215102e+01,4.373187608559899786e+01,1.892760141964841125e+01,6.486429551032215102e+01,3.825713190467086520e+02
7.040000000000000036e+00,9.564239501649715244e-03,1.619414618204706793e-02,2.228441090556020771e-02,9.564239501649715244e-03,6.629906680397352689e-03,6.090264723513139772e-03,6.121113281055817623e+01,4.243140275454305765e+01,1.948884711524204860e+01,6.121113281055817623e+01,3.693941480410298368e+02
7.049999999999999822e+00,8.893783452025237277e-03,1.526363791861771145e-02,2.154417147277586445e-02,8.893783452025237277e-03,6.369854466592474174e-03,6.280533554158152995e-03,5.692021409296151546e+01,4.076706858619183294e+01,2.009770737330608981e+01,5.692021409296151546e+01,3.533549701573783182e+02
7.059999999999999609e+00,8.130181936129172657e-03,1.418579428699467092e-02,2.065155671260239176e-02,8.130181936129172657e-03,6.055612350865498261e-03,6.465762425607720840e-03,5.203316439122670545e+01,3.875591904553918710e+01,2.069043976194470602e+01,5.203316439122670545e+01,3.344385695961317992e+02
7.070000000000000284e+00,7.281548247127439706e-03,1.297216667794233794e-02,1.959661075830546745e-02,7.281548247127439706e-03,5.690618430814898231e-03,6.624444080363129511e-03,4.660190878161561301e+01,3.641995795721534535e+01,2.119822105716201577e+01,4.660190878161561301e+01,3.126602633879789437e+02
7.080000000000000071e+00,6.357229159603250586e-03,1.163586043947079443e-02,1.837042241276536439e-02,6.357229159603250586e-03,5.278631279867543845e-03,6.734561973294569959e-03,4.068626662146080264e+01,3.378324019115228083e+01,2.155059831454262564e+01,4.068626662146080264e+01,2.880603153814671487e+02
7.089999999999999858e+00,5.367424790533139797e-03,1.019072303455995608e-02,1.696539776392833390e-02,5.367424790533139797e-03,4.823298244026816284e-03,6.774674729368377821e-03,3.435151865941209337e+01,3.086910876177162422e+01,2.167895913397880747e+01,3.435151865941209337e+01,2.606987596654876143e+02
7.099999999999999645e+00,4.323753305753539299e-03,8.651552651356550147e-03,1.537649706555866899e-02,4.323753305753539299e-03,4.327799345603010849e-03,6.724944414202118845e-03,2.767202115682265173e+01,2.769791581185926788e+01,2.151982212544677964e+01,2.767202115682265173e+01,2.306692772823861048e+02
7.110000000000000320e+00,3.240266849607870061e-03,7.034898586334200309e-03,1.360295281320028291e-02,3.240266849607870061e-03,3.794631736726330248e-03,6.568054226866082597e-03,2.073770783749036895e+01,2.428564311504851503e+01,2.101777352597146376e+01,2.073770783749036895e+01,1.981233734355310219e+02
7.120000000000000107e+00,2.133766213036506019e-03,5.359350913765385110e-03,1.164932445387951120e-02,2.133766213036506019e-03,3.225584700728879092e-03,6.289973540114126085e-03,1.365610376343363797e+01,2.064374208466482585e+01,2.012791532836520503e+01,1.365610376343363797e+01,1.632832835293909852e+02
7.129999999999999893e+00,1.023659819391353277e-03,3.645580516743946072e-03,9.526124065867135060e-03,1.023659819391353277e-03,2.621920697352593012e-03,5.880543549123188989e-03,6.551422844104661358e+00,1.678029246305659683e+01,1.881773935719420621e+01,6.551422844104661358e+00,1.264483639930663799e+02
7.139999999999999680e+00,-6.764987902132918419e-05,1.917107336684562100e-03,7.250980642912635207e-03,-6.764987902132918419e-05,1.984757215705891271e-03,5.333873306228073541e-03,-4.329592257365068031e-01,1.270244618051770402e+01,1.706839457992983711e+01,-4.329592257365068031e-01,8.801364460413310553e+01
7.150000000000000355e+00,-1.114525874381550779e-03,2.011053685043138757e-04,4.849657501413801378e-03,-1.114525874381550779e-03,1.315631242885864681e-03,4.648552132909487475e-03,-7.132965596041924705e+00,8.420039954469533683e+00,1.487536682531036014e+01,-7.132965596041924705e+00,4.848732355121391890e+01
7.160000000000000142e+00,-2.089661370627490973e-03,-1.472474396426265170e-03,2.355224174564123085e-03,-2.089661370627490973e-03,6.171869742012258027e-04,3.827698570990388256e-03,-1.337383277201594289e+01,3.949996634887845026e+00,1.224863542716924236e+01,-1.337383277201594289e+01,8.474397870123425491e+00
7.169999999999999929e+00,-2.967275839591710946e-03,-3.073408428040678986e-03,-1.945327867029578238e-04,-2.967275839591710946e-03,-1.061325884489680398e-04,2.878875641337721135e-03,-1.899056537338694994e+01,-6.792485660733954544e-01,9.212402052280706855e+00,-1.899056537338694994e+01,-3.137223566153890886e+01
7.179999999999999716e+00,-3.725987430427845325e-03,-4.573520940211034218e-03,-2.759615832936076433e-03,-3.725987430427845325e-03,-8.475335097831888931e-04,1.813905107274957785e-03,-2.384631955473820852e+01,-5.424214462612408916e+00,5.804496343279865300e+00,-2.384631955473820852e+01,-7.039811302221224310e+01
7.190000000000000391e+00,-4.350277439311051562e-03,-5.947846381819342325e-03,-5.299236772594338903e-03,-4.350277439311051562e-03,-1.597568942508290762e-03,6.486096092250034223e-04,-2.784177561159073022e+01,-1.022444123205305999e+01,2.075550749520011173e+00,-2.784177561159073022e+01,-1.079719982823713451e+02
7.200000000000000178e+00,-4.831105294714682814e-03,-7.175249367962635919e-03,-7.772746547270827262e-03,-4.831105294714682814e-03,-2.344144073247953104e-03,-5.974971793081913438e-04,-3.091907388617396890e+01,-1.500252206878690053e+01,-1.911990973786212411e+00,-3.091907388617396890e+01,-1.435007607862412442e+02
7.209999999999999964e+00,-5.166356348938358663e-03,-8.239199727734368428e-03,-1.014076312453521256e-02,-5.166356348938358663e-03,-3.072843378796009765e-03,-1.901563396800844130e-03,-3.306468063320549788e+01,-1.966619762429446183e+01,-6.085002869762701216e+00,-3.306468063320549788e+01,-1.764476433817879979e+02
7.219999999999999751e+00,-5.361163320436467677e-03,-9.128729933325465881e-03,-1.236652736160699304e-02,-5.361163320436467677e-03,-3.767566612888998204e-03,-3.237797428281527154e-03,-3.431144525079339047e+01,-2.411242632248958984e+01,-1.036095177050088623e+01,-3.431144525079339047e+01,-2.063544700313515818e+02
7.230000000000000426e+00,-5.428120812234646549e-03,-9.839556217464240362e-03,-1.441748103518656135e-02,-5.428120812234646549e-03,-4.411435405229593813e-03,-4.577924817722320988e-03,-3.473997319830174035e+01,-2.823318659346940152e+01,-1.464935941671142672e+01,-3.473997319830174035e+01,-2.328675576254477164e+02
7.240000000000000213e+00,-5.387405972414736899e-03,-1.037531819189488856e-02,-1.626704240810115248e-02,-5.387405972414736899e-03,-4.987912219480151663e-03,-5.891724216206263923e-03,-3.447939822345431793e+01,-3.192263820467297109e+01,-1.885351749186004611e+01,-3.447939822345431793e+01,-2.557666617599620054e+02
7.250000000000000000e+00,-5.266198053114376325e-03,-1.074824882875034457e-02,-1.789591562673773298e-02,-5.266198053114376325e-03,-5.482050775635968244e-03,-7.147666797987388410e-03,-3.370366753993200604e+01,-3.508512496407019654e+01,-2.287253375355964380e+01,-3.370366753993200604e+01,-2.749839787726855320e+02
7.259999999999999787e+00,-5.096624399421254871e-03,-1.097838625723054559e-02,-1.929206866654440203e-02,-5.096624399421254871e-03,-5.881761857809290721e-03,-8.313682409313856436e-03,-3.261839615629602918e+01,-3.764327588997946350e+01,-2.660378370980433971e+01,-3.261839615629602918e+01,-2.905963672682394758e+02
7.269999999999999574e+00,-4.912401927056103158e-03,-1.109134400637410214e-02,-2.044941221271286830e-02,-4.912401927056103158e-03,-6.178942079317998985e-03,-9.358068206338766154e-03,-3.143937233315905999e+01,-3.954522930763519639e+01,-2.994581826028405303e+01,-3.143937233315905999e+01,-3.027912597032349140e+02
7.280000000000000249e+00,-4.745311584426292403e-03,-1.111561669997290606e-02,-2.136615782405518194e-02,-4.745311584426292403e-03,-6.370305115546613661e-03,-1.025054112408227587e-02,-3.036999414032827005e+01,-4.076995273949832921e+01,-3.280173159706328079e+01,-3.036999414032827005e+01,-3.118250354306696295e+02
7.290000000000000036e+00,-4.622502389839884020e-03,-1.108029209360259469e-02,-2.204370738093254165e-02,-4.622502389839884020e-03,-6.457789703762710672e-03,-1.096341528732994695e-02,-2.958401529497525928e+01,-4.132985410408134896e+01,-3.508292891945583136e+01,-2.958401529497525928e+01,-3.179903949555372833e+02
7.299999999999999822e+00,-4.564700032002469779e-03,-1.101317987727424424e-02,-2.248604206477082534e-02,-4.564700032002469779e-03,-6.448479845271774466e-03,-1.147286218749658110e-02,-2.921408020481580792e+01,-4.127027100973935347e+01,-3.671315899998906218e+01,-2.921408020481580792e+01,-3.215925306436326423e+02
7.309999999999999609e+00,-4.584956335108329381e-03,-1.093899038801391700e-02,-2.269917901071399208e-02,-4.584956335108329381e-03,-6.354034052905587621e-03,-1.176018862270007508e-02,-2.934372054469330848e+01,-4.066581793859575811e+01,-3.763260359264023691e+01,-2.934372054469330848e+01,-3.229264262277879425e+02
7.320000000000000284e+00,-4.688077527757360946e-03,-1.087775261635104407e-02,-2.269080103519280356e-02,-4.688077527757360946e-03,-6.189675088593683122e-03,-1.181304841884175949e-02,-3.000369617764711094e+01,-3.961392056699957465e+01,-3.780175494029363392e+01,-3.000369617764711094e+01,-3.222581150548209621e+02
7.330000000000000071e+00,-4.871111853480415699e-03,-1.084395720951373404e-02,-2.247044902620153398e-02,-4.871111853480415699e-03,-5.972845356033318343e-03,-1.162649181668779994e-02,-3.117511586227465870e+01,-3.822621027861323739e+01,-3.720477381340096201e+01,-3.117511586227465870e+01,-3.198182998628665814e+02
7.339999999999999858e+00,-5.124508223563729870e-03,-1.084618484723742261e-02,-2.204993840076759082e-02,-5.124508223563729870e-03,-5.721676623673692744e-03,-1.120375355353016820e-02,-3.279685263080786939e+01,-3.661873039151163312e+01,-3.585201137129654114e+01,-3.279685263080786939e+01,-3.158027831808481665e+02
7.349999999999999645e+00,-5.433164617267123575e-03,-1.088660132810783179e-02,-2.144328966374738424e-02,-5.433164617267123575e-03,-5.453436710840708218e-03,-1.055668833563955245e-02,-3.477225355050958910e+01,-3.490199494938052993e+01,-3.378140267404656782e+01,-3.477225355050958910e+01,-3.103669535218100464e+02
7.360000000000000320e+00,-5.777526531171204953e-03,-1.096063152669166617e-02,-2.066641180802267219e-02,-5.777526531171204953e-03,-5.183104995520461215e-03,-9.705780281331006024e-03,-3.697616979949571459e+01,-3.317187197133095111e+01,-3.105849690025921817e+01,-3.697616979949571459e+01,-3.036196160132576551e+02
7.370000000000000107e+00,-6.135450086660547420e-03,-1.105766618265260903e-02,-1.973734583151624464e-02,-6.135450086660547420e-03,-4.922216095992061613e-03,-8.679679648863635605e-03,-3.926688055462750526e+01,-3.150218301434919255e+01,-2.777497487636363260e+01,-3.926688055462750526e+01,-2.956321153360210019e+02
7.379999999999999893e+00,-6.484479493268573147e-03,-1.116257447077951236e-02,-1.867682833768459852e-02,-6.484479493268573147e-03,-4.678094977510939209e-03,-7.514253866905086163e-03,-4.150066875691886992e+01,-2.993980785607001138e+01,-2.404561237409627594e+01,-4.150066875691886992e+01,-2.864582669612554469e+02
7.389999999999999680e+00,-6.803390026926013807e-03,-1.125695327142385745e-02,-1.750813112549896508e-02,-6.803390026926013807e-03,-4.453563244497843639e-03,-6.251177854075107634e-03,-4.354169617232648903e+01,-2.850280476478619818e+01,-2.000376913304034332e+01,-4.354169617232648903e+01,-2.761448102104591271e+02
7.400000000000000355e+00,-7.072869144523178872e-03,-1.131999821428566685e-02,-1.625612522757740111e-02,-7.072869144523178872e-03,-4.247129069762487982e-03,-4.936127013291734256e-03,-4.526636252494834167e+01,-2.718162604647992353e+01,-1.579560644253355051e+01,-4.526636252494834167e+01,-2.647307850418854400e+02
7.410000000000000142e+00,-7.276139194744788048e-03,-1.132975396770615623e-02,-1.494642488897886083e-02,-7.276139194744788048e-03,-4.053614772961368178e-03,-3.616670921272704606e-03,-4.656729084636664595e+01,-2.594313454695275567e+01,-1.157334694807265407e+01,-4.656729084636664595e+01,-2.522513170241761600e+02
7.419999999999999929e+00,-7.399722157882504883e-03,-1.126486193326641828e-02,-1.360485509549561739e-02,-7.399722157882504883e-03,-3.865139775383913401e-03,-2.339993162229199106e-03,-4.735822181044802903e+01,-2.473689456245704577e+01,-7.487978119133437360e+00,-4.735822181044802903e+01,-2.387492834761155223e+02
7.429999999999999716e+00,-7.434155210372263463e-03,-1.110650772311550308e-02,-1.225708833810316110e-02,-7.434155210372263463e-03,-3.672352512743239615e-03,-1.150580614987658026e-03,-4.757859334638248328e+01,-2.350305608155673198e+01,-3.681857967960505462e+00,-4.757859334638248328e+01,-2.242905221876991391e+02
7.440000000000000391e+00,-7.374828826912819407e-03,-1.084062075668923431e-02,-1.092865315765008220e-02,-7.374828826912819407e-03,-3.465791929776414898e-03,-8.803240096084789801e-05,-4.719890449224204332e+01,-2.218106835056905624e+01,-2.817036830747132736e-01,-4.719890449224204332e+01,-2.089850295776574285e+02
7.450000000000000178e+00,-7.222523394737506361e-03,-1.045977830155906882e-02,-9.644912456952273172e-03,-7.222523394737506361e-03,-3.237254906821562458e-03,8.148658446067956473e-04,-4.622414972632004293e+01,-2.071843140365799840e+01,2.607570702741746071e+00,-4.622414972632004293e+01,-1.930050312817088809e+02
7.459999999999999964e+00,-6.982497461267380030e-03,-9.963529734896418508e-03,-8.429857084617386684e-03,-6.982497461267380030e-03,-2.981032273629038477e-03,1.533672650279031824e-03,-4.468798375211122931e+01,-1.907860655122584603e+01,4.907752480892901836e+00,-4.468798375211122931e+01,-1.765765134673325463e+02
7.469999999999999751e+00,-6.662357034013074303e-03,-9.357216562254879605e-03,-7.303892937852976899e-03,-6.662357034013074303e-03,-2.694859528241805302e-03,2.053323624401902706e-03,-4.263908501768367643e+01,-1.724710098074755393e+01,6.570635598086088436e+00,-4.263908501768367643e+01,-1.599466512010354222e+02
7.480000000000000426e+00,-6.270444869133688648e-03,-8.650894159937297032e-03,-6.282293506322905036e-03,-6.270444869133688648e-03,-2.380449290803608384e-03,2.368600653614391996e-03,-4.013084716245560912e+01,-1.523487546114309410e+01,7.579522091566054165e+00,-4.013084716245560912e+01,-1.433586015960979410e+02
7.490000000000000213e+00,-5.815233550311533703e-03,-7.858770750087588561e-03,-5.374756110095274542e-03,-5.815233550311533703e-03,-2.043537199776054858e-03,2.484014639992314019e-03,-3.721749472199381614e+01,-1.307863807856675109e+01,7.948846847975405083e+00,-3.721749472199381614e+01,-1.270418578577555166e+02
7.500000000000000000e+00,-5.304617173374582238e-03,-6.998054575295267234e-03,-4.584930378477149876e-03,-5.304617173374582238e-03,-1.693437401920684995e-03,2.413124196818117358e-03,-3.394954990959732299e+01,-1.083799937229238353e+01,7.721997429817975878e+00,-3.394954990959732299e+01,-1.111966555562151910e+02
7.509999999999999787e+00,-4.745122732409190643e-03,-6.087272715621649087e-03,-3.909917171012197191e-03,-4.745122732409190643e-03,-1.342149983212458444e-03,2.177355544609451896e-03,-3.036878548741881900e+01,-8.589759892559733601e+00,6.967537742750246288e+00,-3.036878548741881900e+01,-9.597302291168490740e+01
7.519999999999999574e+00,-4.142257712097760849e-03,-5.145374440021642688e-03,-3.340948977440172905e-03,-4.142257712097760849e-03,-1.003116727923881839e-03,1.804425462581469783e-03,-2.651044935742567077e+01,-6.419947058712843990e+00,5.774161480260703527e+00,-2.651044935742567077e+01,-8.146870480763342925e+01
7.530000000000000249e+00,-3.501636796503238610e-03,-4.191415626900765225e-03,-2.864919763223188701e-03,-3.501636796503238610e-03,-6.897788303975266148e-04,1.326495863677576523e-03,-2.241047549762072677e+01,-4.414584514544170446e+00,4.244786763768244597e+00,-2.241047549762072677e+01,-6.774081974518996674e+01
7.540000000000000036e+00,-2.829366932428170958e-03,-3.243475809241233489e-03,-2.465273039383488688e-03,-2.829366932428170958e-03,-4.141088768130625312e-04,7.782027698577448013e-04,-1.810794836754029546e+01,-2.650296811603600311e+00,2.490248863544783475e+00,-1.810794836754029546e+01,-5.480398894679733957e+01
7.549999999999999822e+00,-2.132163535403022985e-03,-2.317437638794938269e-03,-2.122734094415381148e-03,-2.132163535403022985e-03,-1.852741033919152840e-04,1.947035443795571211e-04,-1.364584662657934722e+01,-1.185754261708257928e+00,6.230513420145827874e-01,-1.364584662657934722e+01,-4.262564863881907229e+01
7.559999999999999609e+00,-1.418887199438554399e-03,-1.427472384610247455e-03,-1.817597655958857767e-03,-1.418887199438554399e-03,-8.585185171693055992e-06,-3.901252713486103117e-04,-9.080878076406747823e+00,-5.494518509883555835e-02,-1.248400868315552970e+00,-9.080878076406747823e+00,-3.115267238946340811e+01
7.570000000000000284e+00,-7.026684503720566398e-04,-5.875530837711475610e-04,-1.532783502699319039e-03,-7.026684503720566398e-04,1.151153666009090788e-04,-9.452304189281714782e-04,-4.497078082381162467e+00,7.367383462458181320e-01,-3.024737340570148536e+00,-4.497078082381162467e+00,-2.035523123011647684e+01
7.580000000000000071e+00,-1.017512742072818421e-06,1.885104283321248375e-04,-1.255077905483967813e-03,-1.017512742072818421e-06,1.895279410741976440e-04,-1.443588333816092596e-03,-6.512081549266038327e-03,1.212978822874865026e+00,-4.619482668211496446e+00,-6.512081549266038327e-03,-1.023904778065769605e+01
7.589999999999999858e+00,6.660602115665265619e-04,8.885018210835456468e-04,-9.745349521085911772e-04,6.660602115665265619e-04,2.224416095170190849e-04,-1.863036773192136824e-03,4.262785354025769635e+00,1.423626300908922060e+00,-5.961717674214837892e+00,4.262785354025769635e+00,-8.259180578404397011e-01
7.599999999999999645e+00,1.277356484803676695e-03,1.502188435467112677e-03,-6.845416279770808084e-04,1.277356484803676695e-03,2.248319506634359824e-04,-2.186730063444193486e-03,8.175081502743530848e+00,1.438924484245990287e+00,-6.997536203021419432e+00,8.175081502743530848e+00,7.849409351904299115e+00
7.610000000000000320e+00,1.810275382009963454e-03,2.019880302447005747e-03,-3.833691045802690815e-04,1.810275382009963454e-03,2.096049204370422931e-04,-2.403249407027274829e-03,1.158576244486376616e+01,1.341471490797070620e+00,-7.690398102487279175e+00,1.158576244486376616e+01,1.571050749952067349e+01
7.620000000000000107e+00,2.240976130802406659e-03,2.431066299521783200e-03,-7.536037258801599225e-05,2.240976130802406659e-03,1.900901687193765413e-04,-2.506426672109799206e-03,1.434224723713540328e+01,1.216577079804009864e+00,-8.020565350751358125e+00,1.434224723713540328e+01,2.261477689856417328e+01
7.629999999999999893e+00,2.546212278829811625e-03,2.724643836393773801e-03,2.296848483113902550e-04,2.546212278829811625e-03,1.784315575639621766e-04,-2.494958988082383519e-03,1.629575858451079284e+01,1.141961968409357819e+00,-7.983868761863627483e+00,1.629575858451079284e+01,2.836155537316956554e+01
7.639999999999999680e+00,2.706086160580465066e-03,2.890154305733518610e-03,5.182544107346447569e-04,2.706086160580465066e-03,1.840681451530535445e-04,-2.371899894998873853e-03,1.731895142771497476e+01,1.178036128979542685e+00,-7.590079663996396775e+00,1.731895142771497476e+01,3.272072367809435889e+01
7.650000000000000355e+00,2.706259295118536735e-03,2.918758275997112780e-03,7.746487516463437589e-04,2.706259295118536735e-03,2.124989808785760458e-04,-2.144109524350768913e-03,1.732005948875863410e+01,1.359993477622886804e+00,-6.861150477922460134e+00,1.732005948875863410e+01,3.545670746537717832e+01
7.660000000000000142e+00,2.539187337877075751e-03,2.803666930981738546e-03,9.819345561532450469e-04,2.539187337877075751e-03,2.644795931046627947e-04,-1.821732374828493499e-03,1.625079896241328470e+01,1.692669395869841775e+00,-5.829543599451179503e+00,1.625079896241328470e+01,3.634177427649584757e+01
7.669999999999999929e+00,2.204994420509137978e-03,2.540734735360096388e-03,1.122985262290791255e-03,2.204994420509137978e-03,3.357403148509584094e-04,-1.417749473069305132e-03,1.411196429125848262e+01,2.148738015046133931e+00,-4.536798313821776674e+00,1.411196429125848262e+01,3.517171197744852407e+01
7.679999999999999716e+00,1.712327204569593720e-03,2.129593652342886244e-03,1.181968264638257526e-03,1.712327204569593720e-03,4.172664477732925242e-04,-9.476253877046287178e-04,1.095889410924539931e+01,2.670505265749071988e+00,-3.032401240654811758e+00,1.095889410924539931e+01,3.179099440301897772e+01
7.690000000000000391e+00,1.078410789911611297e-03,1.574535722740791647e-03,1.145492622973882024e-03,1.078410789911611297e-03,4.961249328291803505e-04,-4.290430997669096233e-04,6.901829055434312465e+00,3.175199570106754354e+00,-1.372937919254110906e+00,6.901829055434312465e+00,2.611227211886086508e+01
7.700000000000000178e+00,3.276383932447083313e-04,8.843883193135503766e-04,1.002693425569492437e-03,3.276383932447083313e-04,5.567499260688420996e-04,1.183051062559420602e-04,2.096885716766133445e+00,3.563199526840589382e+00,3.785763400190145789e-01,2.096885716766133445e+00,1.811598475087721383e+01
7.709999999999999964e+00,-5.102863100893640031e-04,7.225188724803794846e-05,7.451729070946914611e-04,-5.102863100893640031e-04,5.825381973374019109e-04,6.729210198466535533e-04,-3.265832384571929481e+00,3.728244462959372285e+00,2.153347263509291398e+00,-3.265832384571929481e+00,7.847278025690204828e+00
7.719999999999999751e+00,-1.401267513720639256e-03,-8.436773354031199164e-04,3.680807614491594893e-04,-1.401267513720639256e-03,5.575901783175193395e-04,1.211758096852279514e-03,-8.968112087812091460e+00,3.568577141232123662e+00,3.877625909927294501e+00,-8.968112087812091460e+00,-4.565727109958018559e+00
7.730000000000000426e+00,-2.307498425262947093e-03,-1.839053065664140356e-03,-1.284594828686026172e-04,-2.307498425262947093e-03,4.684453595988067372e-04,1.710593582795537793e-03,-1.476798992168286162e+01,2.998050301432363174e+00,5.473899464945721327e+00,-1.476798992168286162e+01,-1.888812046591434068e+01
7.740000000000000213e+00,-3.189559145649243331e-03,-2.883903501063891060e-03,-7.393366272293995468e-04,-3.189559145649243331e-03,3.056556445853522708e-04,2.144566873834491405e-03,-2.041317853215515754e+01,1.956196125346254533e+00,6.862613996270372496e+00,-2.041317853215515754e+01,-3.478310523161559331e+01
7.750000000000000000e+00,-4.009499118213352871e-03,-3.944472991557907912e-03,-1.455554532201101944e-03,-4.009499118213352871e-03,6.502612665544495879e-05,2.488918459356805751e-03,-2.566079435656545726e+01,4.161672105948477363e-01,7.964539069941778848e+00,-2.566079435656545726e+01,-5.184026422808648249e+01
7.759999999999999787e+00,-4.733122205710805358e-03,-4.984743763570629281e-03,-2.264805034653021715e-03,-4.733122205710805358e-03,-2.516215578598239230e-04,2.719938728917607566e-03,-3.029198211654915340e+01,-1.610377970302873107e+00,8.703803932536343879e+00,-3.029198211654915340e+01,-6.959566846294701747e+01
7.769999999999999574e+00,-5.331321981359509257e-03,-5.967564306177198033e-03,-3.151458262746518763e-03,-5.331321981359509257e-03,-6.362423248176887758e-04,2.816106043430679270e-03,-3.412046068070085880e+01,-4.071950878833208165e+00,9.011539338978174385e+00,-3.412046068070085880e+01,-8.754261666166769373e+01
7.780000000000000249e+00,-5.781426425555163257e-03,-6.856360189433903171e-03,-4.096997506225476260e-03,-5.781426425555163257e-03,-1.074933763878739915e-03,2.759362683208426911e-03,-3.700112912355304218e+01,-6.879576088823935009e+00,8.829960586266965450e+00,-3.700112912355304218e+01,-1.051522338783300228e+02
7.790000000000000036e+00,-6.068225063560457253e-03,-7.617066672935543688e-03,-5.080617373105768449e-03,-6.068225063560457253e-03,-1.548841609375086435e-03,2.536449299829775239e-03,-3.883664040678692686e+01,-9.912586300000553408e+00,8.116637759455279877e+00,-3.883664040678692686e+01,-1.218977668419965994e+02
7.799999999999999822e+00,-6.183879858243764016e-03,-8.219392799624816726e-03,-6.079196099702350795e-03,-6.183879858243764016e-03,-2.035512941381052709e-03,2.140196699922465931e-03,-3.957683109276008793e+01,-1.302728282483873734e+01,6.848629439751890757e+00,-3.957683109276008793e+01,-1.372664534335408177e+02
7.809999999999999609e+00,-6.127397215286123702e-03,-8.637951250128589331e-03,-7.067290008851749572e-03,-6.127397215286123702e-03,-2.510554034842465629e-03,1.570661241276839759e-03,-3.921534217783118947e+01,-1.606754582299177869e+01,5.026115972085887229e+00,-3.921534217783118947e+01,-1.507703160862112384e+02
7.820000000000000284e+00,-5.904360248986536240e-03,-8.853790778249171975e-03,-8.017802026527217144e-03,-5.904360248986536240e-03,-2.949430529262635735e-03,8.359887517219548314e-04,-3.778790559351383394e+01,-1.887635538728086715e+01,2.675164005510255461e+00,-3.778790559351383394e+01,-1.619672909258533480e+02
7.830000000000000071e+00,-5.526139118959095403e-03,-8.855384032709009978e-03,-8.902481912937371816e-03,-5.526139118959095403e-03,-3.329244913749914575e-03,-4.709788022836183807e-05,-3.536729036133821324e+01,-2.130716744799945417e+01,-1.507132167307578818e-01,-3.536729036133821324e+01,-1.704755130782052674e+02
7.839999999999999858e+00,-5.008351391394763250e-03,-8.638675462755809539e-03,-9.691946423422871312e-03,-5.008351391394763250e-03,-3.630324071361046290e-03,-1.053270960667061773e-03,-3.205344890492648346e+01,-2.323407405671069625e+01,-3.370467074134597674e+00,-3.205344890492648346e+01,-1.759739701073152958e+02
7.849999999999999645e+00,-4.369956311984142874e-03,-8.207430344288887264e-03,-1.035651302763691307e-02,-4.369956311984142874e-03,-3.837474032304744390e-03,-2.149082683348025810e-03,-2.796772039669851395e+01,-2.455983380675036543e+01,-6.877064586713682814e+00,-2.796772039669851395e+01,-1.782138563704876901e+02
7.860000000000000320e+00,-3.633137108517683813e-03,-7.573953863668101902e-03,-1.086793122207264928e-02,-3.633137108517683813e-03,-3.940816755150417655e-03,-3.293977358404547376e-03,-2.325207749451317696e+01,-2.522122723296267210e+01,-1.054072754689455138e+01,-2.325207749451317696e+01,-1.770420968231111942e+02
7.870000000000000107e+00,-2.822161543218497208e-03,-6.758328839272759875e-03,-1.120013481095178884e-02,-2.822161543218497208e-03,-3.936167296054262667e-03,-4.441805971679028964e-03,-1.806183387659838147e+01,-2.519147069474728085e+01,-1.421377910937289357e+01,-1.806183387659838147e+01,-1.724012510421556499e+02
7.879999999999999893e+00,-1.961399691562269211e-03,-5.786328514808447912e-03,-1.132910643914632545e-02,-1.961399691562269211e-03,-3.824928823246178701e-03,-5.542777924337877540e-03,-1.255295802599852273e+01,-2.447954446877554346e+01,-1.773688935788120702e+01,-1.255295802599852273e+01,-1.643081755579658250e+02
7.889999999999999680e+00,-1.075134857516137467e-03,-4.688669912707560915e-03,-1.123441825092708068e-02,-1.075134857516137467e-03,-3.613535055191423664e-03,-6.545748338219519770e-03,-6.880863088103279956e+00,-2.312662435322511101e+01,-2.094639468230246493e+01,-6.880863088103279956e+00,-1.528616463708925721e+02
7.900000000000000355e+00,-1.890016706322301704e-04,-3.501556380777026082e-03,-1.090226682735331507e-02,-1.890016706322301704e-04,-3.312554710144795939e-03,-7.400710446576289417e-03,-1.209610692046273028e+00,-2.120035014492669490e+01,-2.368227342904412680e+01,-1.209610692046273028e+00,-1.382767027980512751e+02
7.910000000000000142e+00,6.706832051723983197e-04,-2.264914522683794933e-03,-1.032625927683003715e-02,6.706832051723983197e-04,-2.935597727856193145e-03,-8.061344754146241784e-03,4.292372513103349441e+00,-1.878782545827963446e+01,-2.579630321326797215e+01,4.292372513103349441e+00,-1.208752684753327742e+02
7.919999999999999929e+00,1.480579729240563865e-03,-1.017524730111422828e-03,-9.504994826954481571e-03,1.480579729240563865e-03,-2.498104459351986693e-03,-8.487470096843058309e-03,9.475710267139609400e+00,-1.598786853985271428e+01,-2.715990430989778659e+01,9.475710267139609400e+00,-1.010161877478326744e+02
7.929999999999999716e+00,2.223029033970134495e-03,2.069655460076494206e-04,-8.440279171346137116e-03,2.223029033970134495e-03,-2.016063487962484885e-03,-8.647244717353785859e-03,1.422738581740886055e+01,-1.290280632295990415e+01,-2.767118309553211475e+01,1.422738581740886055e+01,-7.903981080324948039e+01
7.940000000000000391e+00,2.885260032186802003e-03,1.380504372397877788e-03,-7.138473313262387598e-03,2.885260032186802003e-03,-1.504755659788924215e-03,-8.518977685660265170e-03,1.846566420599553382e+01,-9.630436222649114697e+00,-2.726072859411284810e+01,1.846566420599553382e+01,-5.527650183229928871e+01
7.950000000000000178e+00,3.457407394810949573e-03,2.479727374230932414e-03,-5.612706373854383507e-03,3.457407394810949573e-03,-9.776800205800171596e-04,-8.092433748085315487e-03,2.212740732679007749e+01,-6.257152131712110155e+00,-2.589578799387301089e+01,2.212740732679007749e+01,-3.007659839638512267e+01
7.959999999999999964e+00,3.932013113450850104e-03,3.486218230932903572e-03,-3.883329553917299216e-03,3.932013113450850104e-03,-4.457948825179465328e-04,-7.369547784850202787e-03,2.516488392608544089e+01,-2.853087248114857921e+00,-2.358255291152065070e+01,2.516488392608544089e+01,-3.812268700650207620e+00
7.969999999999999751e+00,4.304400900265507868e-03,4.387264839687035275e-03,-1.977240491030023400e-03,4.304400900265507868e-03,8.286393942152740777e-05,-6.364505330717059109e-03,2.754816576169925213e+01,5.303292122977754097e-01,-2.036641705829459070e+01,2.754816576169925213e+01,2.313623374710729763e+01
7.980000000000000426e+00,4.572857178754407594e-03,5.176039273043206435e-03,7.285060135616936458e-05,4.572857178754407594e-03,6.031820942887988410e-04,-5.103188671687037409e-03,2.926628594402820838e+01,3.860365403448312804e+00,-1.633020374939852104e+01,2.926628594402820838e+01,5.038934279423401108e+01
7.990000000000000213e+00,4.739486701640682406e-03,5.852112328830645464e-03,2.230082570448483573e-03,4.739486701640682406e-03,1.112625627189963058e-03,-3.622029758382161891e-03,3.033271489050036607e+01,7.120804014015763350e+00,-1.159049522682291844e+01,3.033271489050036607e+01,7.758907103307960540e+01
8.000000000000000000e+00,4.811769315224916944e-03,6.422426019718929791e-03,4.456078309213996023e-03,4.811769315224916944e-03,1.610656704494012846e-03,-1.966347710504933767e-03,3.079532361743946822e+01,1.030820290876168244e+01,-6.292312673615787944e+00,3.079532361743946822e+01,1.044336415577560615e+02
8.009999999999999787e+00,4.802659721367503846e-03,6.900680058356878539e-03,6.712403036456248209e-03,4.802659721367503846e-03,2.098020336989374693e-03,-1.882770219006303300e-04,3.073702221675202395e+01,1.342733015673199759e+01,-6.024864700820170560e-01,3.073702221675202395e+01,1.306855977102060251e+02
8.019999999999999574e+00,4.728399658782135931e-03,7.304377946464299214e-03,8.959966094678608467e-03,4.728399658782135931e-03,2.575978287682163283e-03,1.655588148214309253e-03,3.026175781620566951e+01,1.648626104116584656e+01,5.297882074285789500e+00,3.026175781620566951e+01,1.561377027949719150e+02
8.029999999999999361e+00,4.606105978388959354e-03,7.651637001455747177e-03,1.115833424130568095e-02,4.606105978388959354e-03,3.045531023066787822e-03,3.506697239849933777e-03,2.947907826168933809e+01,1.949139854762744051e+01,1.122143116751978731e+01,2.947907826168933809e+01,1.805757239305096959e+02
8.039999999999999147e+00,4.452758787910433315e-03,7.959438904056113928e-03,1.326649363032119701e-02,4.452758787910433315e-03,3.506680116145680613e-03,5.307054726265083081e-03,2.849765624262677477e+01,2.244275274333235615e+01,1.698257512404826741e+01,2.849765624262677477e+01,2.037689523300221879e+02
8.050000000000000711e+00,4.284623983380531076e-03,8.242429013559293347e-03,1.524403474183933134e-02,4.284623983380531076e-03,3.957805030178762271e-03,7.001605728280037994e-03,2.742159349363539889e+01,2.532995219314407720e+01,2.240513833049612202e+01,2.742159349363539889e+01,2.254700520518267979e+02
8.060000000000000497e+00,4.115793714229375698e-03,8.511006063987464412e-03,1.705138150758850335e-02,4.115793714229375698e-03,4.395212349758088714e-03,8.540375443601038938e-03,2.634107977106800291e+01,2.812935903845176711e+01,2.732920141952332571e+01,2.634107977106800291e+01,2.453989206871292765e+02
8.070000000000000284e+00,3.956613090468861019e-03,8.769494398332570995e-03,1.864975665700278895e-02,3.956613090468861019e-03,4.812881307863709976e-03,9.880262258670217956e-03,2.532232377900071185e+01,3.080244037032774429e+01,3.161683922774469835e+01,2.532232377900071185e+01,2.632248101312194990e+02
8.080000000000000071e+00,3.813635652426593768e-03,9.016059044864041180e-03,2.000246844401648572e-02,3.813635652426593768e-03,5.202423392437447412e-03,1.098640939915244454e-02,2.440726817553019856e+01,3.329550971159966366e+01,3.515651007728781963e+01,2.440726817553019856e+01,2.785778638932530384e+02
8.089999999999999858e+00,3.690883110516997301e-03,9.244172572588240863e-03,2.107728119959050711e-02,3.690883110516997301e-03,5.553289462071243562e-03,1.183310862700226625e-02,2.362165190730878095e+01,3.554105255725595924e+01,3.786594760640725355e+01,2.362165190730878095e+01,2.910859562129159599e+02
8.099999999999999645e+00,3.590597374059255418e-03,9.443843411519239200e-03,2.184806404404976074e-02,3.590597374059255418e-03,5.853246037459984216e-03,1.240422063253052154e-02,2.297982319397923590e+01,3.746077463974389588e+01,3.969350602409767248e+01,2.297982319397923590e+01,3.004023115734624412e+02
8.109999999999999432e+00,3.512774358484660117e-03,9.601865835576288075e-03,2.229499377254169634e-02,3.512774358484660117e-03,6.089091477091627957e-03,1.269312793696540827e-02,2.248175589430182342e+01,3.897018545338642070e+01,4.061800939828930979e+01,2.248175589430182342e+01,3.062098522379326369e+02
8.119999999999999218e+00,3.454682678474799064e-03,9.702219597734046061e-03,2.240448369056754346e-02,3.454682678474799064e-03,6.247536919259246563e-03,1.270226409283349740e-02,2.210996914223871457e+01,3.998423628325917889e+01,4.064724509706719147e+01,2.210996914223871457e+01,3.082243515676952370e+02
8.130000000000000782e+00,3.411407242356509408e-03,9.727576981321855304e-03,2.216986238648675431e-02,3.411407242356509408e-03,6.316169738965345462e-03,1.244228540516489900e-02,2.183300635108166077e+01,4.042348632937821407e+01,3.981531329652767681e+01,2.183300635108166077e+01,3.062154179309626443e+02
8.140000000000000568e+00,3.376665146509787423e-03,9.661091717398640616e-03,2.159205906985604828e-02,3.376665146509787423e-03,6.284426570888852759e-03,1.193096735245740767e-02,2.161065693766263962e+01,4.022033005368865588e+01,3.817909552786370142e+01,2.161065693766263962e+01,3.000302475576449979e+02
8.150000000000000355e+00,3.342782208800138509e-03,9.487277158528237969e-03,2.067919401835223436e-02,3.342782208800138509e-03,6.144494949728099460e-03,1.119191685982399639e-02,2.139380613632088668e+01,3.932476767825983899e+01,3.581413395143678713e+01,2.139380613632088668e+01,2.895981232980525419e+02
8.160000000000000142e+00,3.300609765236209390e-03,9.192663804056509097e-03,1.944585684899746703e-02,3.300609765236209390e-03,5.892054038820300141e-03,1.025319304494095793e-02,2.112390249751173954e+01,3.770914584844992135e+01,3.281021774381106582e+01,2.112390249751173954e+01,2.749297982693181552e+02
8.169999999999999929e+00,3.240730464657423475e-03,8.767522805162799096e-03,1.791344620632911305e-02,3.240730464657423475e-03,5.526792340505375621e-03,9.145923401166313957e-03,2.074067497380751135e+01,3.537147097923440242e+01,2.926695488373220400e+01,2.074067497380751135e+01,2.561373025103223426e+02
8.179999999999999716e+00,3.154856145345660574e-03,8.207537250127830766e-03,1.611052851215596937e-02,3.154856145345660574e-03,5.052681104782170626e-03,7.902991262028138605e-03,2.019107933021222934e+01,3.233715907060589245e+01,2.528957203849004287e+01,2.019107933021222934e+01,2.334534313179244691e+02
8.189999999999999503e+00,3.035480986145283611e-03,7.513466088701618861e-03,1.407132146173116320e-02,3.035480986145283611e-03,4.477985102556335251e-03,6.557855373029544341e-03,1.942707831132981511e+01,2.865910465636054738e+01,2.098513719369454122e+01,1.942707831132981511e+01,2.072139604841547111e+02
8.199999999999999289e+00,2.874762976213636294e-03,6.689741184192050417e-03,1.183328530312374900e-02,2.874762976213636294e-03,3.814978207978414124e-03,5.143544118931698585e-03,1.839848304776727161e+01,2.441586053106184906e+01,1.645934118058143625e+01,1.839848304776727161e+01,1.778210542782316850e+02
8.210000000000000853e+00,2.664876980340658529e-03,5.744237913726726354e-03,9.436084404886215665e-03,2.664876980340658529e-03,3.079360933386067825e-03,3.691846491159489312e-03,1.705521267418021480e+01,1.970790997367083364e+01,1.181390877171036635e+01,1.705521267418021480e+01,1.457310942586842657e+02
8.220000000000000639e+00,2.399173398014002069e-03,4.688607778588812364e-03,6.921309511714783015e-03,2.399173398014002069e-03,2.289434380574810295e-03,2.232701733125970651e-03,1.535470974728961302e+01,1.465238003567878522e+01,7.144645546003106418e+00,1.535470974728961302e+01,1.114552059869145069e+02
8.230000000000000426e+00,2.071981425080062379e-03,3.537084121001119949e-03,4.330856329214064111e-03,2.071981425080062379e-03,1.465102695921057570e-03,7.937722082129441623e-04,1.326068112051240000e+01,9.376657253894768118e+00,2.540071066281421430e+00,1.326068112051240000e+01,7.553222832206577664e+01
8.240000000000000213e+00,1.677602514756078300e-03,2.304362410716152398e-03,1.704532727203737687e-03,1.677602514756078300e-03,6.267598959600740975e-04,-5.998296835124147103e-04,1.073665609443890112e+01,4.011263334144474335e+00,-1.919454987239727073e+00,1.073665609443890112e+01,3.848539332403095159e+01
8.250000000000000000e+00,1.210498583226179113e-03,1.004625239965851752e-03,-9.210741328102350564e-04,1.210498583226179113e-03,-2.058733432603273607e-04,-1.925699372776086809e-03,7.747190932647546546e+00,-1.317589396866094997e+00,-6.162237992883477844e+00,7.747190932647546546e+00,8.020906286939180063e-01
8.259999999999999787e+00,6.661785038872594092e-04,-3.486893345409151066e-04,-3.512915538410592287e-03,6.661785038872594092e-04,-1.014867838428174570e-03,-3.164226203869677234e-03,4.263542424878460579e+00,-6.495154165940316915e+00,-1.012552385238296715e+01,4.263542424878460579e+00,-3.707140678033447045e+01
8.269999999999999574e+00,4.114666924818984772e-05,-1.743921245035009917e-03,-6.042571285015510378e-03,4.114666924818984772e-05,-1.785067914283199704e-03,-4.298650039980500895e-03,2.633386831884150237e-01,-1.142443465141247749e+01,-1.375568012793760353e+01,2.633386831884150237e-01,-7.475032828848500799e+01
8.279999999999999361e+00,-6.672503967074147309e-04,-3.172123223593013679e-03,-8.487247712391159798e-03,-6.672503967074147309e-04,-2.504872826885599056e-03,-5.315124488798146120e-03,-4.270402538927454472e+00,-1.603118609206783418e+01,-1.700839836415406836e+01,-4.270402538927454472e+00,-1.119299609854480622e+02
8.289999999999999147e+00,-1.459702787566372149e-03,-4.626459540049621642e-03,-1.082927208844451476e-02,-1.459702787566372149e-03,-3.166756752483249494e-03,-6.202812548394893120e-03,-9.342097840424781197e+00,-2.026724321589279754e+01,-1.984900015486365632e+01,-9.342097840424781197e+00,-1.483750236335437194e+02
8.300000000000000711e+00,-2.333711393123683378e-03,-6.101178540850254843e-03,-1.305520531046580439e-02,-2.333711393123683378e-03,-3.767467147726571465e-03,-6.954026769615549546e-03,-1.493575291599157318e+01,-2.411178974545005715e+01,-2.225288566276975999e+01,-1.493575291599157318e+01,-1.839012849726341585e+02
8.310000000000000497e+00,-3.283217848950581007e-03,-7.591091960411044427e-03,-1.515550213605203200e-02,-3.283217848950581007e-03,-4.307874111460463853e-03,-7.564410175640987576e-03,-2.101259423328371767e+01,-2.757039431334696999e+01,-2.420611256205116035e+01,-2.101259423328371767e+01,-2.183673033260455441e+02
8.320000000000000284e+00,-4.297378022905189165e-03,-9.089849777191714303e-03,-1.712298785107364829e-02,-4.297378022905189165e-03,-4.792471754286525137e-03,-8.033138073881933988e-03,-2.750321934659321244e+01,-3.067181922743376177e+01,-2.570604183642218743e+01,-2.750321934659321244e+01,-2.516432412313474742e+02
8.330000000000000071e+00,-5.358069524191507067e-03,-1.058659925279872328e-02,-1.894970511144572836e-02,-5.358069524191507067e-03,-5.228529728607216216e-03,-8.363105858647005078e-03,-3.429164495482564234e+01,-3.346259026308618445e+01,-2.676193874767041692e+01,-3.429164495482564234e+01,-2.835485218967467631e+02
8.339999999999999858e+00,-6.439232497961328884e-03,-1.206415298120911903e-02,-2.062520803834134303e-02,-6.439232497961328884e-03,-5.624920483247790141e-03,-8.561055057132224005e-03,-4.121108798695250641e+01,-3.599949109278585979e+01,-2.739537618282311726e+01,-4.121108798695250641e+01,-3.138178657876844682e+02
8.349999999999999645e+00,-7.509418435942491650e-03,-1.350015510117467954e-02,-2.213773696118178161e-02,-7.509418435942491650e-03,-5.990736665232187889e-03,-8.637581860007102069e-03,-4.806027799003194900e+01,-3.834071465748600360e+01,-2.764026195202272618e+01,-4.806027799003194900e+01,-3.421237637986220648e+02
8.359999999999999432e+00,-8.534533371848097849e-03,-1.486841143454849419e-02,-2.347538397069048183e-02,-8.534533371848097849e-03,-6.333878062700396341e-03,-8.606972536141987637e-03,-5.462101357982782446e+01,-4.053681960128253792e+01,-2.754231211565436155e+01,-5.462101357982782446e+01,-3.681004358902941931e+02
8.369999999999999218e+00,-9.479002755702427979e-03,-1.613877218576813266e-02,-2.462559177121198539e-02,-9.479002755702427979e-03,-6.659769430065704682e-03,-8.486819585443852731e-03,-6.066561763649553995e+01,-4.262252435242051263e+01,-2.715782267342032696e+01,-6.066561763649553995e+01,-3.913378939870091244e+02
8.380000000000000782e+00,-1.030762033907788554e-02,-1.727795674007911314e-02,-2.557534659548943434e-02,-1.030762033907788554e-02,-6.970336401001227603e-03,-8.297389855410321202e-03,-6.596877017009846611e+01,-4.461015296640785976e+01,-2.655164753731302696e+01,-6.596877017009846611e+01,-4.113917120214580336e+02
8.390000000000000568e+00,-1.098888380717730727e-02,-1.825224949289220439e-02,-2.631298895359809875e-02,-1.098888380717730727e-02,-7.263365685714897116e-03,-8.060739460705894366e-03,-7.032885636593476875e+01,-4.648554038857534465e+01,-2.579436627425886286e+01,-7.032885636593476875e+01,-4.278262890863069288e+02
8.400000000000000355e+00,-1.149715501381803721e-02,-1.902950302398923391e-02,-2.682910148922375629e-02,-1.149715501381803721e-02,-7.532348010171196692e-03,-7.799598465234522382e-03,-7.358179208843543506e+01,-4.820702726509566105e+01,-2.495871508875047340e+01,-7.358179208843543506e+01,-4.402426033268446872e+02
8.410000000000000142e+00,-1.181299142300876875e-02,-1.957981238675194496e-02,-2.711588999579850334e-02,-1.181299142300876875e-02,-7.766820963743176209e-03,-7.536077609046558379e-03,-7.560314510725612536e+01,-4.970765416795632774e+01,-2.411544834894898770e+01,-7.560314510725612536e+01,-4.482787428724842584e+02
8.419999999999999929e+00,-1.192413644404971551e-02,-1.987730352968872585e-02,-2.716757928054425175e-02,-1.192413644404971551e-02,-7.953167085639010342e-03,-7.290275750855525899e-03,-7.631447324191817927e+01,-5.090026934808966530e+01,-2.332888240273768332e+01,-7.631447324191817927e+01,-4.516308749782365908e+02
8.429999999999999716e+00,-1.182728449686325754e-02,-1.990309064587777316e-02,-2.698197792568484549e-02,-1.182728449686325754e-02,-8.075806149014515614e-03,-7.078887279807072330e-03,-7.569462077992484694e+01,-5.168515935369290304e+01,-2.265243929538263146e+01,-7.569462077992484694e+01,-4.500966582870011052e+02
8.439999999999999503e+00,-1.152780239299333424e-02,-1.964648372239490709e-02,-2.656040527967068812e-02,-1.152780239299333424e-02,-8.118681329401572846e-03,-6.913921557275781032e-03,-7.377793531515733605e+01,-5.195956050817006400e+01,-2.212454898328249797e+01,-7.377793531515733605e+01,-4.435861344198297047e+02
8.449999999999999289e+00,-1.103708106157190449e-02,-1.910394389010650409e-02,-2.590559276645772527e-02,-1.103708106157190449e-02,-8.066862828534599600e-03,-6.801648876351221173e-03,-7.063731879406019232e+01,-5.162792210262144010e+01,-2.176527640432390598e+01,-7.063731879406019232e+01,-4.320915519030165797e+02
8.460000000000000853e+00,-1.037021304091002849e-02,-1.827827117131582135e-02,-2.502014843485565743e-02,-1.037021304091002849e-02,-7.908058130405792863e-03,-6.741877263539836074e-03,-6.636936346182417878e+01,-5.061157203459707432e+01,-2.157400724332747544e+01,-6.636936346182417878e+01,-4.156648282192462034e+02
8.470000000000000639e+00,-9.544935380267537128e-03,-1.717879068730808825e-02,-2.390643278439462047e-02,-9.544935380267537128e-03,-7.633855307040551125e-03,-6.727642097086532214e-03,-6.108758643371223940e+01,-4.885667396505952809e+01,-2.152845471067690397e+01,-6.108758643371223940e+01,-3.944181453283459859e+02
8.480000000000000426e+00,-8.580625415237779635e-03,-1.582120574117034870e-02,-2.256656455554881605e-02,-8.580625415237779635e-03,-7.240580325932569061e-03,-6.745358814378467349e-03,-5.491600265752178700e+01,-4.633971408596843844e+01,-2.158514820601109463e+01,-5.491600265752178700e+01,-3.685225948485039567e+02
8.490000000000000213e+00,-7.497680705056614277e-03,-1.422737991224762993e-02,-2.100283150081688061e-02,-7.497680705056614277e-03,-6.729699207191015657e-03,-6.775451588569250672e-03,-4.798515651236233026e+01,-4.307007492602249954e+01,-2.168144508342160037e+01,-4.798515651236233026e+01,-3.382100295654192905e+02
8.500000000000000000e+00,-6.318173877069323263e-03,-1.242593725171219771e-02,-1.921936911680589832e-02,-6.318173877069323263e-03,-6.107763374642874443e-03,-6.793431865093700617e-03,-4.043631281324366711e+01,-3.908968559771439288e+01,-2.173898196829984286e+01,-4.043631281324366711e+01,-3.037949411377736624e+02
8.509999999999999787e+00,-5.066060323203844598e-03,-1.045201328977856184e-02,-1.722337758286739823e-02,-5.066060323203844598e-03,-5.385952966574717241e-03,-6.771364293088836389e-03,-3.242278606850460676e+01,-3.447009898607819167e+01,-2.166836573788427600e+01,-3.242278606850460676e+01,-2.656837523774012197e+02
8.519999999999999574e+00,-3.765339129713312499e-03,-8.344615394717041709e-03,-1.502424216671834241e-02,-3.765339129713312499e-03,-4.579276265003729210e-03,-6.679626772001300700e-03,-2.409817043016520088e+01,-2.930736809602386828e+01,-2.137480567040416091e+01,-2.409817043016520088e+01,-2.243410325897796724e+02
8.529999999999999361e+00,-2.438374027274827459e-03,-6.143855056611958326e-03,-1.263270248769648475e-02,-2.438374027274827459e-03,-3.705481029337130867e-03,-6.488847431084526426e-03,-1.560559377455889596e+01,-2.371507858775763822e+01,-2.076431177947048567e+01,-1.560559377455889596e+01,-1.802549524253610684e+02
8.539999999999999147e+00,-1.106575955929093961e-03,-3.890360314056412645e-03,-1.006224640813707487e-02,-1.106575955929093961e-03,-2.783784358127318684e-03,-6.171886094080662223e-03,-7.082086117946201576e+00,-1.781621989201483913e+01,-1.975003550105811811e+01,-7.082086117946201576e+00,-1.339450245330574489e+02
8.550000000000000711e+00,2.088060812153074482e-04,-1.624769572007850674e-03,-7.330493096172686560e-03,2.088060812153074482e-04,-1.833575653223158122e-03,-5.705723524164835886e-03,1.336358919777967724e+00,-1.173488418062821204e+01,-1.825831527732747617e+01,1.336358919777967724e+00,-8.597052161453316899e+01
8.560000000000000497e+00,1.488297306479114410e-03,6.150806528320887888e-04,-4.458048400146816768e-03,1.488297306479114410e-03,-8.732166536470256212e-04,-5.073129052978905124e-03,9.525102761466332169e+00,-5.588586583340964253e+00,-1.623401296953249684e+01,9.525102761466332169e+00,-3.689249037422138144e+01
8.570000000000000284e+00,2.716028111401666643e-03,2.797021676049185179e-03,-1.466972354312935743e-03,2.716028111401666643e-03,8.099356464751853585e-05,-4.263994030362120921e-03,1.738257991297066596e+01,5.183588137441186294e-01,-1.364478089715878717e+01,1.738257991297066596e+01,1.276847348866800758e+01
8.580000000000000071e+00,3.878933784562680655e-03,4.894549976764206618e-03,1.618307171439895735e-03,3.878933784562680655e-03,1.015616192201525964e-03,-3.276242805324311100e-03,2.482517622120115774e+01,6.499943630089766167e+00,-1.048397697703779485e+01,2.482517622120115774e+01,6.252342862275938273e+01
8.589999999999999858e+00,4.965320516973750764e-03,6.885860891139853474e-03,4.769597110562613304e-03,4.965320516973750764e-03,1.920540374166102709e-03,-2.116263780577240169e-03,3.177805130863200489e+01,1.229145839466305645e+01,-6.772044097847168764e+00,3.177805130863200489e+01,1.118923968163436768e+02
8.599999999999999645e+00,5.965893628057906788e-03,8.754975712373538541e-03,7.956137188915746172e-03,5.965893628057906788e-03,2.789082084315631753e-03,-7.988385234577923683e-04,3.818171921957060277e+01,1.785012533962004255e+01,-2.556283275064935800e+00,3.818171921957060277e+01,1.604266838523771241e+02
8.609999999999999432e+00,6.875445778823220319e-03,1.049320447144032678e-02,1.114662163271694546e-02,6.875445778823220319e-03,3.617758692617106461e-03,6.534171612766186826e-04,4.400285298446861049e+01,2.315365563274948002e+01,2.090934916085180006e+00,4.400285298446861049e+01,2.077423305999098204e+02
8.619999999999999218e+00,7.691808929534772570e-03,1.209760382682843749e-02,1.430865732764751048e-02,7.691808929534772570e-03,4.405794897293664920e-03,2.211053500819072995e-03,4.922757714902254378e+01,2.819708734267945616e+01,7.075371202621033362e+00,4.922757714902254378e+01,2.535001070829691230e+02
8.630000000000000782e+00,8.413785442272505091e-03,1.356817293515819554e-02,1.740732623233575208e-02,8.413785442272505091e-03,5.154387492885690453e-03,3.839153297177556531e-03,5.384822683054403569e+01,3.298807995446841801e+01,1.228529055096818112e+01,5.384822683054403569e+01,2.973647920079419009e+02
8.640000000000000568e+00,9.042164711224083204e-03,1.490796342814454216e-02,2.040693044222884750e-02,9.042164711224083204e-03,5.865798716920458955e-03,5.498967014084305341e-03,5.786985415183413295e+01,3.754111178829093376e+01,1.759669444506977598e+01,5.786985415183413295e+01,3.390229811555844890e+02
8.650000000000000355e+00,9.582585350859986265e-03,1.612501798349100929e-02,2.327472285410514541e-02,9.582585350859986265e-03,6.542432632631023023e-03,7.149704870614136121e-03,6.132854624550391520e+01,4.187156884883854957e+01,2.287905558596523647e+01,6.132854624550391520e+01,3.782375120409230931e+02
8.660000000000000142e+00,1.004529608757803553e-02,1.723133824211748114e-02,2.598170985954952397e-02,1.004529608757803553e-02,7.186042154539445601e-03,8.750371617432042837e-03,6.428989496049942431e+01,4.599066978905245406e+01,2.800118917578253530e+01,6.428989496049942431e+01,4.148452617760032126e+02
8.669999999999999929e+00,1.044161635108057685e-02,1.823872921741331171e-02,2.850026531025924917e-02,1.044161635108057685e-02,7.797112866332734857e-03,1.026153609284593746e-02,6.682634464691568610e+01,4.990152234452950353e+01,3.283691549710700031e+01,6.682634464691568610e+01,4.486943474656565627e+02
8.679999999999999716e+00,1.078178038814444489e-02,1.915619429779776006e-02,3.080313398522171661e-02,1.078178038814444489e-02,8.374413909653315169e-03,1.164693968742395655e-02,6.900339448412444199e+01,5.359624902178121886e+01,3.727020699975665963e+01,6.900339448412444199e+01,4.796095515169869827e+02
8.689999999999999503e+00,1.107571618898095175e-02,1.999045963776039173e-02,3.286532369939275389e-02,1.107571618898095175e-02,8.914743448779439972e-03,1.287486406163236216e-02,7.088458360947808501e+01,5.705435807218841404e+01,4.119956499722356114e+01,7.088458360947808501e+01,5.074155200366701592e+02
8.699999999999999289e+00,1.133347443453027771e-02,2.074639421185776531e-02,3.466559333898903278e-02,1.133347443453027771e-02,9.412919777327487594e-03,1.391919912713126747e-02,7.253423638099377513e+01,6.024268657489592016e+01,4.454143720682005636e+01,7.253423638099377513e+01,5.319550804881291697e+02
8.710000000000000853e+00,1.156364085094545822e-02,2.142565871239196160e-02,3.618583486372585478e-02,1.156364085094545822e-02,9.862017861446503372e-03,1.476017615133389319e-02,7.400730144605093130e+01,6.311691431325762380e+01,4.723256368426845597e+01,7.400730144605093130e+01,5.530703383307310332e+02
8.720000000000000639e+00,1.177197055410477214e-02,2.202576799791907541e-02,3.741052285277937650e-02,1.177197055410477214e-02,1.025379744381430328e-02,1.538475485486030109e-02,7.534061154627053725e+01,6.562430364041154007e+01,4.923121553555296259e+01,7.534061154627053725e+01,5.705883921667051482e+02
8.730000000000000426e+00,1.196161208770155603e-02,2.254088173748557133e-02,3.832755701255933373e-02,1.196161208770155603e-02,1.057926964978401531e-02,1.578667527507376239e-02,7.655431736128996079e+01,6.770732575861769931e+01,5.051736088023604054e+01,7.655431736128996079e+01,5.843370120004310593e+02
8.740000000000000213e+00,1.213346533096179222e-02,2.296282622183932337e-02,3.892903038351843564e-02,1.213346533096179222e-02,1.082936089087753115e-02,1.596620416167911227e-02,7.765417811815547111e+01,6.930790970161619668e+01,5.109185331737315749e+01,7.765417811815547111e+01,5.941618234114343977e+02
8.750000000000000000e+00,1.228591006635409467e-02,2.328152854832791704e-02,3.921114956050107681e-02,1.228591006635409467e-02,1.099561848197382237e-02,1.592962101217315976e-02,7.862982442466621080e+01,7.037195828463246983e+01,5.097478723895411434e+01,7.862982442466621080e+01,5.999297098447583494e+02
8.759999999999999787e+00,1.241505629141564059e-02,2.348594994678919121e-02,3.917444950638674511e-02,1.241505629141564059e-02,1.107089365537355062e-02,1.568849955959755391e-02,7.945636026506009841e+01,7.085371939439072264e+01,5.020319859071216939e+01,7.945636026506009841e+01,6.015398347504890353e+02
8.769999999999999574e+00,1.251576403381983102e-02,2.356571842722977872e-02,3.882456474197716612e-02,1.251576403381983102e-02,1.104995439340994770e-02,1.525884631474738740e-02,8.010088981644692296e+01,7.071970811782367150e+01,4.882830820719163967e+01,8.010088981644692296e+01,5.989467184243867450e+02
8.779999999999999361e+00,1.258223964790152263e-02,2.351223168106255507e-02,3.817239071012035884e-02,1.258223964790152263e-02,1.092999203316103243e-02,1.466015902905780377e-02,8.052633374656974752e+01,6.995194901223061379e+01,4.691250889298497384e+01,8.052633374656974752e+01,5.921723749553559628e+02
8.789999999999999147e+00,1.260780645658766616e-02,2.331878387874368116e-02,3.723324874763771219e-02,1.260780645658766616e-02,1.071097742215601500e-02,1.391446486889403103e-02,8.068996132216106787e+01,6.855025550179848892e+01,4.452628758046090240e+01,8.068996132216106787e+01,5.812995132132614344e+02
8.800000000000000711e+00,1.258449344088056511e-02,2.298031192733351880e-02,3.602570261650628325e-02,1.258449344088056511e-02,1.039581848645295369e-02,1.304539068917276445e-02,8.054075802163561093e+01,6.653323831329890936e+01,4.174525020535284625e+01,8.054075802163561093e+01,5.664577396208620712e+02
8.810000000000000497e+00,1.250280580046185183e-02,2.249309141189631198e-02,3.457039802831801678e-02,1.250280580046185183e-02,9.990285611434460145e-03,1.207730661642170480e-02,8.001795712295584906e+01,6.393782791318054137e+01,3.864738117254945848e+01,8.001795712295584906e+01,5.478094986260575752e+02
8.820000000000000284e+00,1.235200673440196677e-02,2.185470664000007529e-02,3.288927718809055156e-02,1.235200673440196677e-02,9.502699905598108523e-03,1.103457054809047627e-02,7.905284310017258065e+01,6.081727939582789588e+01,3.531062575388952496e+01,7.905284310017258065e+01,5.255422447496700897e+02
8.830000000000000071e+00,1.212122633031052256e-02,2.106464442008260107e-02,3.100553151880993882e-02,1.212122633031052256e-02,8.943418089772078514e-03,9.940887098727337751e-03,7.757584851398733861e+01,5.723787577454130115e+01,3.181083871592748125e+01,7.757584851398733861e+01,4.998736890133683914e+02
8.839999999999999858e+00,1.180045942578606885e-02,2.012463559865278195e-02,2.894341757333832033e-02,1.180045942578606885e-02,8.324176172866713103e-03,8.818781974685538372e-03,7.552294032503084509e+01,5.327472750634696297e+01,2.822010231899372457e+01,7.552294032503084509e+01,4.710533104511146121e+02
8.849999999999999645e+00,1.138043581726235279e-02,1.903778563641629964e-02,2.672696850053395481e-02,1.138043581726235279e-02,7.657349819153946857e-03,7.689182864117655170e-03,7.283478923047906051e+01,4.900703884258525989e+01,2.460538516517649654e+01,7.283478923047906051e+01,4.393416397147224757e+02
8.859999999999999432e+00,1.085262478137044399e-02,1.780780444811229032e-02,2.437889531905795132e-02,1.085262478137044399e-02,6.955179666741846331e-03,6.571090870945660994e-03,6.945679860077083845e+01,4.451314986714781696e+01,2.102749078702611385e+01,6.945679860077083845e+01,4.049923177648342971e+02
8.869999999999999218e+00,1.021077313924462042e-02,1.643980557390371106e-02,2.192112829961576775e-02,1.021077313924462042e-02,6.229032434659090636e-03,5.481322725712056698e-03,6.534894809116556758e+01,3.986580758181818140e+01,1.754023272227858143e+01,6.534894809116556758e+01,3.682649651857869912e+02
8.880000000000000782e+00,9.452030684531220056e-03,1.494081439806788786e-02,1.937511867360225404e-02,9.452030684531220056e-03,5.488783713536667802e-03,4.434304275534366180e-03,6.049299638099980569e+01,3.512821576663467482e+01,1.418977368170997266e+01,6.049299638099980569e+01,3.294329574880333666e+02
8.890000000000000568e+00,8.575458519914808467e-03,1.331781874154194974e-02,1.675971825847123384e-02,8.575458519914808467e-03,4.742360221627141270e-03,3.441899516929284100e-03,5.488293452745477197e+01,3.035110541841370235e+01,1.101407845417370979e+01,5.488293452745477197e+01,2.887443552001265630e+02
8.900000000000000355e+00,7.579997153737322128e-03,1.157541590288511946e-02,1.408868032024460960e-02,7.579997153737322128e-03,3.995418749147797328e-03,2.513264417359490147e-03,4.851198178391886273e+01,2.557067999454590179e+01,8.042446135550369135e+00,4.851198178391886273e+01,2.463753237420453956e+02
8.910000000000000142e+00,6.465076581289857550e-03,9.716227687041905162e-03,1.137094723371880403e-02,6.465076581289857550e-03,3.251151105752047611e-03,1.654719546676898870e-03,4.137649012025509165e+01,2.080736707681310449e+01,5.295102549366076161e+00,4.137649012025509165e+01,2.024368792393028116e+02
8.919999999999999929e+00,5.232628410080076252e-03,7.742882620834105022e-03,8.612523494557116147e-03,5.232628410080076252e-03,2.510254210754028770e-03,8.696408737230111249e-04,3.348882182451248468e+01,1.606562694882578413e+01,2.782850795913635711e+00,3.348882182451248468e+01,1.570118987077557051e+02
8.929999999999999716e+00,3.887252543443870962e-03,5.658347445956436912e-03,5.816722094051521644e-03,3.887252543443870962e-03,1.771094902512565950e-03,1.583746480950847316e-04,2.487841627804077405e+01,1.133500737608042286e+01,5.067988739042711410e-01,2.487841627804077405e+01,1.101606675840764069e+02
8.939999999999999503e+00,2.435220855797942587e-03,3.465264728520497852e-03,2.983453475420994733e-03,2.435220855797942587e-03,1.030043872722555265e-03,-4.818112530995031194e-04,1.558541347710683311e+01,6.592280785424353695e+00,-1.541796009918410038e+00,1.558541347710683311e+01,6.190769475783833542e+01
8.949999999999999289e+00,8.851962992410859982e-04,1.167139515679028973e-03,1.104171106027393526e-04,8.851962992410859982e-04,2.819432164379429744e-04,-1.056722405076289525e-03,5.665256315142950250e+00,1.804436585202835008e+00,-3.381511696244126508e+00,5.665256315142950250e+00,1.226454361230497980e+01
8.960000000000000853e+00,-7.500019950328531276e-04,-1.229299409330433367e-03,-2.804458635254841476e-03,-7.500019950328531276e-04,-4.792974142975802397e-04,-1.575159225924408109e-03,-4.800012768210260461e+00,-3.067503451504513645e+00,-5.040509522958106281e+00,-4.800012768210260461e+00,-3.872407722801864338e+01
8.970000000000000639e+00,-2.453388965876315917e-03,-3.713380696966134611e-03,-5.762123646175855950e-03,-2.453388965876315917e-03,-1.259991731089818694e-03,-2.048742949209721338e-03,-1.570168938160842131e+01,-8.063947078974839755e+00,-6.555977437471108615e+00,-1.570168938160842131e+01,-9.096484169416311261e+01
8.980000000000000426e+00,-4.205226058120763687e-03,-6.271145695723834984e-03,-8.762770975666534998e-03,-4.205226058120763687e-03,-2.065919637603071297e-03,-2.491625279942700014e-03,-2.691344677197288604e+01,-1.322188568065965697e+01,-7.973200895816639822e+00,-2.691344677197288604e+01,-1.443256000453475281e+02
8.990000000000000213e+00,-5.983707124056955248e-03,-8.885309134939642015e-03,-1.180537448859450556e-02,-5.983707124056955248e-03,-2.901602010882686766e-03,-2.920065353654863541e-03,-3.829572559396451226e+01,-1.857025286964919530e+01,-9.344209131695563997e+00,-3.829572559396451226e+01,-1.986305627859277934e+02
9.000000000000000000e+00,-7.765137721278681827e-03,-1.153480283417031640e-02,-1.488666846032135962e-02,-7.765137721278681827e-03,-3.769665112891634577e-03,-3.351865626151043220e-03,-4.969688141618356525e+01,-2.412585672250646240e+01,-1.072597000368333831e+01,-4.969688141618356525e+01,-2.536461244271200997e+02
9.009999999999999787e+00,-9.524640424400586738e-03,-1.419497908415674227e-02,-1.800064783067294519e-02,-9.524640424400586738e-03,-4.670338659756155530e-03,-3.805668746516202919e-03,-6.095769871616375468e+01,-2.989016742243939717e+01,-1.217813998885185001e+01,-6.095769871616375468e+01,-3.090780183823650304e+02
9.019999999999999574e+00,-1.123673230542879785e-02,-1.683785542031094110e-02,-2.113798473907984449e-02,-1.123673230542879785e-02,-5.601123114882143247e-03,-4.300129318768903391e-03,-7.191508675474430845e+01,-3.584718793524571367e+01,-1.376041382006049041e+01,-7.191508675474430845e+01,-3.645680655301515571e+02
9.029999999999999361e+00,-1.287559086739641610e-02,-1.943223201853181911e-02,-2.428521864543183723e-02,-1.287559086739641610e-02,-6.556641151135403009e-03,-4.852986626900018113e-03,-8.240378155133706173e+01,-4.196250336726657792e+01,-1.552955720608005841e+01,-8.240378155133706173e+01,-4.196875263740511173e+02
9.039999999999999147e+00,-1.441644140393873522e-02,-2.194512385924376335e-02,-2.742519966873177562e-02,-1.441644140393873522e-02,-7.528682455305028137e-03,-5.480075809488012262e-03,-9.226522498520790805e+01,-4.818356771395217919e+01,-1.753624259036163835e+01,-9.226522498520790805e+01,-4.739551058685651697e+02
9.050000000000000711e+00,-1.583787162690778252e-02,-2.434433644416497677e-02,-3.053866167014743574e-02,-1.583787162690778252e-02,-8.506464817257194250e-03,-6.194325225982458966e-03,-1.013623784122098073e+02,-5.444137483044604409e+01,-1.982184072314386825e+01,-1.013623784122098073e+02,-5.268767818973991552e+02
9.060000000000000497e+00,-1.712255377227243566e-02,-2.659966780280018789e-02,-3.360446416061376590e-02,-1.712255377227243566e-02,-9.477114030527752225e-03,-7.004796357813578012e-03,-1.095843441425435856e+02,-6.065352979537761513e+01,-2.241534834500345141e+01,-1.095843441425435856e+02,-5.779596668487739635e+02
9.070000000000000284e+00,-1.825612071058850192e-02,-2.868242433674413408e-02,-3.659825206091532612e-02,-1.825612071058850192e-02,-1.042630362615563216e-02,-7.915827724171192042e-03,-1.168391725477664096e+02,-6.672834320739605118e+01,-2.533064871734781320e+01,-1.168391725477664096e+02,-6.266944934175307935e+02
9.080000000000000071e+00,-1.922727857230939821e-02,-3.056625121628914893e-02,-3.949259528374802347e-02,-1.922727857230939821e-02,-1.133897264397975072e-02,-8.926344067458874543e-03,-1.230545828627801512e+02,-7.256942492147040014e+01,-2.856430101586839854e+01,-1.230545828627801512e+02,-6.725649264003568533e+02
9.089999999999999858e+00,-2.002997082838540305e-02,-3.223005336222165701e-02,-4.225944006431709560e-02,-2.002997082838540305e-02,-1.220008253383625396e-02,-1.002938670209543859e-02,-1.281918133016665706e+02,-7.808052821655202536e+01,-3.209403744670539993e+01,-1.281918133016665706e+02,-7.150991368947719593e+02
9.099999999999999645e+00,-2.066430229818835840e-02,-3.365969793417971506e-02,-4.487160989592758192e-02,-2.066430229818835840e-02,-1.299539563599135666e-02,-1.121191196174786686e-02,-1.322515347084055009e+02,-8.317053207034467732e+01,-3.587811827759317396e+01,-1.322515347084055009e+02,-7.539005551690299853e+02
9.109999999999999432e+00,-2.113487432055628779e-02,-3.484708792162964641e-02,-4.730198028185582382e-02,-2.113487432055628779e-02,-1.371221360107335863e-02,-1.245489236022617741e-02,-1.352631956515602383e+02,-8.775816704686948810e+01,-3.985565555272376770e+01,-1.352631956515602383e+02,-7.886310547534603757e+02
9.119999999999999218e+00,-2.144941143940401473e-02,-3.578939779235482815e-02,-4.952313642396292959e-02,-2.144941143940401473e-02,-1.433998635295081342e-02,-1.373373863160810143e-02,-1.372762332121857014e+02,-9.177591265888520411e+01,-4.394796362114592370e+01,-1.372762332121857014e+02,-8.190003284766504521e+02
9.130000000000000782e+00,-2.161877993101996714e-02,-3.648951799676771607e-02,-5.150855893366311500e-02,-2.161877993101996714e-02,-1.487073806574774892e-02,-1.501904093689539893e-02,-1.383601915585277879e+02,-9.517272362078558956e+01,-4.806093099806527391e+01,-1.383601915585277879e+02,-8.447815385321359827e+02
9.140000000000000568e+00,-2.165551489974099769e-02,-3.695479522525091376e-02,-5.323240143362136662e-02,-2.165551489974099769e-02,-1.529928032550991607e-02,-1.627760620837045286e-02,-1.385952953583423835e+02,-9.791539408326346461e+01,-5.208833986678544647e+01,-1.385952953583423835e+02,-8.657970879251738552e+02
9.150000000000000355e+00,-2.157030305526587421e-02,-3.719346073893403659e-02,-5.466720766500933470e-02,-2.157030305526587421e-02,-1.562315768366816238e-02,-1.747374692607529811e-02,-1.380499395537015914e+02,-9.998820917547624276e+01,-5.591599016344095219e+01,-1.380499395537015914e+02,-8.818624166778563449e+02
9.160000000000000142e+00,-2.137046151502794422e-02,-3.721274949591844849e-02,-5.578350484940459292e-02,-2.137046151502794422e-02,-1.584228798089050427e-02,-1.857075535348614442e-02,-1.367709536961788501e+02,-1.013906430776992238e+02,-5.942641713115565949e+01,-1.367709536961788501e+02,-8.927640417151011434e+02
9.169999999999999929e+00,-2.106202321949943515e-02,-3.702038343765817752e-02,-5.655286279742860467e-02,-2.106202321949943515e-02,-1.595836021815874237e-02,-1.953247935977042715e-02,-1.347969486047963983e+02,-1.021335053962159520e+02,-6.250393395126536689e+01,-1.347969486047963983e+02,-8.983031638568331800e+02
9.179999999999999716e+00,-2.065136178862662930e-02,-3.662548556420278795e-02,-5.695039108500076636e-02,-2.065136178862662930e-02,-1.597412377557615865e-02,-2.032490552079797841e-02,-1.321687154472104169e+02,-1.022343921636874171e+02,-6.503969766655353624e+01,-1.321687154472104169e+02,-8.983284158323541533e+02
9.189999999999999503e+00,-2.014382904896129534e-02,-3.603649631013759735e-02,-5.695414996325758039e-02,-2.014382904896129534e-02,-1.589266726117630202e-02,-2.091765365311998304e-02,-1.289205059133522866e+02,-1.017130704715283400e+02,-6.693649168998393861e+01,-1.289205059133522866e+02,-8.927102042245937810e+02
9.199999999999999289e+00,-1.954301500968581157e-02,-3.525975648874587337e-02,-5.654504935251323389e-02,-1.954301500968581157e-02,-1.571674147906006180e-02,-2.128529286376736052e-02,-1.250752960619891923e+02,-1.005871454659843920e+02,-6.811293716405555188e+01,-1.250752960619891923e+02,-8.813261360760874368e+02
9.210000000000000853e+00,-1.885355210465455150e-02,-3.430177383889989468e-02,-5.571017573681288915e-02,-1.885355210465455150e-02,-1.544822173424534317e-02,-2.140840189791299447e-02,-1.206627334697891314e+02,-9.886861909917018920e+01,-6.850688607332158142e+01,-1.206627334697891314e+02,-8.641147159268426776e+02
9.220000000000000639e+00,-1.808411063007779943e-02,-3.317195533053338141e-02,-5.444627213005015509e-02,-1.808411063007779943e-02,-1.508784470045558199e-02,-2.127431679951677368e-02,-1.157383080324979119e+02,-9.656220608291572205e+01,-6.807781375845367222e+01,-1.157383080324979119e+02,-8.411349836216019185e+02
9.230000000000000426e+00,-1.724680708197207785e-02,-3.188209487615042970e-02,-5.275963029768214463e-02,-1.724680708197207785e-02,-1.463528779417835185e-02,-2.087753542153171493e-02,-1.103795653246212964e+02,-9.366584188274144651e+01,-6.680811334890148601e+01,-1.103795653246212964e+02,-8.125605616687927295e+02
9.240000000000000213e+00,-1.635491291158419624e-02,-3.044446050170605128e-02,-5.066423711910281180e-02,-1.635491291158419624e-02,-1.408954759012185504e-02,-2.021977661739676052e-02,-1.046714426341388560e+02,-9.017310457677987756e+01,-6.470328517566963455e+01,-1.046714426341388560e+02,-7.786434971597650474e+02
9.250000000000000000e+00,-1.542194028027257281e-02,-2.887147091683149938e-02,-4.818118841045854195e-02,-1.542194028027257281e-02,-1.344953063655892657e-02,-1.930971749362704257e-02,-9.870041779374446378e+01,-8.607699607397712782e+01,-6.179109597960653844e+01,-9.870041779374446378e+01,-7.397055295419843333e+02
9.259999999999999787e+00,-1.446067882213791789e-02,-2.717544681551964728e-02,-4.533789943523880428e-02,-1.446067882213791789e-02,-1.271476799338172939e-02,-1.816245261971915700e-02,-9.254834446168267448e+01,-8.137451515764307430e+01,-5.811984838310129931e+01,-9.254834446168267448e+01,-6.961281240072811443e+02
9.269999999999999574e+00,-1.347994640171436276e-02,-2.536607186100556244e-02,-4.216480480811961307e-02,-1.347994640171436276e-02,-1.188612545929119968e-02,-1.679873294711405063e-02,-8.627165697097191810e+01,-7.607120293946367440e+01,-5.375594543076496024e+01,-8.627165697097191810e+01,-6.482964160236016369e+02
9.279999999999999361e+00,-1.248121217573091440e-02,-2.344755675309687440e-02,-3.869160420818418961e-02,-1.248121217573091440e-02,-1.096634457736595999e-02,-1.524404745508731521e-02,-7.987975792467784686e+01,-7.018460529514214841e+01,-4.878095185627940822e+01,-7.987975792467784686e+01,-5.965359452282982602e+02
9.289999999999999147e+00,-1.145843654105058521e-02,-2.141873611623515070e-02,-3.494634329820221763e-02,-1.145843654105058521e-02,-9.960299575184565490e-03,-1.352760718196706693e-02,-7.333399386272374443e+01,-6.374591728118122091e+01,-4.328834298229461552e+01,-7.333399386272374443e+01,-5.411047623785987071e+02
9.300000000000000711e+00,-1.040030362900688787e-02,-1.927526257577751728e-02,-3.095654499550932678e-02,-1.040030362900688787e-02,-8.874958946770629409e-03,-1.168128241973180950e-02,-6.656194322564408594e+01,-5.679973725933202644e+01,-3.738010374314178819e+01,-6.656194322564408594e+01,-4.822253526843536520e+02
9.310000000000000497e+00,-9.292067565359286505e-03,-1.701116798085944640e-02,-2.674970130213255928e-02,-9.292067565359286505e-03,-7.719100415500159892e-03,-9.738533321273112886e-03,-5.946923241829943407e+01,-4.940224265920102198e+01,-3.116330662807396124e+01,-5.946923241829943407e+01,-4.201043451167232661e+02
9.320000000000000284e+00,-8.116994543455388969e-03,-1.461983291114810068e-02,-2.235319712871794082e-02,-8.116994543455388969e-03,-6.502838367692711716e-03,-7.733364217569840132e-03,-5.194876507811449073e+01,-4.161816555323335365e+01,-2.474676549622348887e+01,-5.194876507811449073e+01,-3.549410883827139855e+02
9.330000000000000071e+00,-6.858602555532472556e-03,-1.209564115538199619e-02,-1.779496480469200739e-02,-6.858602555532472556e-03,-5.237038599849523635e-03,-5.699323649310011203e-03,-4.389505635540782436e+01,-3.351704703903695304e+01,-1.823783567779203452e+01,-4.389505635540782436e+01,-2.869498172167104144e+02
9.339999999999999858e+00,-5.502814763448745164e-03,-9.435527105772410772e-03,-1.310409356831586034e-02,-5.502814763448745164e-03,-3.932712342323665608e-03,-3.668566462543449563e-03,-3.521801448607197216e+01,-2.516935899087145856e+01,-1.173941268013903816e+01,-3.521801448607197216e+01,-2.163803584712474049e+02
9.349999999999999645e+00,-4.038796011670499515e-03,-6.639260536716956596e-03,-8.310252120398790507e-03,-4.038796011670499515e-03,-2.600464525046457080e-03,-1.670991583681833911e-03,-2.584829447469119756e+01,-1.664297296029732465e+01,-5.347173067781868738e+00,-2.584829447469119756e+01,-1.435153215083111604e+02
9.359999999999999432e+00,-2.459351216309993166e-03,-3.709391505117345771e-03,-3.442859977531031752e-03,-2.459351216309993166e-03,-1.250040288807352604e-03,2.665315275863140189e-04,-1.573984778438395615e+01,-8.000257848367056113e+00,8.529008882762048049e-01,-1.573984778438395615e+01,-6.866161423342441594e+01
9.369999999999999218e+00,-7.620275568149111013e-04,-6.520343613143149593e-04,1.468799726967918821e-03,-7.620275568149111013e-04,1.099931955005961420e-04,2.120834088282233781e-03,-4.876976363615431076e+00,7.039564512038153365e-01,6.786669082503148154e+00,-4.876976363615431076e+00,7.840947510274595800e+00
9.380000000000000782e+00,1.049604587249356987e-03,2.521993558011103621e-03,6.394995054462095964e-03,1.049604587249356987e-03,1.472388970761746635e-03,3.873001496450992343e-03,6.717469358395884882e+00,9.423289412875178073e+00,1.239360478864317550e+01,6.717469358395884882e+00,8.560309067974270647e+01
9.390000000000000568e+00,2.965231161879050992e-03,5.796391624488375638e-03,1.130518292613081136e-02,2.965231161879050992e-03,2.831160462609324645e-03,5.508791301642435717e-03,1.897747943602592713e+01,1.811942696069967695e+01,1.762813216525579563e+01,1.897747943602592713e+01,1.641751156859442062e+02
9.400000000000000355e+00,4.967489219205313035e-03,9.148808869741880540e-03,1.616770435223047198e-02,4.967489219205313035e-03,4.181319650536567505e-03,7.018895482488591436e-03,3.179193100291400498e+01,2.676044576343403136e+01,2.246046554396349393e+01,3.179193100291400498e+01,2.430385269309346086e+02
9.410000000000000142e+00,7.032282289288738740e-03,1.255072269238814708e-02,2.094974853265169079e-02,7.032282289288738740e-03,5.518440403099408344e-03,8.399025840263543707e-03,4.500660665144792461e+01,3.531801857983621318e+01,2.687688268884333809e+01,4.500660665144792461e+01,3.216045237603824489e+02
9.419999999999999929e+00,9.130505499646338757e-03,1.596861678267248383e-02,2.561841969182885106e-02,9.130505499646338757e-03,6.838111283026145071e-03,9.649802909156367237e-03,5.843523519773656716e+01,4.376391221136732668e+01,3.087936930930037605e+01,5.843523519773656716e+01,3.992355501552127635e+02
9.429999999999999716e+00,1.123082929053174570e-02,1.936621041200122656e-02,3.014264484550798970e-02,1.123082929053174570e-02,8.135381121469480864e-03,1.077643443350676314e-02,7.187730745940316979e+01,5.206643917740467487e+01,3.448459018722164160e+01,7.187730745940316979e+01,4.752850104720885156e+02
9.439999999999999503e+00,1.330208353664594570e-02,2.270639134873348591e-02,3.449457125250442874e-02,1.330208353664594570e-02,9.404307812087540214e-03,1.178817990377094282e-02,8.513333463453405159e+01,6.018756999736025648e+01,3.772217569206701882e+01,8.513333463453405159e+01,5.491292409718839735e+02
9.449999999999999289e+00,1.531479377130172403e-02,2.595248428662269222e-02,3.865009635367249591e-02,1.531479377130172403e-02,1.063769051532096818e-02,1.269761206704980369e-02,9.801468013633103737e+01,6.808121929805419370e+01,4.063235861455937226e+01,9.801468013633103737e+01,6.201847741468338882e+02
9.460000000000000853e+00,1.724244457667734390e-02,2.906947271842521066e-02,4.258917549024916760e-02,1.724244457667734390e-02,1.182702814174786676e-02,1.351970277182395694e-02,1.103516452907350072e+02,7.569298010718634373e+01,4.326304886983665909e+01,1.103516452907350072e+02,6.879230228032740797e+02
9.470000000000000639e+00,1.906228614171249711e-02,3.202500002294470655e-02,4.629577680166251791e-02,1.906228614171249711e-02,1.296271388123220944e-02,1.427077677871781136e-02,1.219986313069599788e+02,8.296136883988613420e+01,4.566648569189699458e+01,1.219986313069599788e+02,7.518794575162293086e+02
9.480000000000000426e+00,2.075512613851549296e-02,3.478956097198509373e-02,4.975695203362531793e-02,2.075512613851549296e-02,1.403443483346960077e-02,1.496739106164022420e-02,1.328328072864991611e+02,8.982038293420544051e+01,4.789565139724872012e+01,1.328328072864991611e+02,8.116465248538600008e+02
9.490000000000000213e+00,2.230479245292312299e-02,3.733650233174475030e-02,5.296170884484545371e-02,2.230479245292312299e-02,1.503170987882162732e-02,1.562520651310070341e-02,1.427506716987079756e+02,9.620294322445840862e+01,5.000066084192225446e+01,1.427506716987079756e+02,8.668628272952659017e+02
9.500000000000000000e+00,2.369822423833885250e-02,3.964271662068212521e-02,5.590063918547561600e-02,2.369822423833885250e-02,1.594449238234327271e-02,1.625792256479349079e-02,1.516686351253686666e+02,1.020447512469969524e+02,5.202535220733916788e+01,1.516686351253686666e+02,9.172162157391143182e+02
9.509999999999999787e+00,2.492573500513156973e-02,4.168951000779110017e-02,5.856585296296821369e-02,2.492573500513156973e-02,1.676377500265953044e-02,1.687634295517711353e-02,1.595247040328420383e+02,1.072881600170209992e+02,5.400429745656676062e+01,1.595247040328420383e+02,9.624514845192893517e+02
9.519999999999999574e+00,2.598054588843728627e-02,4.346267912615262713e-02,6.095031225468063724e-02,2.598054588843728627e-02,1.748213323771534086e-02,1.748763312852801011e-02,1.662754936859986401e+02,1.118856527213781789e+02,5.596042601128963412e+01,1.662754936859986401e+02,1.002364717255999381e+03
9.529999999999999361e+00,2.685770939614258446e-02,4.495184546343408000e-02,6.304666230604231980e-02,2.685770939614258446e-02,1.809413606729149554e-02,1.809481684260823980e-02,1.718893401353125512e+02,1.158024708306655697e+02,5.790341389634636471e+01,1.718893401353125512e+02,1.036785674586973528e+03
9.539999999999999147e+00,2.755301230771796395e-02,4.614956999826411166e-02,6.484611206504561909e-02,2.755301230771796395e-02,1.859655769054614771e-02,1.869654206678150743e-02,1.763392787693949799e+02,1.190179692194953418e+02,5.982893461370082377e+01,1.763392787693949799e+02,1.065558547807773266e+03
9.550000000000000711e+00,2.806215615388613430e-02,4.705050451427197217e-02,6.633763003125647817e-02,2.806215615388613430e-02,1.898834836038583787e-02,1.928712551698450600e-02,1.795977993848712515e+02,1.215254295064693650e+02,6.171880165435042187e+01,1.795977993848712515e+02,1.088526091637073023e+03
9.560000000000000497e+00,2.838052231557936650e-02,4.765088093063104407e-02,6.750774422971807243e-02,2.838052231557936650e-02,1.927035861505167758e-02,1.985686329908702835e-02,1.816353428197079438e+02,1.233302951363307329e+02,6.354196255707849161e+01,1.816353428197079438e+02,1.105522801539351349e+03
9.570000000000000284e+00,2.850361984837428142e-02,4.794847292869686833e-02,6.834104756318461205e-02,2.850361984837428142e-02,1.944485308032258691e-02,2.039257463448774371e-02,1.824231670295953904e+02,1.244470597140645509e+02,6.525623883036078610e+01,1.824231670295953904e+02,1.116379396722062211e+03
9.580000000000000071e+00,2.842763354751834046e-02,4.794251520817362222e-02,6.882084410714260636e-02,2.842763354751834046e-02,1.951488166065528176e-02,2.087832889896898414e-02,1.819368547041173656e+02,1.248952426281937989e+02,6.681065247670075280e+01,1.819368547041173656e+02,1.120928249427035780e+03
9.589999999999999858e+00,2.814950252245373291e-02,4.763308679209828783e-02,6.892938156795133664e-02,2.814950252245373291e-02,1.948358426964455492e-02,2.129629477585304881e-02,1.801568161437038782e+02,1.246949393257251586e+02,6.814814328272976240e+01,1.801568161437038782e+02,1.118999696256476454e+03
9.599999999999999645e+00,2.766685716823112998e-02,4.702035793174082212e-02,6.864800269590080883e-02,2.766685716823112998e-02,1.935350076350969215e-02,2.162764476415998671e-02,1.770678858766792416e+02,1.238624048864620306e+02,6.920846324531196103e+01,1.770678858766792416e+02,1.110416262025359629e+03
9.609999999999999432e+00,2.697838201010790624e-02,4.610434017670666379e-02,6.795778881827950479e-02,2.697838201010790624e-02,1.912595816659875755e-02,2.185344864157284100e-02,1.726616448646906008e+02,1.224061322662320492e+02,6.993103565303309210e+01,1.726616448646906008e+02,1.094996438351867255e+03
9.619999999999999218e+00,2.608439444192942394e-02,4.488500234225829139e-02,6.684049797179866803e-02,2.608439444192942394e-02,1.880060790032886744e-02,2.195549562954037665e-02,1.669401244283483265e+02,1.203238905621047508e+02,7.025758601452920971e+01,1.669401244283483265e+02,1.072564803014946847e+03
9.630000000000000782e+00,2.498741901602147264e-02,4.336259405353197482e-02,6.527959044387574017e-02,2.498741901602147264e-02,1.837517503751050219e-02,2.191699639034376534e-02,1.599194817025374391e+02,1.176011202400672175e+02,7.013438844910004377e+01,1.599194817025374391e+02,1.042964971175113988e+03
9.640000000000000568e+00,2.369344855612645975e-02,4.153891971585840781e-02,6.326205132724932456e-02,2.369344855612645975e-02,1.784547115973194806e-02,2.172313161139091675e-02,1.516380707592093415e+02,1.142110154222844614e+02,6.951402115645093716e+01,1.516380707592093415e+02,1.006089322013834135e+03
9.650000000000000355e+00,2.221398830134382538e-02,3.941970778553097188e-02,6.078114054283671741e-02,2.221398830134382538e-02,1.720571948418714650e-02,2.136143275730574553e-02,1.421695251286004691e+02,1.101166046987977438e+02,6.835658482337838393e+01,1.421695251286004691e+02,9.619281439523298332e+02
9.660000000000000142e+00,2.056722008959686529e-02,3.701643556997206985e-02,5.783843676561627872e-02,2.056722008959686529e-02,1.644921548037520456e-02,2.082200119564420887e-02,1.316302085734199352e+02,1.052749790744013154e+02,6.663040382606146750e+01,1.316302085734199352e+02,9.106067744216480833e+02
9.669999999999999929e+00,1.877709800770895401e-02,3.434637693512404555e-02,5.444396862060086467e-02,1.877709800770895401e-02,1.556927892741509153e-02,2.009759168547681912e-02,1.201734272493373084e+02,9.964338513545658316e+01,6.431229339352582031e+01,1.201734272493373084e+02,8.523873173349591070e+02
9.679999999999999716e+00,1.687149711316577455e-02,3.143188189443088532e-02,5.061548353704319742e-02,1.687149711316577455e-02,1.456038478126511077e-02,1.918360164261231210e-02,1.079775815242609553e+02,9.318646260009670357e+01,6.138752525635939605e+01,1.079775815242609553e+02,7.876547081421510939e+02
9.689999999999999503e+00,1.488070349323516138e-02,2.830003805133779818e-02,4.637805406389403778e-02,1.488070349323516138e-02,1.341933455810263680e-02,1.807801601255623961e-02,9.523650235670503150e+01,8.588374117185686885e+01,5.784965124017996629e+01,9.523650235670503150e+01,7.169096843062255857e+02
9.699999999999999289e+00,1.283551256786591953e-02,2.498184136695382959e-02,4.176319938954131672e-02,1.283551256786591953e-02,1.214632879908791006e-02,1.678135802258748713e-02,8.214728043434188010e+01,7.773650431416263018e+01,5.370034567227995836e+01,8.214728043434188010e+01,6.407523912623533988e+02
9.710000000000000853e+00,1.076399362211380786e-02,2.150978380332229170e-02,3.680647219980160562e-02,1.076399362211380786e-02,1.074579018120848384e-02,1.529668839647931392e-02,6.888955918152836944e+01,6.877305715973429301e+01,4.894940286873380586e+01,6.888955918152836944e+01,5.598360576299893410e+02
9.720000000000000639e+00,8.688253732279752409e-03,1.791504296083555950e-02,3.154472305913243874e-02,8.688253732279752409e-03,9.226789228555807090e-03,1.362968009829687924e-02,5.560482388659041675e+01,5.905145106275716671e+01,4.361497631455001311e+01,5.560482388659041675e+01,4.748137537916927613e+02
9.730000000000000426e+00,6.623541073015807960e-03,1.422652850632952562e-02,2.601530278240444735e-02,6.623541073015807960e-03,7.602987433313717659e-03,1.178877427607492173e-02,4.239066286730117383e+01,4.865911957320779635e+01,3.772407768343975221e+01,4.239066286730117383e+01,3.863215803718461530e+02
9.740000000000000213e+00,4.579939793846862263e-03,1.047206184775682260e-02,2.025746194224962993e-02,4.579939793846862263e-03,5.892122053909960334e-03,9.785400094492807330e-03,2.931161468061991826e+01,3.770958114502374769e+01,3.131328030237698457e+01,2.931161468061991826e+01,2.950034283840619196e+02
9.750000000000000000e+00,2.564659145411454528e-03,6.679802469854188851e-03,1.431402406242518986e-02,2.564659145411454528e-03,4.115143324442734757e-03,7.634221592571001011e-03,1.641381853063331064e+01,2.633691727643350333e+01,2.442950909622720346e+01,1.641381853063331064e+01,2.015407347098820594e+02
9.759999999999999787e+00,5.833541278292071926e-04,2.878492863457599547e-03,8.231854751166787013e-03,5.833541278292071926e-04,2.295138735628392355e-03,5.353361887709187465e-03,3.733466418106925921e+00,1.468888790802171052e+01,1.713075804066939867e+01,3.733466418106925921e+00,1.066593371003941115e+02
9.769999999999999574e+00,-1.359215587365699036e-03,-9.030486874471932912e-04,2.061501222791202459e-03,-1.359215587365699036e-03,4.561668999185057452e-04,2.964549910238395859e-03,-8.698979759140474499e+00,2.919468159478436853e+00,9.486559712762867136e+00,-8.698979759140474499e+00,1.112114433930248936e+01
9.779999999999999361e+00,-3.258422155941833633e-03,-4.636308954970238747e-03,-4.143171872179979461e-03,-3.258422155941833633e-03,-1.377886799028405114e-03,4.931370827902592860e-04,-2.085390179802773503e+01,-8.818475513781793396e+00,1.578038664928829604e+00,-2.085390179802773503e+01,-8.428301594064210178e+01
9.789999999999999147e+00,-5.109112422430383930e-03,-8.293442345995013718e-03,-1.032550205465234891e-02,-5.109112422430383930e-03,-3.184329923564629787e-03,-2.032059708657335192e-03,-3.269831950355445827e+01,-2.037971151081363175e+01,-6.502591067703472838e+00,-3.269831950355445827e+01,-1.787418662462146699e+02
9.800000000000000711e+00,-6.905708400625526662e-03,-1.184819104926595687e-02,-1.642730914819503715e-02,-6.905708400625526662e-03,-4.942482648640430208e-03,-4.579118098929080283e-03,-4.419653376400336953e+01,-3.163188895129875178e+01,-1.465317791657305690e+01,-4.419653376400336953e+01,-2.714448018956255169e+02
9.810000000000000497e+00,-8.643033306180394892e-03,-1.527729785936470658e-02,-2.239088248703694634e-02,-8.643033306180394892e-03,-6.634264553184311686e-03,-7.113584627672239757e-03,-5.531541315955452376e+01,-4.245929314037959301e+01,-2.276347080855116900e+01,-5.531541315955452376e+01,-3.616145313254558573e+02
9.820000000000000284e+00,-1.031706089327447118e-02,-1.856161066735265847e-02,-2.816086683253406914e-02,-1.031706089327447118e-02,-8.244549774078187288e-03,-9.599256165181410672e-03,-6.602918971695660844e+01,-5.276511855410039686e+01,-3.071761972858051593e+01,-6.602918971695660844e+01,-4.485357839989125637e+02
9.830000000000000071e+00,-1.192489563614934633e-02,-2.168619838197526767e-02,-3.368534144321044116e-02,-1.192489563614934633e-02,-9.761302745825921334e-03,-1.199914306123517349e-02,-7.631933207135581654e+01,-6.247233757328589832e+01,-3.839725779595255517e+01,-7.631933207135581654e+01,-5.315667823217827390e+02
9.839999999999999858e+00,-1.346404321518997020e-02,-2.463954737716095647e-02,-3.891611997545146862e-02,-1.346404321518997020e-02,-1.117550416197098627e-02,-1.427657259829051214e-02,-8.616987657721580263e+01,-7.152322663661431079e+01,-4.568503231452963576e+01,-8.616987657721580263e+01,-6.101344065850792049e+02
9.849999999999999645e+00,-1.493140659116412930e-02,-2.741228436815242378e-02,-4.380866209029650460e-02,-1.493140659116412930e-02,-1.248087777698829448e-02,-1.639637772214408082e-02,-9.556100218345042663e+01,-7.987761777272508823e+01,-5.246840871086105551e+01,-9.556100218345042663e+01,-6.837210860011097111e+02
9.859999999999999432e+00,-1.632227732146788318e-02,-2.999571539813083998e-02,-4.832182100259462681e-02,-1.632227732146788318e-02,-1.367343807666295680e-02,-1.832610560446378684e-02,-1.044625748573944577e+02,-8.751000369064291817e+01,-5.864353793428411876e+01,-1.044625748573944577e+02,-7.518483494469644484e+02
9.869999999999999218e+00,-1.762990085233964374e-02,-3.238079877283194657e-02,-5.241797304504109550e-02,-1.762990085233964374e-02,-1.475089792049230283e-02,-2.003717427220914893e-02,-1.128313654549737208e+02,-9.440574669115073903e+01,-6.411895767106928190e+01,-1.128313654549737208e+02,-8.140682094515811968e+02
9.880000000000000782e+00,-1.884650095802335723e-02,-3.455851165322461338e-02,-5.606441621158216732e-02,-1.884650095802335723e-02,-1.571201069520125615e-02,-2.150590455835755394e-02,-1.206176061313494898e+02,-1.005568684492880323e+02,-6.881889458674417881e+01,-1.206176061313494898e+02,-8.699801075021450742e+02
9.890000000000000568e+00,-1.996534715812159355e-02,-3.652130564327586704e-02,-5.923566601882961080e-02,-1.996534715812159355e-02,-1.655595848515427349e-02,-2.271436037555374376e-02,-1.277782218119781987e+02,-1.059581343049873539e+02,-7.268595320177198005e+01,-1.277782218119781987e+02,-9.192669279562126121e+02
9.900000000000000355e+00,-2.098177485999405331e-02,-3.826366699654913661e-02,-6.191461018488124413e-02,-2.098177485999405331e-02,-1.728189213655508330e-02,-2.365094318833210751e-02,-1.342833591039619421e+02,-1.106041096739525358e+02,-7.568301820266273694e+01,-1.342833591039619421e+02,-9.617114609417317297e+02
9.910000000000000142e+00,-2.189193694561700904e-02,-3.978060257197854610e-02,-6.409130730632540962e-02,-2.189193694561700904e-02,-1.788866562636153706e-02,-2.431070473434686352e-02,-1.401083964519488632e+02,-1.144874600087138390e+02,-7.779425514990995794e+01,-1.401083964519488632e+02,-9.971703348317180371e+02
9.919999999999999929e+00,-2.269087695076538180e-02,-4.106561646905811103e-02,-6.576097856891367777e-02,-2.269087695076538180e-02,-1.837473951829272922e-02,-2.469536209985556674e-02,-1.452216124848984578e+02,-1.175983329170734635e+02,-7.902515871953781357e+01,-1.452216124848984578e+02,-1.025535312364529091e+03
9.929999999999999716e+00,-2.337217751174818642e-02,-4.211039360342050397e-02,-6.692341209413101011e-02,-2.337217751174818642e-02,-1.873821609167231755e-02,-2.481301849071050614e-02,-1.495819360751883949e+02,-1.199245829867028306e+02,-7.940165917027361786e+01,-1.495819360751883949e+02,-1.046724534696494629e+03
9.939999999999999503e+00,-2.392871500997970774e-02,-4.290570700298167173e-02,-6.758331763085494159e-02,-2.392871500997970774e-02,-1.897699199300196399e-02,-2.467761062787326987e-02,-1.531437760638701207e+02,-1.214527487552125677e+02,-7.896835400919445647e+01,-1.531437760638701207e+02,-1.060694636484831335e+03
9.949999999999999289e+00,-2.435237675904010704e-02,-4.344138453056708288e-02,-6.774950379909105980e-02,-2.435237675904010704e-02,-1.908900777152697584e-02,-2.430811926852397692e-02,-1.558552112578566948e+02,-1.221696497377726445e+02,-7.778598165927672881e+01,-1.558552112578566948e+02,-1.067432527964718247e+03
9.960000000000000853e+00,-2.463290632855304196e-02,-4.370544403368920722e-02,-6.743303562683182484e-02,-2.463290632855304196e-02,-1.907253770513616525e-02,-2.372759159314261762e-02,-1.576506005027394792e+02,-1.220642413128714594e+02,-7.592829309805637195e+01,-1.576506005027394792e+02,-1.066929404741002145e+03
9.970000000000000639e+00,-2.475815749073255120e-02,-4.368461907480914591e-02,-6.664665093620876501e-02,-2.475815749073255120e-02,-1.892646158407659471e-02,-2.296203186139961910e-02,-1.584522079406883392e+02,-1.211293541380902070e+02,-7.347850195647878024e+01,-1.584522079406883392e+02,-1.059180192105771994e+03
9.980000000000000426e+00,-2.471602676435492169e-02,-4.336652978797306268e-02,-6.540575001013793077e-02,-2.471602676435492169e-02,-1.865050302361814100e-02,-2.203922022216486809e-02,-1.581825712918715112e+02,-1.193632193511561042e+02,-7.052550471092757789e+01,-1.581825712918715112e+02,-1.044213886061865651e+03
9.990000000000000213e+00,-2.449596547950372988e-02,-4.274140974936158771e-02,-6.372892990074684183e-02,-2.449596547950372988e-02,-1.824544426985785783e-02,-2.098752015138525412e-02,-1.567741790688238837e+02,-1.167708433270902901e+02,-6.716006448443280874e+01,-1.567741790688238837e+02,-1.022115260641041004e+03
1.000000000000000000e+01,-2.408919806990196880e-02,-4.180250723456252482e-02,-6.163724028851446518e-02,-2.408919806990196880e-02,-1.771330916466055602e-02,-1.983473305395194036e-02,-1.541708676473726030e+02,-1.133651786538275559e+02,-6.347114577264621005e+01,-1.541708676473726030e+02,-9.930215762215391351e+02
1.000999999999999979e+01,-2.348874878019721266e-02,-4.054623515831264763e-02,-5.915328873819851452e-02,-2.348874878019721266e-02,-1.705748637811543497e-02,-1.860705357988586689e-02,-1.503279921932621619e+02,-1.091679128199387776e+02,-5.954257145563477138e+01,-1.503279921932621619e+02,-9.571154294065071326e+02
1.001999999999999957e+01,-2.268979139094062097e-02,-3.897256241685790462e-02,-5.630073350318377801e-02,-2.268979139094062097e-02,-1.628277102591728365e-02,-1.732817108632587338e-02,-1.452146649020199618e+02,-1.042097345658706189e+02,-5.545014747624279750e+01,-1.452146649020199618e+02,-9.146236408324001559e+02
1.002999999999999936e+01,-2.168983948295351988e-02,-3.708515455741261818e-02,-5.310370667256617688e-02,-2.168983948295351988e-02,-1.539531507445909830e-02,-1.601855211515355870e-02,-1.388149726909025219e+02,-9.853001647653823625e+01,-5.125936676849138962e+01,-1.388149726909025219e+02,-8.658130678077964149e+02
1.003999999999999915e+01,-2.048938891931181838e-02,-3.489188085732265743e-02,-4.958680764369517713e-02,-2.048938891931181838e-02,-1.440249193801083905e-02,-1.469492678637251970e-02,-1.311320890835956448e+02,-9.217594840326937344e+01,-4.702376571639206304e+01,-1.311320890835956448e+02,-8.109954096097712863e+02
1.005000000000000071e+01,-1.909415119471608371e-02,-3.240686983741818128e-02,-4.577686002538827043e-02,-1.909415119471608371e-02,-1.331271864270209757e-02,-1.336999018797008915e-02,-1.222025676461829420e+02,-8.520139931329342176e+01,-4.278396860150428438e+01,-1.222025676461829420e+02,-7.505638066829419586e+02
1.006000000000000050e+01,-1.751757423195471342e-02,-2.965288869620592849e-02,-4.170520883440775872e-02,-1.751757423195471342e-02,-1.213531446425121507e-02,-1.205232013820183024e-02,-1.121124750845101659e+02,-7.766601257120777291e+01,-3.856742444224585853e+01,-1.121124750845101659e+02,-6.850377362938913848e+02
1.007000000000000028e+01,-1.578079838227407911e-02,-2.666124668825104252e-02,-3.740775253646078102e-02,-1.578079838227407911e-02,-1.088044830597696341e-02,-1.074650584820973850e-02,-1.009971096465541081e+02,-6.963486915825257029e+01,-3.438881871427116010e+01,-1.009971096465541081e+02,-6.150623925572335793e+02
1.008000000000000007e+01,-1.391018794442490901e-02,-2.346934015578932067e-02,-3.292281661653302660e-02,-1.391018794442490901e-02,-9.559152211364411664e-03,-9.453476460743705928e-03,-8.902520284431942343e+01,-6.117857415273223154e+01,-3.025112467437985941e+01,-8.902520284431942343e+01,-5.413647050142944863e+02
1.008999999999999986e+01,-1.193559330606575562e-02,-2.011893809718081141e-02,-2.828995024158666161e-02,-1.193559330606575562e-02,-8.183344791115055791e-03,-8.171012144405850192e-03,-7.638779715882083110e+01,-5.237340666313635751e+01,-2.614723886209872106e+01,-7.638779715882083110e+01,-4.647253280521677539e+02
1.009999999999999964e+01,-9.890443629776295847e-03,-1.665628670495455238e-02,-2.355070005870709554e-02,-9.890443629776295847e-03,-6.765843075178256533e-03,-6.894413353752543161e-03,-6.329883923056829076e+01,-4.330139568114083914e+01,-2.206212273200813812e+01,-6.329883923056829076e+01,-3.859870729311518289e+02
1.010999999999999943e+01,-7.811245608298949920e-03,-1.313161351598496514e-02,-1.874891095093728435e-02,-7.811245608298949920e-03,-5.320367907686015217e-03,-5.617297434952319216e-03,-4.999197189311328060e+01,-3.405035460919049939e+01,-1.797535179184742304e+01,-4.999197189311328060e+01,-3.060530348824536304e+02
1.011999999999999922e+01,-5.734889520714577318e-03,-9.596406071353509940e-03,-1.392889238956502435e-02,-5.734889520714577318e-03,-3.861516550638932621e-03,-4.332486318211514406e-03,-3.670329293257329795e+01,-2.471370592408916878e+01,-1.386395621827684543e+01,-3.670329293257329795e+01,-2.258428652248179276e+02
1.013000000000000078e+01,-3.695527051231378615e-03,-6.100167080932323432e-03,-9.133110656712411721e-03,-3.695527051231378615e-03,-2.404640029700944818e-03,-3.032943575780088288e-03,-2.365137312788082369e+01,-1.538969619008604717e+01,-9.705419442496282301e+00,-2.365137312788082369e+01,-1.462394662813894683e+02
1.014000000000000057e+01,-1.723216038982362331e-03,-2.688800155935147044e-03,-4.401513554958313805e-03,-1.723216038982362331e-03,-9.655841169527847132e-04,-1.712713399023166761e-03,-1.102858264948711842e+01,-6.179738348497822109e+00,-5.480682876874134024e+00,-1.102858264948711842e+01,-6.806701162457721921e+01
1.015000000000000036e+01,1.560855526149940555e-04,5.957777132956580245e-04,2.279680884430998998e-04,1.560855526149940555e-04,4.396921606806639691e-04,-3.678096248525581247e-04,9.989475367359619273e-01,2.814029828356249485e+00,-1.176990799528186082e+00,9.989475367359619273e-01,7.907959696692078211e+00
1.016000000000000014e+01,1.920979403965330764e-03,3.716560227211093519e-03,4.719558574660034402e-03,1.920979403965330764e-03,1.795580823245762755e-03,1.002998347448940883e-03,1.229426818537811705e+01,1.149171726877288080e+01,3.209594711836611047e+00,1.229426818537811705e+01,8.098674049796282759e+01
1.016999999999999993e+01,3.555953563238272580e-03,6.643299190909235548e-03,9.040852797757731665e-03,3.555953563238272580e-03,3.087345627670962968e-03,2.397553606848496117e-03,2.275810280472494540e+01,1.975901201709416455e+01,7.672171541915187909e+00,2.275810280472494540e+01,1.505678590912029051e+02
1.017999999999999972e+01,5.052321131074529945e-03,9.354003397776299369e-03,1.316388265271008218e-02,5.052321131074529945e-03,4.301682266701769425e-03,3.809879254933782808e-03,3.233485523887699031e+01,2.753076650689132521e+01,1.219161361578810521e+01,3.233485523887699031e+01,2.161717060846692675e+02
1.018999999999999950e+01,6.407631434609035830e-03,1.183491041090857163e-02,1.706489304805309040e-02,6.407631434609035830e-03,5.427278976299535797e-03,5.229982637144518776e-03,4.100884118149782864e+01,3.473458544831702710e+01,1.673594443886246097e+01,4.100884118149782864e+01,2.774381132060319715e+02
1.019999999999999929e+01,7.623868219470847536e-03,1.407917238934967667e-02,2.072309406634103429e-02,7.623868219470847536e-03,6.455304169878829136e-03,6.643921676991357619e-03,4.879275660461342312e+01,4.131394668722450803e+01,2.126054936637234505e+01,4.879275660461342312e+01,3.341017579746308002e+02
1.021000000000000085e+01,8.705857271912940953e-03,1.608559862170891655e-02,2.411974160169941261e-02,8.705857271912940953e-03,7.379741349795975597e-03,8.034142979990496064e-03,5.571748654024282388e+01,4.723034463869424116e+01,2.570925753596958785e+01,5.571748654024282388e+01,3.859712661447199480e+02
1.022000000000000064e+01,9.660928997070371629e-03,1.785845671312797506e-02,2.723853961332043869e-02,9.660928997070371629e-03,8.197527716057603428e-03,9.380082900192463630e-03,6.182994558125037798e+01,5.246417738276866061e+01,3.001626528061588317e+01,6.182994558125037798e+01,4.329311647339047795e+02
1.023000000000000043e+01,1.049912460450936821e-02,1.940762527942704180e-02,3.006662924248825614e-02,1.049912460450936821e-02,8.908500674917673584e-03,1.065900396306121434e-02,6.719439746885996101e+01,5.701440431947310827e+01,3.410881268179588233e+01,6.719439746885996101e+01,4.749528434103868904e+02
1.024000000000000021e+01,1.123205496765823652e-02,2.074722302246974695e-02,3.259424504330325073e-02,1.123205496765823652e-02,9.515168054811510429e-03,1.184702202083350378e-02,7.188515179301271019e+01,6.089707555079366585e+01,3.791047046666721343e+01,7.188515179301271019e+01,5.120780934314207116e+02
1.025000000000000000e+01,1.186987495643181817e-02,2.189216394161803622e-02,3.481242876675506165e-02,1.186987495643181817e-02,1.002228898518621805e-02,1.292026482513702543e-02,7.596719972116363806e+01,6.414264950519179820e+01,4.134484744043847826e+01,7.596719972116363806e+01,5.443640900003817933e+02
1.025999999999999979e+01,1.241834615800062498e-02,2.285458381385357951e-02,3.671067388488039734e-02,1.241834615800062498e-02,1.043623765585295453e-02,1.385609007102681783e-02,7.947741541120400655e+01,6.679192099745890232e+01,4.433948822728581973e+01,7.947741541120400655e+01,5.718264739078460934e+02
1.026999999999999957e+01,1.287815447084647916e-02,2.364232079028527958e-02,3.827660206636455259e-02,1.287815447084647916e-02,1.076416631943880042e-02,1.463428127607927301e-02,8.242018861341746572e+01,6.889066444440831560e+01,4.682970008345367319e+01,8.242018861341746572e+01,5.944216594238382640e+02
1.027999999999999936e+01,1.324615074596287301e-02,2.425920802143277308e-02,3.949734366264313207e-02,1.324615074596287301e-02,1.101305727546990007e-02,1.523813564121035899e-02,8.477536477416238370e+01,7.048356656300735779e+01,4.876203405187315099e+01,8.477536477416238370e+01,6.120628961671286561e+02
1.028999999999999915e+01,1.351652127759589081e-02,2.470531104930923788e-02,4.036067272156936003e-02,1.351652127759589081e-02,1.118878977171334707e-02,1.565536167226012215e-02,8.650573617661369497e+01,7.160825453896542570e+01,5.009715735123239000e+01,8.650573617661369497e+01,6.246334442004344965e+02
1.030000000000000071e+01,1.368107204843190677e-02,2.497640183302980710e-02,4.085511799789708770e-02,1.368107204843190677e-02,1.129532978459790032e-02,1.587871616486728060e-02,8.755886110996419802e+01,7.229011062142656385e+01,5.081189172757530059e+01,8.755886110996419802e+01,6.319825903768982016e+02
1.031000000000000050e+01,1.372957177257146284e-02,2.506369134995514031e-02,4.097002003451985508e-02,1.372957177257146284e-02,1.133411957738367747e-02,1.590632868456471477e-02,8.786925934445736175e+01,7.253836529525553090e+01,5.090025179060708638e+01,8.786925934445736175e+01,6.339236292909599797e+02
1.032000000000000028e+01,1.365091785684260234e-02,2.495464816528348423e-02,4.069633321504623896e-02,1.365091785684260234e-02,1.130373030844088189e-02,1.574168504976275473e-02,8.736587428379264963e+01,7.234387397402164765e+01,5.037339215924081515e+01,8.736587428379264963e+01,6.302494212511653586e+02
1.033000000000000007e+01,1.343496699490357577e-02,2.463480163389928160e-02,4.002806961302565747e-02,1.343496699490357577e-02,1.119983463899570583e-02,1.539326797912637587e-02,8.598378876738289023e+01,7.167894168957251111e+01,4.925845753320439968e+01,8.598378876738289023e+01,6.207635639704794812e+02
1.033999999999999986e+01,1.307489688841613484e-02,2.409044060853570909e-02,3.896432202605380757e-02,1.307489688841613484e-02,1.101554372011957425e-02,1.487388141751809847e-02,8.367934008586325945e+01,7.049947980876527254e+01,4.759642053605791290e+01,8.367934008586325945e+01,6.053257212920593702e+02
1.034999999999999964e+01,1.256969748761199192e-02,2.331182807237279844e-02,3.751154127759039753e-02,1.256969748761199192e-02,1.074213058476080652e-02,1.419971320521759908e-02,8.044606392071675316e+01,6.874963574246916664e+01,4.543908225669631662e+01,8.044606392071675316e+01,5.839043457596467306e+02
1.035999999999999943e+01,1.192527549776470526e-02,2.229538897057797495e-02,3.568460513038929777e-02,1.192527549776470526e-02,1.037011347281326969e-02,1.338921615981132282e-02,7.632176318569410967e+01,6.636872622600492377e+01,4.284549171139623525e+01,7.632176318569410967e+01,5.566079433692857492e+02
1.036999999999999922e+01,1.115324315100329859e-02,2.104383585836823445e-02,3.350574264382632367e-02,1.115324315100329859e-02,9.890592707364935857e-03,1.246190678545808922e-02,7.138075616642110788e+01,6.329979332713558904e+01,3.987810171346588817e+01,7.138075616642110788e+01,5.236759536210677197e+02
1.038000000000000078e+01,1.026904198300988315e-02,1.956571319254205715e-02,3.100290328126148118e-02,1.026904198300988315e-02,9.296671209532174004e-03,1.143719008871942402e-02,6.572186869126325348e+01,5.949869574100591052e+01,3.659900828390215821e+01,6.572186869126325348e+01,4.854587181485139809e+02
1.039000000000000057e+01,9.291432456419885036e-03,1.787622443780870554e-02,2.820954110903781120e-02,9.291432456419885036e-03,8.584791981388820506e-03,1.033331667122910566e-02,5.946516772108726201e+01,5.494266868088845257e+01,3.306661334793313500e+01,5.946516772108726201e+01,4.424233492497265274e+02
1.040000000000000036e+01,8.242514384684398315e-03,1.599838154524898734e-02,2.516494688250286993e-02,8.242514384684398315e-03,7.755867160564589025e-03,9.166565337253882589e-03,5.275209206198015011e+01,4.963754982761336976e+01,2.933300907921242384e+01,5.275209206198015011e+01,3.951679529064178382e+02
1.041000000000000014e+01,7.146401120492178009e-03,1.396249193227986143e-02,2.191321477702864659e-02,7.146401120492178009e-03,6.816090811787683425e-03,7.950722844748785156e-03,4.573696717114994215e+01,4.362298119544117725e+01,2.544231310319611339e+01,4.573696717114994215e+01,3.444067844093617055e+02
1.041999999999999993e+01,6.027458869600888988e-03,1.180479371212189189e-02,1.850169755672903538e-02,6.027458869600888988e-03,5.777334842521002906e-03,6.696903844607143483e-03,3.857573676544568997e+01,3.697494299213441593e+01,2.143009230274286026e+01,3.857573676544568997e+01,2.909423161809688736e+02
1.042999999999999972e+01,4.910177081953483007e-03,9.567256638766173313e-03,1.498097760739882343e-02,4.910177081953483007e-03,4.657079556812690306e-03,5.413720968632650121e-03,3.142513332450229058e+01,2.980530916360121907e+01,1.732390709962448128e+01,3.142513332450229058e+01,2.356630487631839515e+02
1.043999999999999950e+01,3.819598961308715360e-03,7.297503071231360543e-03,1.140528441794899130e-02,3.819598961308715360e-03,3.477904109922645183e-03,4.107781346717630754e-03,2.444543335237577963e+01,2.225858630350493073e+01,1.314490030949641763e+01,2.444543335237577963e+01,1.795467598961313911e+02
1.044999999999999929e+01,2.779593985187071153e-03,5.046177100564672689e-03,7.830632150711199294e-03,2.779593985187071153e-03,2.266583115377601536e-03,2.784455050146526604e-03,1.778940150519725449e+01,1.450613193841664916e+01,8.910256160468884801e+00,1.778940150519725449e+01,1.236173688122483725e+02
1.046000000000000085e+01,1.809528320249400917e-03,2.862342602140380884e-03,4.311177177791841383e-03,1.809528320249400917e-03,1.052814281890979966e-03,1.448834575651460500e-03,1.158098124959616548e+01,6.738011404102271840e+00,4.636270642084673987e+00,1.158098124959616548e+01,6.886578988734933660e+01
1.047000000000000064e+01,9.225446329514855716e-04,7.901672987934435857e-04,8.969508006997094262e-04,9.225446329514855716e-04,-1.323773341580419859e-04,1.067835019062658404e-04,5.904285650889507409e+00,-8.472149386114686820e-01,3.417072061000506755e-01,5.904285650889507409e+00,1.619633375513426543e+01
1.048000000000000043e+01,1.263206213513408459e-04,-1.132115278308084639e-03,-2.366155902653840990e-03,1.263206213513408459e-04,-1.258435899659425539e-03,-1.234040624345756352e-03,8.084519766485813719e-01,-8.053989757820323447e+00,-3.948929997906420297e+00,8.084519766485813719e-01,-3.358340333723448623e+01
1.049000000000000021e+01,-5.756996133950570155e-04,-2.872791840274173565e-03,-5.436098042399212932e-03,-5.756996133950570155e-04,-2.297092226879116766e-03,-2.563306202125039367e-03,-3.684477525728365066e+00,-1.470139025202634642e+01,-8.202579846800125196e+00,-3.684477525728365066e+00,-7.976534287366450826e+01
1.050000000000000000e+01,-1.183578129810197981e-03,-4.407601895686957469e-03,-8.274979053561922274e-03,-1.183578129810197981e-03,-3.224023765876759488e-03,-3.867377157874964805e-03,-7.574900030785267191e+00,-2.063375210161126105e+01,-1.237560690519988782e+01,-7.574900030785267191e+00,-1.217527771127892464e+02
1.050999999999999979e+01,-1.699823107259926681e-03,-5.720027030990918956e-03,-1.084904467150041296e-02,-1.699823107259926681e-03,-4.020203923730992709e-03,-5.129017640509494005e-03,-1.087886788646353153e+01,-2.572930511187835378e+01,-1.641285644963038237e+01,-1.087886788646353153e+01,-1.590630883439168315e+02
1.051999999999999957e+01,-2.128062206950535277e-03,-6.800876623288987233e-03,-1.312836335376809521e-02,-2.128062206950535277e-03,-4.672814416338452390e-03,-6.327486730479107979e-03,-1.361959812448342610e+01,-2.990601226456609396e+01,-2.024795753753314642e+01,-1.361959812448342610e+01,-1.913207037797479870e+02
1.052999999999999936e+01,-2.472612698875393221e-03,-7.648257670971580699e-03,-1.508729907504758293e-02,-2.472612698875393221e-03,-5.175644972096187478e-03,-7.439041404076002229e-03,-1.582472127280251684e+01,-3.312412782141559831e+01,-2.380493249304320713e+01,-1.582472127280251684e+01,-2.182613447617839597e+02
1.053999999999999915e+01,-2.738950930322241965e-03,-8.267928376703958734e-03,-1.670575569400002680e-02,-2.738950930322241965e-03,-5.528977446381717203e-03,-8.437827317296068066e-03,-1.752928595406234891e+01,-3.538545565684299277e+01,-2.700104741534741848e+01,-1.752928595406234891e+01,-2.397473670787582876e+02
1.055000000000000071e+01,-2.933761159172023226e-03,-8.672767718086789313e-03,-1.796986831288741732e-02,-2.933761159172023226e-03,-5.739006558914766520e-03,-9.297100594800628004e-03,-1.877607141870094765e+01,-3.672964197705450573e+01,-2.975072190336200961e+01,-1.877607141870094765e+01,-2.557693058973523819e+02
1.056000000000000050e+01,-3.063828887058217022e-03,-8.880696493454133880e-03,-1.887138939027598397e-02,-3.063828887058217022e-03,-5.816867606395916858e-03,-9.990692896821850091e-03,-1.960850487717258872e+01,-3.722795268093386767e+01,-3.197021726982992007e+01,-1.960850487717258872e+01,-2.664200244838091294e+02
1.057000000000000028e+01,-3.134561559476460937e-03,-8.911909638351553017e-03,-1.940651806968153939e-02,-3.134561559476460937e-03,-5.777348078875092080e-03,-1.049460843132998637e-02,-2.006119398064934956e+01,-3.697502770480058842e+01,-3.358274698025595484e+01,-2.006119398064934956e+01,-2.718569059971176785e+02
1.058000000000000007e+01,-3.149489472919347888e-03,-8.786876371989577050e-03,-1.957550315836033283e-02,-3.149489472919347888e-03,-5.637386899070229163e-03,-1.078862678637075578e-02,-2.015673262668382648e+01,-3.607927615404946664e+01,-3.452360571638642028e+01,-2.015673262668382648e+01,-2.722788434913591686e+02
1.058999999999999986e+01,-3.110963789822906739e-03,-8.525470175010239210e-03,-1.938325140801670440e-02,-3.110963789822906739e-03,-5.414506385187332904e-03,-1.085778123300646519e-02,-1.991016825486660480e+01,-3.465284086519893236e+01,-3.474489994562068773e+01,-1.991016825486660480e+01,-2.679237271970586676e+02
1.059999999999999964e+01,-3.020660505000258723e-03,-8.145997506903984373e-03,-1.883958717011064571e-02,-3.020660505000258723e-03,-5.125337001903726084e-03,-1.069358966320666134e-02,-1.933222723200165660e+01,-3.280215681218384560e+01,-3.421948692226131783e+01,-1.933222723200165660e+01,-2.590616128993404459e+02
1.060999999999999943e+01,-2.878975940426988216e-03,-7.663338349641571345e-03,-1.795827222744708282e-02,-2.878975940426988216e-03,-4.784362409214582695e-03,-1.029493387780551147e-02,-1.842544601873272470e+01,-3.061991941897332836e+01,-3.294378840897763894e+01,-1.842544601873272470e+01,-2.459674615400510902e+02
1.061999999999999922e+01,-2.684577275601761522e-03,-7.087546401518668264e-03,-1.675605651823019321e-02,-2.684577275601761522e-03,-4.402969125916906742e-03,-9.668510116711524077e-03,-1.718129456385127440e+01,-2.817900240586820360e+01,-3.093923237347687660e+01,-1.718129456385127440e+01,-2.288985880295890922e+02
1.063000000000000078e+01,-2.435530135160851248e-03,-6.424402311540945015e-03,-1.525320929261768724e-02,-2.435530135160851248e-03,-3.988872176380093768e-03,-8.828806981076742222e-03,-1.558739286502944843e+01,-2.552878192883260056e+01,-2.825218233944557511e+01,-1.558739286502944843e+01,-2.081050713999228492e+02
1.064000000000000057e+01,-2.130917177027526286e-03,-5.676897385822391590e-03,-1.347450156407539387e-02,-2.130917177027526286e-03,-3.545980208794865304e-03,-7.797604178253002283e-03,-1.363786993297616768e+01,-2.269427333628713939e+01,-2.495233337040960819e+01,-1.363786993297616768e+01,-1.838534299190187369e+02
1.065000000000000036e+01,-1.770964035619533453e-03,-4.845675682524819457e-03,-1.144869973486587270e-02,-1.770964035619533453e-03,-3.074711646905286221e-03,-6.603024052341053239e-03,-1.133416982796501493e+01,-1.967815454019383026e+01,-2.112967696749137048e+01,-1.133416982796501493e+01,-1.564260040069506488e+02
1.066000000000000014e+01,-1.356134626177975732e-03,-3.928830873487203050e-03,-9.207034395399571816e-03,-1.356134626177975732e-03,-2.572696247309227101e-03,-5.278203521912368766e-03,-8.679261607539045187e+00,-1.646525598277905189e+01,-1.689025127011958105e+01,-8.679261607539045187e+00,-1.261043065813130397e+02
1.066999999999999993e+01,-8.870682955898817525e-04,-2.922823786636167837e-03,-6.782506687479676263e-03,-8.870682955898817525e-04,-2.035755491046286302e-03,-3.859682900843508426e-03,-5.677237091775243272e+00,-1.302883514269623255e+01,-1.235098528269922724e+01,-5.677237091775243272e+00,-9.317117255151211452e+01
1.067999999999999972e+01,-3.650622117586172963e-04,-1.824113657682227291e-03,-4.209741565432235239e-03,-3.650622117586172963e-04,-1.459051445923609941e-03,-2.385627907750007947e-03,-2.336398155255150488e+00,-9.337929253911102734e+00,-7.634009304800025042e+00,-2.336398155255150488e+00,-5.792501014189883080e+01
1.068999999999999950e+01,2.081889061511139080e-04,-6.300941255120613444e-04,-1.524105064111970715e-03,2.081889061511139080e-04,-8.382830316631752253e-04,-8.940109385999093702e-04,1.332408999367129088e+00,-5.365011402644321414e+00,-2.860835003519710096e+00,1.332408999367129088e+00,-2.068031222039070727e+01
1.069999999999999929e+01,8.305082964240832885e-04,6.597049189948238140e-04,1.238828061948536556e-03,8.305082964240832885e-04,-1.708033774292594745e-04,5.791231429537127421e-04,5.315253097114132963e+00,-1.093141615547260637e+00,1.853194057451880816e+00,5.315253097114132963e+00,1.822591661705625654e+01
1.071000000000000085e+01,1.497543526647923022e-03,2.040974374496621734e-03,4.042166450174617016e-03,1.497543526647923022e-03,5.434308478486987119e-04,2.001192075677995282e-03,9.584278570546707954e+00,3.477957426231671700e+00,6.403814642169584737e+00,9.584278570546707954e+00,5.839815191684389362e+01
1.072000000000000064e+01,2.201423850387308843e-03,3.502550392535244434e-03,6.846866211184140551e-03,2.201423850387308843e-03,1.301126542147935591e-03,3.344315818648896117e-03,1.408911264247877604e+01,8.327209869746788229e+00,1.070181061967646841e+01,1.408911264247877604e+01,9.935439939570609624e+01
1.073000000000000043e+01,2.931669025633542192e-03,5.026863053758380030e-03,9.613051698678877835e-03,2.931669025633542192e-03,2.095194028124837838e-03,4.586188644920497805e-03,1.876268176405466903e+01,1.340924177999896294e+01,1.467580366374559375e+01,1.876268176405466903e+01,1.405431816233976861e+02
1.074000000000000021e+01,3.676396076368825937e-03,6.591022290651588934e-03,1.230156319166430222e-02,3.676396076368825937e-03,2.914626214282762997e-03,5.710540901012713284e-03,2.352893488876048522e+01,1.865360777140968196e+01,1.827373088324068107e+01,2.352893488876048522e+01,1.813688206302325625e+02
1.075000000000000000e+01,4.421930057512369130e-03,8.166667124775079875e-03,1.487384710963741280e-02,4.421930057512369130e-03,3.744737067262710745e-03,6.707179984862332925e-03,2.830035236807916377e+01,2.396631723048134788e+01,2.146297595155946425e+01,2.830035236807916377e+01,2.211889366503599206e+02
1.075999999999999979e+01,5.152956602944573812e-03,9.720684145528957210e-03,1.729231641880955850e-02,5.152956602944573812e-03,4.567727542584383398e-03,7.571632273280601289e-03,3.297892225884527306e+01,2.923345627254005308e+01,2.422922327449792590e+01,3.297892225884527306e+01,2.593248054176497703e+02
1.076999999999999957e+01,5.855149990883085249e-03,1.121870424881149172e-02,1.952314153633452620e-02,5.855149990883085249e-03,5.363554257928406475e-03,8.304437287523034478e-03,3.747295994165174449e+01,3.432674725074180344e+01,2.657419932007370988e+01,3.747295994165174449e+01,2.951217195374017592e+02
1.077999999999999936e+01,6.517688887056159210e-03,1.262877544507045105e-02,2.153894676479951170e-02,6.517688887056159210e-03,6.111086558014291840e-03,8.910171319729060652e-03,4.171320887715941694e+01,3.911095397129146534e+01,2.851254822313299542e+01,4.171320887715941694e+01,3.280101332147515905e+02
1.078999999999999915e+01,7.132977489586352776e-03,1.392245673753509001e-02,2.331875497730761040e-02,7.132977489586352776e-03,6.789479247948737237e-03,9.396298239772520391e-03,4.565105593335265866e+01,4.345266718687192053e+01,3.006815436727206503e+01,4.565105593335265866e+01,3.575156324624899753e+02
1.080000000000000071e+01,7.695643866054840965e-03,1.507526310479590653e-02,2.484722020028346315e-02,7.695643866054840965e-03,7.379619238741065568e-03,9.771957095487556616e-03,4.925212074275098217e+01,4.722956312794281786e+01,3.127026270556018162e+01,4.925212074275098217e+01,3.832558397287618845e+02
1.081000000000000050e+01,8.203529128319536623e-03,1.606904104346681961e-02,2.611583865118807454e-02,8.203529128319536623e-03,7.865511915147282984e-03,1.004679760772125494e-02,5.250258642124503439e+01,5.033927625694261110e+01,3.214975234470801269e+01,5.250258642124503439e+01,4.049748450686869887e+02
1.082000000000000028e+01,8.658985492549443191e-03,1.689450207786927227e-02,2.712446870475941976e-02,8.658985492549443191e-03,8.235516585319829080e-03,1.022996662689014749e-02,5.541750715231643909e+01,5.270730614604690345e+01,3.273589320604847330e+01,5.541750715231643909e+01,4.225821195132353978e+02
1.083000000000000007e+01,9.067753833943892686e-03,1.755108886004835486e-02,2.788042128950114079e-02,9.067753833943892686e-03,8.483335026104462176e-03,1.032933242945278593e-02,5.803362453724091097e+01,5.429334416706856103e+01,3.305386377424891720e+01,5.803362453724091097e+01,4.361424974356751818e+02
1.083999999999999986e+01,9.436412945156385373e-03,1.804504061245541802e-02,2.839605034125927338e-02,9.436412945156385373e-03,8.608627667299032643e-03,1.035100972880385536e-02,6.039304284900086373e+01,5.509521707071380803e+01,3.312323113217233583e+01,6.039304284900086373e+01,4.458344731556610441e+02
1.084999999999999964e+01,9.770674037067460238e-03,1.838782689148143676e-02,2.868704425346149320e-02,9.770674037067460238e-03,8.617152854413976520e-03,1.029921736198005644e-02,6.253231383723174730e+01,5.514977826824944884e+01,3.295749555833617706e+01,6.253231383723174730e+01,4.519187629914521267e+02
1.085999999999999943e+01,1.007438487874357143e-02,1.859477325646964954e-02,2.877123896952030538e-02,1.007438487874357143e-02,8.520388377726078113e-03,1.017646571305065584e-02,6.447606322395886025e+01,5.453048561744689948e+01,3.256469028176209690e+01,6.447606322395886025e+01,4.547137173695035699e+02
1.086999999999999922e+01,1.034837383796133152e-02,1.868302413394722084e-02,2.866706011361597195e-02,1.034837383796133152e-02,8.334650295985889315e-03,9.984035979668751115e-03,6.622959256295251862e+01,5.334176189430969117e+01,3.194891513494000179e+01,6.622959256295251862e+01,4.545608087766066774e+02
1.088000000000000078e+01,1.058985549831059809e-02,1.866962737653078339e-02,2.839230943200397178e-02,1.058985549831059809e-02,8.079771878220185291e-03,9.722682055473188395e-03,6.777507518918783092e+01,5.171054002060918720e+01,3.111258257751420331e+01,6.777507518918783092e+01,4.517945933619336643e+02
1.089000000000000057e+01,1.079327591007181800e-02,1.857074239754946329e-02,2.796420397673807928e-02,1.079327591007181800e-02,7.777466487477645296e-03,9.393461579188615990e-03,6.907696582445963429e+01,4.977578551985693167e+01,3.005907705340356983e+01,6.907696582445963429e+01,4.467354851931604571e+02
1.090000000000000036e+01,1.095211720680708961e-02,1.840167240579168584e-02,2.740026129863788393e-02,1.095211720680708961e-02,7.449555198984596227e-03,8.998588892846198090e-03,7.009355012356537884e+01,4.767715327350141763e+01,2.879548445710783255e+01,7.009355012356537884e+01,4.396985635625238729e+02
1.091000000000000014e+01,1.106067343822478809e-02,1.817693477713876182e-02,2.671913615139017914e-02,1.106067343822478809e-02,7.116261338913973736e-03,8.542201374251417317e-03,7.078831000463864598e+01,4.554407256904943324e+01,2.733504439760453408e+01,7.078831000463864598e+01,4.310022809138778257e+02
1.091999999999999993e+01,1.111470902887789179e-02,1.790945640685811732e-02,2.594039820389397802e-02,1.111470902887789179e-02,6.794747377980225531e-03,8.030941797035860696e-03,7.113413778481850613e+01,4.348638321907344562e+01,2.569901375051475512e+01,7.113413778481850613e+01,4.209586042632200815e+02
1.092999999999999972e+01,1.111004346828833173e-02,1.760804099083570010e-02,2.508232150766197266e-02,1.111004346828833173e-02,6.497997522547368371e-03,7.474280516826272563e-03,7.110427819704531771e+01,4.158718414430315846e+01,2.391769765384407265e+01,7.110427819704531771e+01,4.098274799855776678e+02
1.093999999999999950e+01,1.103999046030290643e-02,1.727405622585258954e-02,2.415858443989771925e-02,1.103999046030290643e-02,6.234065765549683114e-03,6.884528214045129713e-03,7.065593894593860114e+01,3.989802089951797370e+01,2.203049028494441330e+01,7.065593894593860114e+01,3.977533503912029573e+02
1.094999999999999929e+01,1.089444246945397640e-02,1.690011758895820781e-02,2.317663641487215098e-02,1.089444246945397640e-02,6.005675119504231413e-03,6.276518825913943167e-03,6.972443180450544276e+01,3.843632076482708015e+01,2.008486024292461991e+01,6.972443180450544276e+01,3.847368384367713929e+02
1.096000000000000085e+01,1.066175529091493816e-02,1.647193739254840250e-02,2.213890886040071823e-02,1.066175529091493816e-02,5.810182101633464338e-03,5.666971467852315730e-03,6.823523386185560469e+01,3.718516545045417132e+01,1.813430869712740900e+01,6.823523386185560469e+01,3.706641240283115621e+02
1.097000000000000064e+01,1.033145996965635464e-02,1.597140532515018210e-02,2.104497461187291446e-02,1.033145996965635464e-02,5.639945355493827459e-03,5.073569286722732358e-03,6.612134380580066306e+01,3.609565027516049440e+01,1.623542171751274310e+01,6.612134380580066306e+01,3.553572473954217230e+02
1.098000000000000043e+01,9.895875804000416748e-03,1.537898190575881681e-02,1.989280304020963133e-02,9.895875804000416748e-03,5.483106101758400061e-03,4.513821134450814523e-03,6.333360514560266807e+01,3.509187905125376261e+01,1.444422763024260625e+01,6.333360514560266807e+01,3.386091354812971304e+02
1.099000000000000021e+01,9.350917688816094697e-03,1.467564626082665941e-02,1.867944217733892576e-02,9.350917688816094697e-03,5.324728572010564709e-03,4.003795916512266351e-03,5.984587320842300784e+01,3.407826286086761058e+01,1.281214693283925143e+01,5.984587320842300784e+01,3.202088490063896415e+02
1.100000000000000000e+01,8.696814294013626573e-03,1.384502062882603420e-02,1.740185707262057596e-02,8.696814294013626573e-03,5.148206334812407622e-03,3.556836443794541766e-03,5.565961148168720740e+01,3.294852054279940745e+01,1.138187662014253299e+01,5.565961148168720740e+01,2.999700259338874275e+02
1.100999999999999979e+01,7.938393523203664606e-03,1.287520925034653894e-02,1.605757678092856189e-02,7.938393523203664606e-03,4.936815727142874338e-03,3.182367530582022944e-03,5.080571854850345659e+01,3.159562065371439488e+01,1.018357609786247409e+01,5.080571854850345659e+01,2.777547459002410051e+02
1.101999999999999957e+01,7.084690929947384114e-03,1.175996857182568835e-02,1.464487936450667611e-02,7.084690929947384114e-03,4.675277641878304233e-03,2.884910792680987768e-03,4.534202195166325566e+01,2.992177690802114753e+01,9.231714536579161745e+00,4.534202195166325566e+01,2.534865401887906842e+02
1.102999999999999936e+01,6.148214134771433532e-03,1.049939580302217644e-02,1.316280159670702582e-02,6.148214134771433532e-03,4.351181668250742908e-03,2.663405793684849379e-03,3.934857046253717527e+01,2.784756267680475617e+01,8.522898539791517791e+00,3.934857046253717527e+01,2.271570950374003246e+02
1.103999999999999915e+01,5.143770175258050026e-03,9.099905511574093997e-03,1.161082007316362880e-02,5.143770175258050026e-03,3.956135336316043971e-03,2.510914561589534799e-03,3.292012912165152017e+01,2.531926615242268142e+01,8.034926597086510469e+00,3.292012912165152017e+01,1.988229656134821255e+02
1.105000000000000071e+01,4.087061774999840684e-03,7.573584751804327518e-03,9.988340502742141386e-03,4.087061774999840684e-03,3.486522976804486834e-03,2.414755750937813868e-03,2.615719535999897971e+01,2.231374705154871663e+01,7.727218403001004710e+00,2.615719535999897971e+01,1.685944824436461147e+02
1.106000000000000050e+01,2.994437579944897194e-03,5.938247679063441559e-03,8.295326388772797377e-03,2.994437579944897194e-03,2.943810099118544365e-03,2.357078709709355818e-03,1.916440051164734371e+01,1.884038463435868493e+01,7.542651871069939062e+00,1.916440051164734371e+01,1.366423110512278924e+02
1.107000000000000028e+01,1.883924216268431477e-03,4.218331308705771526e-03,6.534181879481972509e-03,1.883924216268431477e-03,2.334407092437340049e-03,2.315850570776200983e-03,1.205711498411796079e+01,1.494020539159897609e+01,7.410721826483842811e+00,1.205711498411796079e+01,1.032241266066023400e+02
1.108000000000000007e+01,7.749200095289793993e-04,2.444070124807330279e-03,4.710265494495652697e-03,7.749200095289793993e-04,1.669150115278350988e-03,2.266195369688322418e-03,4.959488060985468572e+00,1.068256073778144710e+01,7.251825183002631903e+00,4.959488060985468572e+00,6.868162194530864895e+01
1.108999999999999986e+01,-3.147558060248508175e-04,6.476807691661891613e-04,2.829676015278637016e-03,-3.147558060248508175e-04,9.624365751910399789e-04,2.181995246112448071e-03,-2.014437158559045038e+00,6.159594081222655504e+00,6.982384787559833939e+00,-2.014437158559045038e+00,3.338262513067033410e+01
1.109999999999999964e+01,-1.371455151277176706e-03,-1.140413390729919183e-03,8.972272384247682170e-04,-1.371455151277176706e-03,2.310417605472575228e-04,2.037640629154687400e-03,-8.777312968173930585e+00,1.478667267502448146e+00,6.520450013295000069e+00,-8.777312968173930585e+00,-2.334587062129443780e+00
1.110999999999999943e+01,-2.385079778736893998e-03,-2.892370159338053612e-03,-1.082569475122939712e-03,-2.385079778736893998e-03,-5.072903806011596142e-04,1.809800684215113900e-03,-1.526451058391612214e+01,-3.246658435847421309e+00,5.791362189488364898e+00,-1.526451058391612214e+01,-3.815942049082554632e+01
1.111999999999999922e+01,-3.347275163989543115e-03,-4.582585526519116631e-03,-3.103505052264499912e-03,-3.347275163989543115e-03,-1.235310362529573516e-03,1.479080474254616719e-03,-2.142256104953307627e+01,-7.905986320189270167e+00,4.733057517614773779e+00,-2.142256104953307627e+01,-7.378646955632271442e+01
1.113000000000000078e+01,-4.251908090114169154e-03,-6.189525813139680997e-03,-5.158086893697915246e-03,-4.251908090114169154e-03,-1.937617723025511843e-03,1.031438919441765752e-03,-2.721221177673068325e+01,-1.240075342736327535e+01,3.300604542213650294e+00,-2.721221177673068325e+01,-1.089370819856409014e+02
1.114000000000000057e+01,-5.096898860066672275e-03,-7.698712636795648247e-03,-7.239452684918244035e-03,-5.096898860066672275e-03,-2.601813776728975972e-03,4.592599518774042114e-04,-3.262015270442670101e+01,-1.665160817106544755e+01,1.469631846007693365e+00,-3.262015270442670101e+01,-1.434063870884533571e+02
1.115000000000000036e+01,-5.883913402996362139e-03,-9.103295637002555701e-03,-9.341300250915649667e-03,-5.883913402996362139e-03,-3.219382234006193562e-03,-2.380046139130939653e-04,-3.765704577917671969e+01,-2.060404629763963769e+01,-7.616147645219006890e-01,-3.765704577917671969e+01,-1.770681205240147733e+02
1.116000000000000014e+01,-6.615949176194770021e-03,-1.040214958860030854e-02,-1.145581908619006974e-02,-6.615949176194770021e-03,-3.786200412405538521e-03,-1.053669497589761195e-03,-4.234207472764652636e+01,-2.423168263939544786e+01,-3.371742392287235823e+00,-4.234207472764652636e+01,-2.098364992779876275e+02
1.116999999999999993e+01,-7.296119861656243100e-03,-1.159872172906352070e-02,-1.357286087780542119e-02,-7.296119861656243100e-03,-4.302601867407277597e-03,-1.974139148741900496e-03,-4.669516711459995406e+01,-2.753665195140657573e+01,-6.317245275974081586e+00,-4.669516711459995406e+01,-2.416471930259418173e+02
1.117999999999999972e+01,-7.928518287334226575e-03,-1.270151555346161858e-02,-1.568120772758273621e-02,-7.928518287334226575e-03,-4.772997266127392002e-03,-2.979692174121117629e-03,-5.074251703893904875e+01,-3.054718250321531059e+01,-9.535014957187575746e+00,-5.074251703893904875e+01,-2.724741434980257964e+02
1.118999999999999950e+01,-8.518521971707652962e-03,-1.372365037496087702e-02,-1.776931398578992724e-02,-8.518521971707652962e-03,-5.205128403253224054e-03,-4.045663610829050225e-03,-5.451854061892898073e+01,-3.331282178082063439e+01,-1.294612355465296005e+01,-5.451854061892898073e+01,-3.023324578632077646e+02
1.119999999999999929e+01,-9.071101920477008668e-03,-1.468013337073055015e-02,-1.982406552812488940e-02,-9.071101920477008668e-03,-5.609031450253541481e-03,-5.143932157394339247e-03,-5.805505229105285281e+01,-3.589780128162266237e+01,-1.646058290366188714e+01,-5.805505229105285281e+01,-3.312403094290121999e+02
1.121000000000000085e+01,-9.588943674623932184e-03,-1.558471860446783777e-02,-2.182931605402792241e-02,-9.588943674623932184e-03,-5.995774929843905587e-03,-6.244597449560084640e-03,-6.136923951759316509e+01,-3.837295955100099576e+01,-1.998271183859226952e+01,-6.136923951759316509e+01,-3.591747327215592804e+02
1.122000000000000064e+01,-1.007227209924851756e-02,-1.644834234221480632e-02,-2.376606138776638996e-02,-1.007227209924851756e-02,-6.376070242966288756e-03,-7.317719045551583645e-03,-6.446254143519051638e+01,-4.080684955498424671e+01,-2.341670094576506855e+01,-6.446254143519051638e+01,-3.860582758078194843e+02
1.123000000000000043e+01,-1.051993646279293128e-02,-1.727883805890263053e-02,-2.561382392804284480e-02,-1.051993646279293128e-02,-6.758901596109699247e-03,-8.334985869140214276e-03,-6.732759336187476151e+01,-4.325697021510207207e+01,-2.667195478124868657e+01,-6.732759336187476151e+01,-4.117695550746765889e+02
1.124000000000000021e+01,-1.093030546609458607e-02,-1.808064008060165581e-02,-2.735183377678830283e-02,-1.093030546609458607e-02,-7.150334614507069739e-03,-9.271193696186647015e-03,-6.995395498300534598e+01,-4.576214153284524855e+01,-2.966781982779727045e+01,-6.995395498300534598e+01,-4.361517490309436198e+02
1.125000000000000000e+01,-1.130143424278778549e-02,-1.885406483401763644e-02,-2.895949291258030980e-02,-1.130143424278778549e-02,-7.552630591229850948e-03,-1.010542807856267336e-02,-7.232917915384182095e+01,-4.833683578387104518e+01,-3.233736985140055253e+01,-7.232917915384182095e+01,-4.590101543673403057e+02
1.125999999999999979e+01,-1.163105465634166509e-02,-1.959480134667357376e-02,-3.041667969885430978e-02,-1.163105465634166509e-02,-7.963746690331908670e-03,-1.082187835218073602e-02,-7.443874980058666324e+01,-5.096797881812421593e+01,-3.463001072697835525e+01,-7.443874980058666324e+01,-4.801102180370676820e+02
1.126999999999999957e+01,-1.191729176508041221e-02,-2.029456121672268409e-02,-3.170480327389815084e-02,-1.191729176508041221e-02,-8.377269451642271880e-03,-1.141024205717546675e-02,-7.627066729651463106e+01,-5.361452449051054003e+01,-3.651277458296149092e+01,-7.627066729651463106e+01,-4.991938991099599434e+02
1.127999999999999936e+01,-1.216022268738035927e-02,-2.094303244019214347e-02,-3.280874795637513108e-02,-1.216022268738035927e-02,-8.782809752811784193e-03,-1.186571551618298762e-02,-7.782542519923430291e+01,-5.620998241799541972e+01,-3.797028965178556348e+01,-7.782542519923430291e+01,-5.160170918070458583e+02
1.128999999999999915e+01,-1.236289276417614456e-02,-2.152974519396896880e-02,-3.371834796183444810e-02,-1.236289276417614456e-02,-9.166852429792824233e-03,-1.218860276786547930e-02,-7.912251369072733098e+01,-5.866785555067407643e+01,-3.900352885716953466e+01,-7.912251369072733098e+01,-5.303816942957128049e+02
1.130000000000000071e+01,-1.253041117013409256e-02,-2.204439307807678355e-02,-3.442800101940037688e-02,-1.253041117013409256e-02,-9.513981907942690996e-03,-1.238360794132359333e-02,-8.019463148885819237e+01,-6.088948421083322415e+01,-3.962754541223549865e+01,-8.019463148885819237e+01,-5.421349833357808166e+02
1.131000000000000050e+01,-1.266799881277069079e-02,-2.247632876203730853e-02,-3.493522999317592165e-02,-1.266799881277069079e-02,-9.808329949266617748e-03,-1.245890123113861311e-02,-8.107519240173242281e+01,-6.277331167530635270e+01,-3.986848393964356063e+01,-8.107519240173242281e+01,-5.511509640500470368e+02
1.132000000000000028e+01,-1.278007162873820435e-02,-2.281514139717095296e-02,-3.524020422475943048e-02,-1.278007162873820435e-02,-1.003506976843274862e-02,-1.242506282758847752e-02,-8.179245842392450072e+01,-6.422444651796959647e+01,-3.976020104828312896e+01,-8.179245842392450072e+01,-5.573313179705316998e+02
1.133000000000000007e+01,-1.287021952439983651e-02,-2.305202626483375192e-02,-3.534603815001509386e-02,-1.287021952439983651e-02,-1.018180674043391541e-02,-1.229401188518134194e-02,-8.236940495615895941e+01,-6.516356313877706441e+01,-3.934083803258029377e+01,-8.236940495615895941e+01,-5.606214183825488817e+02
1.133999999999999986e+01,-1.294001795148184975e-02,-2.317974716049028480e-02,-3.525776687301959006e-02,-1.294001795148184975e-02,-1.023972920900843506e-02,-1.207801971252930526e-02,-8.281611488948384192e+01,-6.553426693765398170e+01,-3.864966308009377371e+01,-8.281611488948384192e+01,-5.610001347216948488e+02
1.134999999999999964e+01,-1.298689139839217382e-02,-2.319126961465859879e-02,-3.498015827444345832e-02,-1.298689139839217382e-02,-1.020437821626642497e-02,-1.178888865978485953e-02,-8.311610494970990715e+01,-6.530802058410512245e+01,-3.772444371131155094e+01,-8.311610494970990715e+01,-5.584457077353797558e+02
1.135999999999999943e+01,-1.300393094235367634e-02,-2.307987022193267249e-02,-3.451722256517534421e-02,-1.300393094235367634e-02,-1.007593927957899614e-02,-1.143735234324267172e-02,-8.322515803106352905e+01,-6.448601138930557397e+01,-3.659952749837655261e+01,-8.322515803106352905e+01,-5.529320907562370166e+02
1.136999999999999922e+01,-1.298231056835828269e-02,-2.284137461959449833e-02,-3.387409753076577046e-02,-1.298231056835828269e-02,-9.859064051236215639e-03,-1.103272291117127213e-02,-8.308678763749300344e+01,-6.309800992791178231e+01,-3.530471331574807436e+01,-8.308678763749300344e+01,-5.444685326434585022e+02
1.138000000000000078e+01,-1.291325182499533826e-02,-2.247555877759302781e-02,-3.305834083551558583e-02,-1.291325182499533826e-02,-9.562306952597689549e-03,-1.058278205792255802e-02,-8.264481167997016087e+01,-6.119876449662521622e+01,-3.386490258535218345e+01,-8.264481167997016087e+01,-5.331254362858426248e+02
1.139000000000000057e+01,-1.278803166641434216e-02,-2.198529635163523621e-02,-3.207918395823090157e-02,-1.278803166641434216e-02,-9.197264685220894048e-03,-1.009388760659566536e-02,-8.184340266505178363e+01,-5.886249398541372102e+01,-3.230044034110613183e+01,-8.184340266505178363e+01,-5.190190109747150018e+02
1.140000000000000036e+01,-1.259836699976267169e-02,-2.137586998363174076e-02,-3.094711787062316699e-02,-1.259836699976267169e-02,-8.777502983869069075e-03,-9.571247886991426229e-03,-8.062954879848109613e+01,-5.617601909676204031e+01,-3.062799323837256438e+01,-8.062954879848109613e+01,-5.023006834008471060e+02
1.141000000000000014e+01,-1.233858185845116209e-02,-2.065597757117312167e-02,-2.967528077829057961e-02,-1.233858185845116209e-02,-8.317395712721959572e-03,-9.019303207117457949e-03,-7.896692389408744361e+01,-5.323133256142054393e+01,-2.886177026277586677e+01,-7.896692389408744361e+01,-4.831800801548515665e+02
1.141999999999999993e+01,-1.200728400612914928e-02,-1.983831143718947643e-02,-2.828046059801394077e-02,-1.200728400612914928e-02,-7.831027431060327143e-03,-8.442149160824464343e-03,-7.684661763922655098e+01,-5.011857555878609105e+01,-2.701487731463828723e+01,-7.684661763922655098e+01,-4.619402115379527913e+02
1.142999999999999972e+01,-1.160683331520625736e-02,-1.893810213647333096e-02,-2.678204240517496545e-02,-1.160683331520625736e-02,-7.331268821267073604e-03,-7.843940268701634494e-03,-7.428373321732004797e+01,-4.692012045610927373e+01,-2.510060885984523082e+01,-7.428373321732004797e+01,-4.389133875998236363e+02
1.143999999999999950e+01,-1.114236271044234151e-02,-1.797143925174829113e-02,-2.520066160986492165e-02,-1.114236271044234151e-02,-6.829076541305949613e-03,-7.229222358116630526e-03,-7.131112134683098702e+01,-4.370608986435807708e+01,-2.313351154597321724e+01,-7.131112134683098702e+01,-4.144521682714868689e+02
1.144999999999999929e+01,-1.062183637954882201e-02,-1.695488778700049437e-02,-2.355804374743048282e-02,-1.062183637954882201e-02,-6.333051407451672360e-03,-6.603155960429988452e-03,-6.797975282911245642e+01,-4.053152900769070044e+01,-2.113009907337596260e+01,-6.797975282911245642e+01,-3.889241427305373691e+02
1.146000000000000085e+01,-1.005559236483342077e-02,-1.590486731291079064e-02,-2.187647669928312333e-02,-1.005559236483342077e-02,-5.849274948077369876e-03,-5.971609386372332684e-03,-6.435579113493389514e+01,-3.743535966769516676e+01,-1.910915003639146548e+01,-6.435579113493389514e+01,-3.627009025170615928e+02
1.147000000000000064e+01,-9.454251768478189391e-03,-1.483564546352981149e-02,-2.017676251273461605e-02,-9.454251768478189391e-03,-5.381393695051622100e-03,-5.341117049204804554e-03,-6.050721131826040988e+01,-3.444091964833037878e+01,-1.709157455745537391e+01,-6.050721131826040988e+01,-3.361191165721385232e+02
1.148000000000000043e+01,-8.826901776107629397e-03,-1.375777998570229532e-02,-1.847649345021593406e-02,-8.826901776107629397e-03,-4.930878209594665926e-03,-4.718713464513638739e-03,-5.649217136708882947e+01,-3.155762054140586059e+01,-1.509988308644364352e+01,-5.649217136708882947e+01,-3.094490249848149688e+02
1.149000000000000021e+01,-8.181031418143865086e-03,-1.267842633763225334e-02,-1.679009108481882215e-02,-8.181031418143865086e-03,-4.497394919488388251e-03,-4.111664747186568811e-03,-5.235860107612073477e+01,-2.878332748472568525e+01,-1.315732719099701953e+01,-5.235860107612073477e+01,-2.828977672555303116e+02
1.150000000000000000e+01,-7.522731447009438528e-03,-1.160198341858246184e-02,-1.512911088188412419e-02,-7.522731447009438528e-03,-4.079251971573023307e-03,-3.527127463301662352e-03,-4.814548126086040725e+01,-2.610721261806735072e+01,-1.128680788256531997e+01,-4.814548126086040725e+01,-2.566185052844792267e+02
1.150999999999999979e+01,-6.855992736916271049e-03,-1.052986374919853696e-02,-1.350163321058711098e-02,-6.855992736916271049e-03,-3.673871012282265910e-03,-2.971769461388574021e-03,-4.387835351626413427e+01,-2.351277447860650227e+01,-9.509662276443437534e+00,-4.387835351626413427e+01,-2.307023708139421956e+02
1.151999999999999957e+01,-6.182716808455585022e-03,-9.460948811567055153e-03,-1.191233727359898055e-02,-6.182716808455585022e-03,-3.278232003111470130e-03,-2.451388462031925397e-03,-3.956938757411574414e+01,-2.098068481991341017e+01,-7.844443078502161271e+00,-3.956938757411574414e+01,-2.051835464175939592e+02
1.152999999999999936e+01,-5.504654988438812888e-03,-8.393931487572116670e-03,-1.036449379781645766e-02,-5.504654988438812888e-03,-2.889276499133303783e-03,-1.970562310244340989e-03,-3.522979192600840292e+01,-1.849136959445314332e+01,-6.305799392781890944e+00,-3.522979192600840292e+01,-1.800808827397303276e+02
1.153999999999999915e+01,-4.825507688994108875e-03,-7.329800357877191454e-03,-8.862161852980724591e-03,-4.825507688994108875e-03,-2.504292668883082579e-03,-1.532361495103533137e-03,-3.088324920956229747e+01,-1.602747308085172762e+01,-4.903556784331305707e+00,-3.088324920956229747e+01,-1.554428372242360012e+02
1.155000000000000071e+01,-4.151149233686424189e-03,-6.272438605230847182e-03,-7.410589209248329146e-03,-4.151149233686424189e-03,-2.121289371544422993e-03,-1.138150604017481964e-03,-2.656735509559311481e+01,-1.357625197788430782e+01,-3.642081932855942394e+00,-2.656735509559311481e+01,-1.313570670190000840e+02
1.156000000000000050e+01,-3.488334173327575435e-03,-5.227654609691254929e-03,-6.015154547286460061e-03,-3.488334173327575435e-03,-1.739320436363679494e-03,-7.874999375952051323e-04,-2.232533870929648145e+01,-1.113165079272754809e+01,-2.519999800304656645e+00,-2.232533870929648145e+01,-1.079309679069860550e+02
1.157000000000000028e+01,-2.843040985524270502e-03,-4.201735988770951245e-03,-4.679956348081291961e-03,-2.843040985524270502e-03,-1.358695003246680744e-03,-4.782203593103407160e-04,-1.819546230735533143e+01,-8.695648020778756759e+00,-1.530305149793090180e+00,-1.819546230735533143e+01,-8.526424643378153689e+01
1.158000000000000007e+01,-2.218892741197698790e-03,-3.199907324612332338e-03,-3.406430731680965170e-03,-2.218892741197698790e-03,-9.810145834146335488e-04,-2.065234070686328312e-04,-1.420091354366527270e+01,-6.278493333853655045e+00,-6.608749026196250043e-01,-1.420091354366527270e+01,-6.342084534041566002e+01
1.158999999999999986e+01,-1.616288639730396057e-03,-2.225292773681411714e-03,-2.192588546769839129e-03,-1.616288639730396057e-03,-6.090041339510156564e-04,3.270422691157258421e-05,-1.034424729427453471e+01,-3.897626457286500035e+00,1.046535261170322695e-01,-1.034424729427453471e+01,-4.241166067633200498e+01
1.159999999999999964e+01,-1.032940264505094246e-03,-1.279092504086204321e-03,-1.033556972190676848e-03,-1.032940264505094246e-03,-2.461522395811100751e-04,2.455355318955274729e-04,-6.610817692832602788e+00,-1.575374333319104370e+00,7.857137020656879134e-01,-6.610817692832602788e+00,-2.220143497225805973e+01
1.160999999999999943e+01,-4.652459284259459677e-04,-3.614707176066571685e-04,7.711046492991147680e-05,-4.652459284259459677e-04,1.037752108192887992e-04,4.385811825365686588e-04,-2.977573941926054069e+00,6.641613492434482735e-01,1.403459784117019771e+00,-2.977573941926054069e+00,-2.729858425696757962e+00
1.161999999999999922e+01,9.041588921929211988e-05,5.276763575288374083e-04,1.146226511876490385e-03,9.041588921929211988e-05,4.372604683095453020e-04,6.185501543476529772e-04,5.786616910034695360e-01,2.798466997181090044e+00,1.979360493912489583e+00,5.786616910034695360e-01,1.606946754629114693e+01
1.163000000000000078e+01,6.360896567513627670e-04,1.387595983377820077e-03,2.179428537978677412e-03,6.360896567513627670e-04,7.515063266264573102e-04,7.918325546008573353e-04,4.070973803208721264e+00,4.809640490409326397e+00,2.533864174722743279e+00,4.070973803208721264e+00,3.424343540502237460e+01
1.164000000000000057e+01,1.170028235386336981e-03,2.214786297807708887e-03,3.178925142682171613e-03,1.170028235386336981e-03,1.044758062421371906e-03,9.641388448744627263e-04,7.488180706472556736e+00,6.686451599496780140e+00,3.085244303598280613e+00,7.488180706472556736e+00,5.177962982870285202e+01
1.165000000000000036e+01,1.685383828399479372e-03,3.001778310898379175e-03,4.141997448567372175e-03,1.685383828399479372e-03,1.316394482498899803e-03,1.140219137668993001e-03,1.078645650175666759e+01,8.424924687992959349e+00,3.648701240540777491e+00,1.078645650175666759e+01,6.858024729087121329e+01
1.166000000000000014e+01,2.171076697536621861e-03,3.737846667953998499e-03,5.061519353962432716e-03,2.171076697536621861e-03,1.566769970417376638e-03,1.323672686008434216e-03,1.389489086423438025e+01,1.002732781067120982e+01,4.235752595226989214e+00,1.389489086423438025e+01,8.447391381039773250e+01
1.166999999999999993e+01,2.613463579512287013e-03,4.410319620309506236e-03,5.927163846195604088e-03,2.613463579512287013e-03,1.796856040797219223e-03,1.516844225886097852e-03,1.672616690887863555e+01,1.149987866110220303e+01,4.853901522835513127e+00,1.672616690887863555e+01,9.923984127844906311e+01
1.167999999999999972e+01,2.997140251854637540e-03,5.004891537912423832e-03,6.725684518529579520e-03,2.997140251854637540e-03,2.007751286057786293e-03,1.720792980617155687e-03,1.918169761186968003e+01,1.284960823076983161e+01,5.506537537974898200e+00,1.918169761186968003e+01,1.126135301418432277e+02
1.168999999999999950e+01,3.305820116542761231e-03,5.505946780377210178e-03,7.441259665154431949e-03,3.305820116542761231e-03,2.200126663834448947e-03,1.935312884777221770e-03,2.115724874587367310e+01,1.408081064854047249e+01,6.193001231287109221e+00,2.115724874587367310e+01,1.242931818771037626e+02
1.169999999999999929e+01,3.524560872250918995e-03,5.898254457527109425e-03,8.057234007055382244e-03,3.524560872250918995e-03,2.373693585276190430e-03,2.158979549528272819e-03,2.255718958240588279e+01,1.519163894576761820e+01,6.908734558490473354e+00,2.255718958240588279e+01,1.339726892599919097e+02
1.171000000000000085e+01,3.642013910972903817e-03,6.168813482765361095e-03,8.558014925154285718e-03,3.642013910972903817e-03,2.526799571792457278e-03,2.389201442388924623e-03,2.330888903022658454e+01,1.617151725947172736e+01,7.645444615644558795e+00,2.330888903022658454e+01,1.413775527160286174e+02
1.172000000000000064e+01,3.651098982624297658e-03,6.307325239768308417e-03,8.929584635168795123e-03,3.651098982624297658e-03,2.656226257144010758e-03,2.622259395400486706e-03,2.336703348879550646e+01,1.699984804572167008e+01,8.391230065281558126e+00,2.336703348879550646e+01,1.462743347993962288e+02
1.173000000000000043e+01,3.549214054649102272e-03,6.306430901176062614e-03,9.159758986427303171e-03,3.549214054649102272e-03,2.757216846526960342e-03,2.853328085251240556e-03,2.271496994975425565e+01,1.764618781777254597e+01,9.130649872803969558e+00,2.271496994975425565e+01,1.484754229209923153e+02
1.174000000000000021e+01,3.339522913802983953e-03,6.163268887133408792e-03,9.239752637034238242e-03,3.339522913802983953e-03,2.823745973330424840e-03,3.076483749900829449e-03,2.137294664833909863e+01,1.807197422931471920e+01,9.844747999682654793e+00,2.137294664833909863e+01,1.478690066320094161e+02
1.175000000000000000e+01,3.032092844510905771e-03,5.881133327894520757e-03,9.165846461638165257e-03,3.032092844510905771e-03,2.849040483383614986e-03,3.284713133743644500e-03,1.940539420486979694e+01,1.823385909365513413e+01,1.051108202797966307e+01,1.940539420486979694e+01,1.444510059795137806e+02
1.175999999999999979e+01,2.642823886432763003e-03,5.469136278687406795e-03,8.939084335552835436e-03,2.642823886432763003e-03,2.826312392254643792e-03,3.469948056865428641e-03,1.691407287316968322e+01,1.808839931042972182e+01,1.110383378196937088e+01,1.691407287316968322e+01,1.383189178967063242e+02
1.176999999999999957e+01,2.190627469449248684e-03,4.940221759057192817e-03,8.563377207325152327e-03,2.190627469449248684e-03,2.749594289607944133e-03,3.623155448267959509e-03,1.402001580447519125e+01,1.759740345349084123e+01,1.159409743445747054e+01,1.402001580447519125e+01,1.296345500772704895e+02
1.177999999999999936e+01,1.694744508268712256e-03,4.309279238781740969e-03,8.043791051094621378e-03,1.694744508268712256e-03,2.614534730513028496e-03,3.734511812312880409e-03,1.084636485291975916e+01,1.673302227528338193e+01,1.195043779940121809e+01,1.084636485291975916e+01,1.185894747828130704e+02
1.178999999999999915e+01,1.172812482492349966e-03,3.591841045600464074e-03,7.385524538265637005e-03,1.172812482492349966e-03,2.419028563108114108e-03,3.793683492665172931e-03,7.505999887951039895e+00,1.548178280389192985e+01,1.213978717652855366e+01,7.505999887951039895e+00,1.053827096051145702e+02
1.180000000000000071e+01,6.394672742081693086e-04,2.803061442775822872e-03,6.593282585509803624e-03,6.394672742081693086e-04,2.163594168567653346e-03,3.790221142733980753e-03,4.092590554932283631e+00,1.384700267883298075e+01,1.212870765674873752e+01,4.092590554932283631e+00,9.020490267154200126e+01
1.181000000000000050e+01,1.059350108156629215e-04,1.957390935619894752e-03,5.671451747872259010e-03,1.059350108156629215e-04,1.851455924804231790e-03,3.714060812252364258e-03,6.779840692202426800e-01,1.184931791874708296e+01,1.188499459920756607e+01,6.779840692202426800e-01,7.323688976152467944e+01
1.182000000000000028e+01,-4.192293255879118497e-04,1.069117125391298544e-03,4.625224958021400753e-03,-4.192293255879118497e-04,1.488346450979210339e-03,3.556107832630102210e-03,-2.683067683762635713e+00,9.525417286266947059e+00,1.137954506441632674e+01,-2.683067683762635713e+00,5.466568400076192091e+01
1.183000000000000007e+01,-9.293542420435778545e-04,1.527307045069710542e-04,3.461596677270769359e-03,-9.293542420435778545e-04,1.082084946550548963e-03,3.308865972763798142e-03,-5.947867149078898130e+00,6.925343657923513696e+00,1.058837111284415400e+01,-5.947867149078898130e+00,3.469754286506631047e+01
1.183999999999999986e+01,-1.419521204449255463e-03,-7.775236844096035512e-04,2.189541191517561068e-03,-1.419521204449255463e-03,6.419975200396519114e-04,2.967064875927164728e-03,-9.084935708475235572e+00,4.108784128253772039e+00,9.494607602966926407e+00,-9.084935708475235572e+00,1.355536806823639040e+01
1.184999999999999964e+01,-1.886130192263776482e-03,-1.707881909250758088e-03,8.203523527411340404e-04,-1.886130192263776482e-03,1.782482830130183941e-04,2.528234261991892020e-03,-1.207123323048817021e+01,1.140789011283317667e+00,8.090349638374053853e+00,-1.207123323048817021e+01,-8.520283742492409829e+00
1.185999999999999943e+01,-2.325398186694877661e-03,-2.624228041927547089e-03,-6.310537179803215897e-04,-2.325398186694877661e-03,-2.988298552326694273e-04,1.993174323947225282e-03,-1.488254839484721614e+01,-1.912511073489084445e+00,6.378157836631120681e+00,-1.488254839484721614e+01,-3.125070489511553973e+01
1.186999999999999922e+01,-2.731770825389593163e-03,-3.511073481211613931e-03,-2.144794806412389770e-03,-2.731770825389593163e-03,-7.793026558220207678e-04,1.366278674799224161e-03,-1.748333328249339758e+01,-4.987536997260932914e+00,4.372091759357517482e+00,-1.748333328249339758e+01,-5.429633556119045323e+01
1.188000000000000078e+01,-3.097250242803671876e-03,-4.351270682190777790e-03,-3.695592047302310220e-03,-3.097250242803671876e-03,-1.254020439387105914e-03,6.556786348884675701e-04,-1.982240155394350012e+01,-8.025730812077478404e+00,2.098171631643096280e+00,-1.982240155394350012e+01,-7.724988220313363740e+01
1.189000000000000057e+01,-3.411233220383134545e-03,-5.126015874652670862e-03,-5.252822058634530264e-03,-3.411233220383134545e-03,-1.714782654269536317e-03,-1.268061839818594022e-04,-2.183189261045206209e+01,-1.097460898732503232e+01,-4.057797887419500871e-01,-2.183189261045206209e+01,-9.963684415955712836e+01
1.190000000000000036e+01,-3.660540214127744503e-03,-5.814815218206658559e-03,-6.780723618943298309e-03,-3.660540214127744503e-03,-2.154275004078914056e-03,-9.659084007366397495e-04,-2.342745737041756371e+01,-1.378736002610505018e+01,-3.090906882357247198e+00,-2.342745737041756371e+01,-1.209171728366395797e+02
1.191000000000000014e+01,-3.830384844511272157e-03,-6.396194763500320270e-03,-8.239519795988716616e-03,-3.830384844511272157e-03,-2.565809918989048113e-03,-1.843325032488396346e-03,-2.451446300487214103e+01,-1.642118348152990848e+01,-5.898640103962867975e+00,-2.451446300487214103e+01,-1.405028597710947338e+02
1.191999999999999993e+01,-3.906264316509772822e-03,-6.849209115609705169e-03,-9.587477214881965151e-03,-3.906264316509772822e-03,-2.942944799099932347e-03,-2.738268099272259982e-03,-2.500009162566254517e+01,-1.883484671423956769e+01,-8.762457917671232721e+00,-2.500009162566254517e+01,-1.577921887727200385e+02
1.192999999999999972e+01,-3.875331464753675736e-03,-7.154402412616655930e-03,-1.078251410424318525e-02,-3.875331464753675736e-03,-3.279070947862980194e-03,-3.628111691626529321e-03,-2.480212137442352471e+01,-2.098605406632307435e+01,-1.160995741320489394e+01,-2.480212137442352471e+01,-1.721943985618544843e+02
1.193999999999999950e+01,-3.726722304326958619e-03,-7.293769485483110604e-03,-1.178285966865297643e-02,-3.726722304326958619e-03,-3.567047181156151985e-03,-4.489090183169865828e-03,-2.385102274769253583e+01,-2.282910195939937381e+01,-1.436508858614357109e+01,-2.385102274769253583e+01,-1.831356398797064458e+02
1.194999999999999929e+01,-3.452032839511217765e-03,-7.250964794009701238e-03,-1.254796847152785805e-02,-3.452032839511217765e-03,-3.798931954498483473e-03,-5.297003677518156810e-03,-2.209301017287179292e+01,-2.431316450879029389e+01,-1.695041176805810323e+01,-2.209301017287179292e+01,-1.900697593491605630e+02
1.196000000000000085e+01,-3.046428258668045213e-03,-7.012295529886697874e-03,-1.304018782125530330e-02,-3.046428258668045213e-03,-3.965867271218653095e-03,-6.027892291368605431e-03,-1.949714085547548947e+01,-2.538155053579938070e+01,-1.928925533237953616e+01,-1.949714085547548947e+01,-1.925038401709632012e+02
1.197000000000000064e+01,-2.509504870064932936e-03,-6.567665875125101166e-03,-1.322631586188419833e-02,-2.509504870064932936e-03,-4.058161005060168663e-03,-6.658649986759097167e-03,-1.606083116841557157e+01,-2.597223043238507856e+01,-2.130767995762911227e+01,-1.606083116841557157e+01,-1.900222246752892943e+02
1.198000000000000043e+01,-1.845969388314428611e-03,-5.911561692641693205e-03,-1.307912207998046181e-02,-1.845969388314428611e-03,-4.065592304327264594e-03,-7.167560387338768602e-03,-1.181420408521234222e+01,-2.601979074769449340e+01,-2.293619323948405864e+01,-1.181420408521234222e+01,-1.823105642171726686e+02
1.199000000000000021e+01,-1.067107049806216524e-03,-5.045060364086931259e-03,-1.257981048310253744e-02,-1.067107049806216524e-03,-3.977953314280714518e-03,-7.534750119015606179e-03,-6.829485118759786033e+00,-2.545890121139657225e+01,-2.411120038084994022e+01,-6.829485118759786033e+00,-1.691987601330188795e+02
1.200000000000000000e+01,-1.921650510221196084e-04,-3.977997093562388349e-03,-1.172056576660962697e-02,-1.921650510221196084e-04,-3.785832042540268876e-03,-7.742568673047238621e-03,-1.229856326541565403e+00,-2.422932507225771914e+01,-2.477621975375116392e+01,-1.229856326541565403e+00,-1.507062034576513270e+02
1.200999999999999979e+01,7.525451768295290727e-04,-2.729047395901153077e-03,-1.050496334657186580e-02,7.525451768295290727e-04,-3.481592572730682258e-03,-7.775915950670712722e-03,4.816289131708986204e+00,-2.228219246547636700e+01,-2.488293104214628215e+01,4.816289131708986204e+00,-1.270465031277409764e+02
1.201999999999999957e+01,1.736531512169508986e-03,-1.323901877257688525e-03,-8.946448519128839816e-03,1.736531512169508986e-03,-3.060433389427197511e-03,-7.622546641871150858e-03,1.111380167788485807e+01,-1.958677369233406296e+01,-2.439214925398768230e+01,1.111380167788485807e+01,-9.859536380531065447e+01
1.202999999999999936e+01,2.727455846950976089e-03,2.060819380610476705e-04,-7.067299960375089327e-03,2.727455846950976089e-03,-2.521373908889928527e-03,-7.273381898436136889e-03,1.745571742048624841e+01,-1.613679301689554180e+01,-2.327482207499563671e+01,1.745571742048624841e+01,-6.586769301421477962e+01
1.203999999999999915e+01,3.692706778844485026e-03,1.824663118189193481e-03,-4.898189915871979661e-03,3.692706778844485026e-03,-1.868043660655291545e-03,-6.722853034061173141e-03,2.363332338460470439e+01,-1.195547942819386655e+01,-2.151312970899575561e+01,2.363332338460470439e+01,-2.950585725775476931e+01
1.205000000000000071e+01,4.602400205542897353e-03,3.493238604862233723e-03,-2.476051651268755018e-03,4.602400205542897353e-03,-1.109161600680663631e-03,-5.969290256130988306e-03,2.945536131547454417e+01,-7.098634244356246903e+00,-1.910172881961916147e+01,2.945536131547454417e+01,9.764994754497422491e+00
1.206000000000000050e+01,5.433462632456895897e-03,5.174877529390406114e-03,1.595250064221377662e-04,5.433462632456895897e-03,-2.585851030664897826e-04,-5.015352522968268348e-03,3.477416084772413285e+01,-1.654944659625534609e+00,-1.604912807349845849e+01,3.477416084772413285e+01,5.121026434380041792e+01
1.207000000000000028e+01,6.171699544775020342e-03,6.836849165695438151e-03,2.968375197133053030e-03,6.171699544775020342e-03,6.651496209204178084e-04,-3.868473968562385120e-03,3.949887708656012819e+01,4.256957573890673530e+00,-1.237911669939963311e+01,3.949887708656012819e+01,9.413015388315349696e+01
1.208000000000000007e+01,6.811076852673732945e-03,8.450846044728489714e-03,5.909564430477676905e-03,6.811076852673732945e-03,1.639769192054756769e-03,-2.541281614250812809e-03,4.359089185711189174e+01,1.049452282915044421e+01,-8.132101165602600545e+00,4.359089185711189174e+01,1.378599405619791867e+02
1.208999999999999986e+01,7.352759436141501764e-03,9.993336095923751813e-03,8.941413124268191709e-03,7.352759436141501764e-03,2.640576659782250049e-03,-1.051922971655560105e-03,4.705766039130561040e+01,1.689969062260639987e+01,-3.366153509297792112e+00,4.705766039130561040e+01,1.817735925138426580e+02
1.209999999999999964e+01,7.805285329089237112e-03,1.144729625916673064e-02,1.202306269938976414e-02,7.805285329089237112e-03,3.642010930077493533e-03,5.757664402230334988e-04,4.995382610617112107e+01,2.330886995249595728e+01,1.842452608713707196e+00,4.995382610617112107e+01,2.253154460021423233e+02
1.210999999999999943e+01,8.184364221962520808e-03,1.280369223743159195e-02,1.511601817556716687e-02,8.184364221962520808e-03,4.619328015469071139e-03,2.312325938135574924e-03,5.237993102056013583e+01,2.956369929900205662e+01,7.399443002033839534e+00,5.237993102056013583e+01,2.680292199647881262e+02
1.211999999999999922e+01,8.511244535222678084e-03,1.406150271975750363e-02,1.818452764812296743e-02,8.511244535222678084e-03,5.550258184534825542e-03,4.123024928365463804e-03,5.447196502542514196e+01,3.552165238102288214e+01,1.319367977076948506e+01,5.447196502542514196e+01,3.095618915316525204e+02
1.213000000000000078e+01,8.810500949943520302e-03,1.522697605983132883e-02,2.119553168333650553e-02,8.810500949943520302e-03,6.416475109887808531e-03,5.968555623505176697e-03,5.638720607963853126e+01,4.106544070328197193e+01,1.909937799521656387e+01,5.638720607963853126e+01,3.496560743344111870e+02
1.214000000000000057e+01,9.107673840702453991e-03,1.631239862180494313e-02,2.411848178288651320e-02,9.107673840702453991e-03,7.204724781102489137e-03,7.806083161081570077e-03,5.828911258049570421e+01,4.611023859905593270e+01,2.497946611546102247e+01,5.828911258049570421e+01,3.881364518850380136e+02
1.215000000000000036e+01,9.426488300245601179e-03,1.733397767282745042e-02,2.692461940379450858e-02,9.426488300245601179e-03,7.907489372581849238e-03,9.590641730967058159e-03,6.032952512157184799e+01,5.060793198452383734e+01,3.069005353909458478e+01,6.032952512157184799e+01,4.248825319355707961e+02
1.216000000000000014e+01,9.786648052329850744e-03,1.830975430065779133e-02,2.958658491887075637e-02,9.786648052329850744e-03,8.523106248327940587e-03,1.127683061821296504e-02,6.263454753491104299e+01,5.454787998929882065e+01,3.608585797828148856e+01,6.263454753491104299e+01,4.598048565074740281e+02
1.216999999999999993e+01,1.020315999188420829e-02,1.925849783839935631e-02,3.207922773038301284e-02,1.020315999188420829e-02,9.055337846515148018e-03,1.282072989198365653e-02,6.530022394805892816e+01,5.795416221769694687e+01,4.102633565434770446e+01,6.530022394805892816e+01,4.928421654603107527e+02
1.217999999999999972e+01,1.068574488257457988e-02,2.019820258677609837e-02,3.438012878016975110e-02,1.068574488257457988e-02,9.512457704201518482e-03,1.418192619339365274e-02,6.838876724847730770e+01,6.087972930688971474e+01,4.538216381885968786e+01,6.838876724847730770e+01,5.239519811226800812e+02
1.218999999999999950e+01,1.123705707157340514e-02,2.114299808141053769e-02,3.646851599184636888e-02,1.123705707157340514e-02,9.905941009837132549e-03,1.532551791043583120e-02,7.191716525806978666e+01,6.339802246295764832e+01,4.904165731339465850e+01,7.191716525806978666e+01,5.530705351032662520e+02
1.219999999999999929e+01,1.185175288407965682e-02,2.210061823392500679e-02,3.832457592858489609e-02,1.185175288407965682e-02,1.024886534984534997e-02,1.622395769465988929e-02,7.585121845810979835e+01,6.559273823901024514e+01,5.191666462291164663e+01,7.585121845810979835e+01,5.800818639600950064e+02
1.221000000000000085e+01,1.251871617362520193e-02,2.307290891863146565e-02,3.993149956074827645e-02,1.251871617362520193e-02,1.055419274500626371e-02,1.685859064211681080e-02,8.011978351120129105e+01,6.754683356804008554e+01,5.394749005477379455e+01,8.011978351120129105e+01,6.048423214020455134e+02
1.222000000000000064e+01,1.322447126757607568e-02,2.405763775389388806e-02,4.127839856125744417e-02,1.322447126757607568e-02,1.083316648631781239e-02,1.722076080736355611e-02,8.463661611248689098e+01,6.933226551243400593e+01,5.510643458356337732e+01,8.463661611248689098e+01,6.272259486254528156e+02
1.223000000000000043e+01,1.395416385665307867e-02,2.504818815846190233e-02,4.236057524313924932e-02,1.395416385665307867e-02,1.109402430180882367e-02,1.731238708467734699e-02,8.930664868257970568e+01,7.100175553157647812e+01,5.539963867096751216e+01,8.930664868257970568e+01,6.471241286553711234e+02
1.224000000000000021e+01,1.469057908747465821e-02,2.603170707651513913e-02,4.317765518383316625e-02,1.469057908747465821e-02,1.134112798904048092e-02,1.714594810731802713e-02,9.401970615983780988e+01,7.258321912985907431e+01,5.486703394341768814e+01,9.401970615983780988e+01,6.644098776993437241e+02
1.225000000000000000e+01,1.541451932382012675e-02,2.698906575818417128e-02,4.373292527178857664e-02,1.541451932382012675e-02,1.157454643436404453e-02,1.674385951360440536e-02,9.865292367244880722e+01,7.407709717992987919e+01,5.358035044353409404e+01,9.865292367244880722e+01,6.789311138877383200e+02
1.225999999999999979e+01,1.610688392917022579e-02,2.789700590890214355e-02,4.403427793528072454e-02,1.610688392917022579e-02,1.179012197973191775e-02,1.613727202637858099e-02,1.030840571466894460e+02,7.545678067028427449e+01,5.163927048441146184e+01,1.030840571466894460e+02,6.905403249041555682e+02
1.226999999999999957e+01,1.674987778464075150e-02,2.872989854358060091e-02,4.409426106019633668e-02,1.674987778464075150e-02,1.198002075893984941e-02,1.536436251661573577e-02,1.071992178217008131e+02,7.667213285721503269e+01,4.916596005317035178e+01,1.071992178217008131e+02,6.991119321962585218e+02
1.227999999999999936e+01,1.732682287635053248e-02,2.946051782902337976e-02,4.392874667021941237e-02,1.732682287635053248e-02,1.213369495267284728e-02,1.446822884119603261e-02,1.108916664086434025e+02,7.765564769710621817e+01,4.629833229182730747e+01,1.108916664086434025e+02,7.045369391927308698e+02
1.228999999999999915e+01,1.782226549369068588e-02,3.006139622628754143e-02,4.355592490260341842e-02,1.782226549369068588e-02,1.223913073259685555e-02,1.349452867631587699e-02,1.140624991596203870e+02,7.833043668861986930e+01,4.318249176421080904e+01,1.140624991596203870e+02,7.067262828373532102e+02
1.230000000000000071e+01,1.822248940915837875e-02,3.050673116073961133e-02,4.299575133343934430e-02,1.822248940915837875e-02,1.228424175158123258e-02,1.248902017269973297e-02,1.166239322186136178e+02,7.861914721011989116e+01,3.996486455263914195e+01,1.166239322186136178e+02,7.056238319441179101e+02
1.231000000000000050e+01,1.851520280039935587e-02,3.077345991963545760e-02,4.226862681649205117e-02,1.851520280039935587e-02,1.225825711923610173e-02,1.149516689685659357e-02,1.184972979225558731e+02,7.845284556311105462e+01,3.678453406994110253e+01,1.184972979225558731e+02,7.012040326668241050e+02
1.232000000000000028e+01,1.868884990116195105e-02,3.084179345435750577e-02,4.139375428772876925e-02,1.868884990116195105e-02,1.215294355319555472e-02,1.055196083337126348e-02,1.196086393674364814e+02,7.777883874045154755e+01,3.376627466678804268e+01,1.196086393674364814e+02,6.934612583240282220e+02
1.233000000000000007e+01,1.873276622843143488e-02,3.069629357791281432e-02,4.038838966124216889e-02,1.873276622843143488e-02,1.196352734948137944e-02,9.692096083329354572e-03,1.198897038619611806e+02,7.656657503668083109e+01,3.101470746665393463e+01,1.198897038619611806e+02,6.824129590958877998e+02
1.233999999999999986e+01,1.863752556661701573e-02,3.032675593008553674e-02,3.926735075656723195e-02,1.863752556661701573e-02,1.168923036346852101e-02,8.940594826481695206e-03,1.192801636263488945e+02,7.481107432619853626e+01,2.860990344474142333e+01,1.192801636263488945e+02,6.681034241918665657e+02
1.234999999999999964e+01,1.839415140221130687e-02,2.972751569603452465e-02,3.804146494960734121e-02,1.839415140221130687e-02,1.133336429382321778e-02,8.313949253572816556e-03,1.177225689741523666e+02,7.253353148046859644e+01,2.660463761143301298e+01,1.177225689741523666e+02,6.505822141981618643e+02
1.235999999999999943e+01,1.799282593899409477e-02,2.889577407796180275e-02,3.671557546372873626e-02,1.799282593899409477e-02,1.090294813896770798e-02,7.819801385766933510e-03,1.151540860095622065e+02,6.977886808939332752e+01,2.502336443445418723e+01,1.151540860095622065e+02,6.298689556002291283e+02
1.236999999999999922e+01,1.742283923650809682e-02,2.783070541811017221e-02,3.528784568447016629e-02,1.742283923650809682e-02,1.040786618160207538e-02,7.457140266359994080e-03,1.115061711136518170e+02,6.661034356225327713e+01,2.386284885235198061e+01,1.115061711136518170e+02,6.059380905847712029e+02
1.238000000000000078e+01,1.667411958812365508e-02,2.653378519340665598e-02,3.375074253521674617e-02,1.667411958812365508e-02,9.859665605283000900e-03,7.216957341810090187e-03,1.067143653639913907e+02,6.310185987381120754e+01,2.309426349379229038e+01,1.067143653639913907e+02,5.787314661947846162e+02
1.239000000000000057e+01,1.573933379192346896e-02,2.500949301915833534e-02,3.209276355384579199e-02,1.573933379192346896e-02,9.270159227234866378e-03,7.083270534687456654e-03,1.007317362683102004e+02,5.932901905430314571e+01,2.266646571099986218e+01,1.007317362683102004e+02,5.481816631008396143e+02
1.240000000000000036e+01,1.461580322841381230e-02,2.326582759880614290e-02,3.030023633242760750e-02,1.461580322841381230e-02,8.650024370392330603e-03,7.034408733621464599e-03,9.354114066184840226e+01,5.536015597051091675e+01,2.251010794758868627e+01,9.354114066184840226e+01,5.142342137398439945e+02
1.241000000000000014e+01,1.330693007927321279e-02,2.131450971583465429e-02,2.835895201426897813e-02,1.330693007927321279e-02,8.007579636561441491e-03,7.044442298434323846e-03,8.516435250734856766e+01,5.124850967399322599e+01,2.254221535498983542e+01,8.516435250734856766e+01,4.768652326089948588e+02
1.241999999999999993e+01,1.182282065423726630e-02,1.917070706623426671e-02,2.625535802185961776e-02,1.182282065423726630e-02,7.347886411997000405e-03,7.084650955625351049e-03,7.566605218711850966e+01,4.702647303678079993e+01,2.267088305800112380e+01,7.566605218711850966e+01,4.360902248457013002e+02
1.242999999999999972e+01,1.018021253631086823e-02,1.685248382638274839e-02,2.397741981588978957e-02,1.018021253631086823e-02,6.672271290071880162e-03,7.124935989507041184e-03,6.515336023238955931e+01,4.270253625646003570e+01,2.279979516642253046e+01,6.515336023238955931e+01,3.919670749658163800e+02
1.243999999999999950e+01,8.402105650714282795e-03,1.438041975170927488e-02,2.151552573481157679e-02,8.402105650714282795e-03,5.978314100994992081e-03,7.135105983102301916e-03,5.377347616457141299e+01,3.826121024636795198e+01,2.283233914592736724e+01,5.377347616457141299e+01,3.446010766706001505e+02
1.244999999999999929e+01,6.517011731005523112e-03,1.177730889849969501e-02,1.886330024850222178e-02,6.517011731005523112e-03,5.260297167494171894e-03,7.085991350002526779e-03,4.170887507843534792e+01,3.366590187196270278e+01,2.267517232000808747e+01,4.170887507843534792e+01,2.941498478112183648e+02
1.246000000000000085e+01,4.557768113179649916e-03,9.067830431988178549e-03,1.601819973697196989e-02,4.557768113179649916e-03,4.510062318808528634e-03,6.950369304983791338e-03,2.916971592434975946e+01,2.886439884037458370e+01,2.224118177594813162e+01,2.916971592434975946e+01,2.408258896220174279e+02
1.247000000000000064e+01,2.560252293100420511e-03,6.278434018588015947e-03,1.298213875720460528e-02,2.560252293100420511e-03,3.718181725487595436e-03,6.703704738616589331e-03,1.638561467584269238e+01,2.379636304312061057e+01,2.145185516357308586e+01,1.638561467584269238e+01,1.849014986476091735e+02
1.248000000000000043e+01,5.617316145970719038e-04,3.437049620260746157e-03,9.761780827597170765e-03,5.617316145970719038e-04,2.875318005663674362e-03,6.324731207336424174e-03,3.595082333421260046e+00,1.840203523624751725e+01,2.023913986347655580e+01,3.595082333421260046e+00,1.267087722994360064e+02
1.249000000000000021e+01,-1.401547351701229287e-03,5.720730244047868762e-04,6.367980997551011060e-03,-1.401547351701229287e-03,1.973620376106016271e-03,5.795907973146224509e-03,-8.969903050887866769e+00,1.263117040707850336e+01,1.854690551406791954e+01,-8.969903050887866769e+00,6.662451861077568083e+01
1.250000000000000000e+01,-3.296509065571047708e-03,-2.288514614243993082e-03,2.815277912411343238e-03,-3.296509065571047708e-03,1.007994451327054626e-03,5.103792526655336753e-03,-2.109765801965470544e+01,6.451164488493149385e+00,1.633213608529707628e+01,-2.109765801965470544e+01,5.056927662406536683e+00
1.250999999999999979e+01,-5.094107647921727183e-03,-5.116992209617872434e-03,-8.776285854757974892e-04,-5.094107647921727183e-03,-2.288456169614525026e-05,4.239363624142075161e-03,-3.260228894669905486e+01,-1.464611948553296017e-01,1.356596359725464040e+01,-3.260228894669905486e+01,-5.754835963289923484e+01
1.251999999999999957e+01,-6.770149571390814483e-03,-7.886052322415871077e-03,-4.687733002649460863e-03,-6.770149571390814483e-03,-1.115902751025056594e-03,3.198319319766410214e-03,-4.332895725690121225e+01,-7.141777606560362202e+00,1.023462182325251213e+01,-4.332895725690121225e+01,-1.207083391206271870e+02
1.252999999999999936e+01,-8.307470070848244764e-03,-1.057072738526862454e-02,-8.589367823091722046e-03,-8.307470070848244764e-03,-2.263257314420379779e-03,1.981359562176902497e-03,-5.316780845342876916e+01,-1.448484681229043147e+01,6.340350598966088214e+00,-5.316780845342876916e+01,-1.839369140002593213e+02
1.253999999999999915e+01,-9.697730847712558028e-03,-1.315041466161696176e-02,-1.255596961300526650e-02,-9.697730847712558028e-03,-3.452683813904403737e-03,5.944450486116952675e-04,-6.206547742536037049e+01,-2.209717640898818303e+01,1.902224155557424856e+00,-6.206547742536037049e+01,-2.467812890363733800e+02
1.255000000000000071e+01,-1.094022266725441436e-02,-1.560836401730823254e-02,-1.655935824574419901e-02,-1.094022266725441436e-02,-4.668141350053818181e-03,-9.509942284359664683e-04,-7.001742507042824570e+01,-2.987610464034443680e+01,-3.043181530995092920e+00,-7.001742507042824570e+01,-3.088101337253033307e+02
1.256000000000000050e+01,-1.203870902859013187e-02,-1.792954103346095646e-02,-2.056748266881694084e-02,-1.203870902859013187e-02,-5.890832004870824590e-03,-2.637941635355984388e-03,-7.704773778297683862e+01,-3.770132483117328093e+01,-8.441413233139149597e+00,-7.704773778297683862e+01,-3.695714275418678199e+02
1.257000000000000028e+01,-1.299955501387874829e-02,-2.009994796206106618e-02,-2.454376340043763413e-02,-1.299955501387874829e-02,-7.100392948182317893e-03,-4.443815438376567950e-03,-8.319715208882398372e+01,-4.544251486836683540e+01,-1.422020940280501833e+01,-8.319715208882398372e+01,-4.285796290799875123e+02
1.258000000000000007e+01,-1.383144985596914192e-02,-2.210758186393030691e-02,-2.844825738292637227e-02,-1.383144985596914192e-02,-8.276132007961164994e-03,-6.340675518996065352e-03,-8.852127907820251096e+01,-5.296724485095145951e+01,-2.029016166078740824e+01,-8.852127907820251096e+01,-4.853360567698241539e+02
1.258999999999999986e+01,-1.454451020424868575e-02,-2.394271202811568827e-02,-3.223836521555709100e-02,-1.454451020424868575e-02,-9.398201823867002522e-03,-8.295653187441402732e-03,-9.308486530719159191e+01,-6.014849167274881836e+01,-2.654609019981248963e+01,-9.308486530719159191e+01,-5.393383415392587494e+02
1.259999999999999964e+01,-1.514859399312506495e-02,-2.559719771048056189e-02,-3.586882542635797672e-02,-1.514859399312506495e-02,-1.044860371735549694e-02,-1.027162771587741483e-02,-9.695100155600042058e+01,-6.687106379107518705e+01,-3.286920869080772434e+01,-9.695100155600042058e+01,-5.900738221136500670e+02
1.260999999999999943e+01,-1.565261174502902836e-02,-2.706454456332806069e-02,-3.929269861210847592e-02,-1.565261174502902836e-02,-1.141193281829903233e-02,-1.222815404878041523e-02,-1.001767151681857797e+02,-7.303637003711381226e+01,-3.913009295609732874e+01,-1.001767151681857797e+02,-6.370295344841907763e+02
1.261999999999999922e+01,-1.606477791250084455e-02,-2.834060646217470558e-02,-4.246323083845462282e-02,-1.606477791250084455e-02,-1.227582854967386103e-02,-1.412262437627991724e-02,-1.028145786400054078e+02,-7.856530271791271502e+01,-4.519239800409573604e+01,-1.028145786400054078e+02,-6.797168380860415482e+02
1.263000000000000078e+01,-1.639229362912977134e-02,-2.942342432501897712e-02,-4.533504897120545912e-02,-1.639229362912977134e-02,-1.303113069588920578e-02,-1.591162464618648201e-02,-1.049106792264305312e+02,-8.339923645369091787e+01,-5.091719886779674198e+01,-1.049106792264305312e+02,-7.176813436437546443e+02
1.264000000000000057e+01,-1.664054060769369625e-02,-3.031229352250955009e-02,-4.786472118489048383e-02,-1.664054060769369625e-02,-1.367175291481585384e-02,-1.755242766238093374e-02,-1.064994598892396596e+02,-8.749921865482146188e+01,-5.616776851961898842e+01,-1.064994598892396596e+02,-7.504993411910403438e+02
1.265000000000000036e+01,-1.681288163826211157e-02,-3.100718865274553968e-02,-5.001173732605955491e-02,-1.681288163826211157e-02,-1.419430701448342810e-02,-1.900454867331401523e-02,-1.076024424848775141e+02,-9.084356489269393364e+01,-6.081455575460484653e+01,-1.076024424848775141e+02,-7.777816893965289182e+02
1.266000000000000014e+01,-1.691088684270121087e-02,-3.150842966577019344e-02,-5.173970858845838849e-02,-1.691088684270121087e-02,-1.459754282306898257e-02,-2.023127892268819505e-02,-1.082296757932877540e+02,-9.342427406764149111e+01,-6.474009255260222062e+01,-1.082296757932877540e+02,-7.991821272405943546e+02
1.266999999999999993e+01,-1.693431235422235975e-02,-3.181599565440547395e-02,-5.301710448302534434e-02,-1.693431235422235975e-02,-1.488168330018311419e-02,-2.120110882861987039e-02,-1.083795990670231078e+02,-9.524277312117193617e+01,-6.784354825158358437e+01,-1.083795990670231078e+02,-8.143977613193358138e+02
1.267999999999999972e+01,-1.688128621510468289e-02,-3.192902277739275568e-02,-5.381797851769237057e-02,-1.688128621510468289e-02,-1.504773656228807280e-02,-2.188895574029961488e-02,-1.080402317766699696e+02,-9.630551399864366147e+01,-7.004465836895876407e+01,-1.080402317766699696e+02,-8.231712124328171285e+02
1.268999999999999950e+01,-1.674925515960847683e-02,-3.184612891046621763e-02,-5.412325043564691907e-02,-1.674925515960847683e-02,-1.509687375085774080e-02,-2.227712152518070143e-02,-1.071952330214942464e+02,-9.661999200548953581e+01,-7.128678888057824281e+01,-1.071952330214942464e+02,-8.253060417226861318e+02
1.269999999999999929e+01,-1.653629280604293136e-02,-3.156625797246728066e-02,-5.392218018182472206e-02,-1.653629280604293136e-02,-1.502996516642434929e-02,-2.235592220935744140e-02,-1.058322739586747616e+02,-9.619177706511582926e+01,-7.153895106994380626e+01,-1.058322739586747616e+02,-8.206890062812030919e+02
1.271000000000000085e+01,-1.624223970729954739e-02,-3.108959055185974221e-02,-5.321354503839381689e-02,-1.624223970729954739e-02,-1.484735084456019483e-02,-2.212395448653407468e-02,-1.039503341267171095e+02,-9.502304540518524334e+01,-7.079665435690904474e+01,-1.039503341267171095e+02,-8.093101016664340932e+02
1.272000000000000064e+01,-1.586947961826738057e-02,-3.041836794203593361e-02,-5.200635808217934919e-02,-1.586947961826738057e-02,-1.454888832376855304e-02,-2.158799014014341558e-02,-1.015646695569112410e+02,-9.311288527211874566e+01,-6.908156844845892408e+01,-1.015646695569112410e+02,-7.912773698324667748e+02
1.273000000000000043e+01,-1.542311729476889166e-02,-2.955739489564424699e-02,-5.031991150178689864e-02,-1.542311729476889166e-02,-1.413427760087535533e-02,-2.076251660614265165e-02,-9.870795068652090265e+01,-9.045937664560227631e+01,-6.644005313965648440e+01,-9.870795068652090265e+01,-7.668221414153390469e+02
1.274000000000000021e+01,-1.491084275362018416e-02,-2.851446487549654310e-02,-4.818343203143435338e-02,-1.491084275362018416e-02,-1.360362212187635894e-02,-1.966896715593781028e-02,-9.542939362316917595e+01,-8.706318158000870255e+01,-6.294069489900099512e+01,-9.542939362316917595e+01,-7.362998103065366422e+02
1.275000000000000000e+01,-1.434334935969605769e-02,-2.730151353028089506e-02,-4.563621866039262176e-02,-1.434334935969605769e-02,-1.295816417058483737e-02,-1.833470513011172670e-02,-9.179743590205477233e+01,-8.293225069174296493e+01,-5.867105641635752278e+01,-9.179743590205477233e+01,-7.002022290304657872e+02
1.275999999999999979e+01,-1.373485634206817949e-02,-2.593598349526536964e-02,-4.272782535632495965e-02,-1.373485634206817949e-02,-1.220112715319719016e-02,-1.679184186105959001e-02,-8.790308058923635315e+01,-7.808721378046202233e+01,-5.373389395539069113e+01,-8.790308058923635315e+01,-6.591725649752671643e+02
1.276999999999999957e+01,-1.310177866886185968e-02,-2.444034592278502074e-02,-3.951632207164772898e-02,-1.310177866886185968e-02,-1.133856725392316106e-02,-1.507597614886270823e-02,-8.385138348071589576e+01,-7.256683042510823611e+01,-4.824312367636066767e+01,-8.385138348071589576e+01,-6.139840127465544128e+02
1.277999999999999936e+01,-1.245927449166631812e-02,-2.283935635092899583e-02,-3.606429892207083099e-02,-1.245927449166631812e-02,-1.038008185926267771e-02,-1.322494257114183516e-02,-7.973935674666444129e+01,-6.643252389928113644e+01,-4.231981622765387385e+01,-7.973935674666444129e+01,-5.654750906207983689e+02
1.278999999999999915e+01,-1.181817418414018474e-02,-2.115738029264623010e-02,-3.243502548582693351e-02,-1.181817418414018474e-02,-9.339206108506045365e-03,-1.127764519318070341e-02,-7.563631477849718010e+01,-5.977091909443868900e+01,-3.608846461817825002e+01,-7.563631477849718010e+01,-5.144870954733423787e+02
1.280000000000000071e+01,-1.118382761427004490e-02,-1.941721303382172928e-02,-2.869024659923430712e-02,-1.118382761427004490e-02,-8.233385419551684375e-03,-9.273033565412577839e-03,-7.157649673132829093e+01,-5.269366668513077911e+01,-2.967370740932025086e+01,-7.157649673132829093e+01,-4.618316124773379556e+02
1.281000000000000050e+01,-1.055561253445785018e-02,-1.763910087159687237e-02,-2.488835362998440687e-02,-1.055561253445785018e-02,-7.083488337139022192e-03,-7.249252758387534495e-03,-6.755592022053023982e+01,-4.533432535768974248e+01,-2.319760882684010994e+01,-6.755592022053023982e+01,-4.082635632151802838e+02
1.282000000000000028e+01,-9.926601421705262898e-03,-1.583947993727296069e-02,-2.108245243291927487e-02,-9.926601421705262898e-03,-5.912878515567697793e-03,-5.242972495646314179e-03,-6.353024909891368566e+01,-3.784242249963326543e+01,-1.677751198606820537e+01,-6.353024909891368566e+01,-3.544505507538454481e+02
1.283000000000000007e+01,-9.284932787652192682e-03,-1.403105863697007294e-02,-1.731993444904447732e-02,-9.284932787652192682e-03,-4.746125849317880258e-03,-3.288875812074404381e-03,-5.942356984097403227e+01,-3.037520543563443454e+01,-1.052440259863809402e+01,-5.942356984097403227e+01,-3.009695336257397003e+02
1.283999999999999986e+01,-8.616605686571729428e-03,-1.222411448316695036e-02,-1.364338328930291000e-02,-8.616605686571729428e-03,-3.607508796595220932e-03,-1.419268806135959640e-03,-5.514627639405907189e+01,-2.308805629820941263e+01,-4.541660179635070627e+00,-5.514627639405907189e+01,-2.483279786157106912e+02
1.284999999999999964e+01,-7.907011909840829661e-03,-1.042649336509714891e-02,-1.009025607617127646e-02,-7.907011909840829661e-03,-2.519481455256319252e-03,3.362372889258724573e-04,-5.060487622298131072e+01,-1.612468131364044410e+01,1.075959324562791863e+00,-5.060487622298131072e+01,-1.969607946361768711e+02
1.285999999999999943e+01,-7.141124022185286156e-03,-8.642367057500039210e-03,-6.691345020581987088e-03,-7.141124022185286156e-03,-1.501243035314753053e-03,1.951022036918052122e-03,-4.570319374198582807e+01,-9.607955426014418876e+00,6.243270518137766345e+00,-4.570319374198582807e+01,-1.472036359495874365e+02
1.286999999999999922e+01,-6.305316240892675644e-03,-6.872850045399980443e-03,-3.471076193614178965e-03,-6.305316240892675644e-03,-5.675338045073047982e-04,3.401773851785801477e-03,-4.035402394171312324e+01,-3.632216348846750709e+00,1.088567632571456478e+01,-4.035402394171312324e+01,-9.930169189453592082e+01
1.288000000000000078e+01,-5.390934712153877539e-03,-5.118740787542301433e-03,-4.498800785150164241e-04,-5.390934712153877539e-03,2.721939246115761060e-04,4.668860709027285172e-03,-3.450198215778481625e+01,1.742041117514087079e+00,1.494035426888731166e+01,-3.450198215778481625e+01,-5.345876031415022567e+01
1.289000000000000057e+01,-4.396001285546875283e-03,-3.381893224814132987e-03,2.354870598700712064e-03,-4.396001285546875283e-03,1.014108060732742296e-03,5.736763823514845484e-03,-2.813440822750000336e+01,6.490291588689550473e+00,1.835764423524750555e+01,-2.813440822750000336e+01,-9.859417210688832256e+00
1.290000000000000036e+01,-3.324222001570420817e-03,-1.664410013185446723e-03,4.930150995267826818e-03,-3.324222001570420817e-03,1.659811988384974095e-03,6.594561008453273324e-03,-2.127502081005069456e+01,1.062279672566383404e+01,2.110259522705047530e+01,-2.127502081005069456e+01,3.135111342799083900e+01
1.291000000000000014e+01,-2.184918773778625478e-03,3.077605775750591580e-05,7.267200077802242648e-03,-2.184918773778625478e-03,2.215694831536131441e-03,7.236424020044736685e-03,-1.398348015218320306e+01,1.418044692183124056e+01,2.315655686414315895e+01,-1.398348015218320306e+01,7.006057090137360888e+01
1.291999999999999993e+01,-9.950924857634693178e-04,1.696771577399242264e-03,9.358847186655293651e-03,-9.950924857634693178e-04,2.691864063162711582e-03,7.662075609256050954e-03,-6.368591908886203967e+00,1.722793000424135457e+01,2.451864194961936150e+01,-6.368591908886203967e+00,1.061339401349235345e+02
1.292999999999999972e+01,2.201960891013193171e-04,3.320918426458336920e-03,1.119805674945921481e-02,2.201960891013193171e-04,3.100722337357017522e-03,7.877138323000878323e-03,1.409254970248443595e+00,1.984462295908491214e+01,2.520684263360281108e+01,1.409254970248443595e+00,1.393821616888084804e+02
1.293999999999999950e+01,1.431212568163799711e-03,4.886555018268032811e-03,1.277985574507071835e-02,1.431212568163799711e-03,3.455342450104233101e-03,7.893300726802686407e-03,9.159760436248317816e+00,2.211419168066709062e+01,2.525856232576859739e+01,9.159760436248317816e+00,1.695975433280520122e+02
1.294999999999999929e+01,2.607079159358616574e-03,6.374942848285499765e-03,1.410317382882256623e-02,2.607079159358616574e-03,3.767863688926883191e-03,7.728230980537066468e-03,1.668530661989514741e+01,2.411432760913205087e+01,2.473033913771861236e+01,1.668530661989514741e+01,1.965899201002374070e+02
1.296000000000000085e+01,3.716032120169751075e-03,7.764118136934735660e-03,1.516930121639956976e-02,3.716032120169751075e-03,4.048086016764984585e-03,7.405183079464834096e-03,2.378260556908640666e+01,2.590775050729590134e+01,2.369658585428746989e+01,2.378260556908640666e+01,2.201608257920093195e+02
1.297000000000000064e+01,4.724674631581429404e-03,9.027023252363942582e-03,1.597928757779358902e-02,4.724674631581429404e-03,4.302348620782513178e-03,6.952264325429646438e-03,3.023791764212114686e+01,2.753503117300808611e+01,2.224724584137486971e+01,3.023791764212114686e+01,2.400605839695123223e+02
1.298000000000000043e+01,5.600060547445568498e-03,1.013282432106787055e-02,1.653418460651562283e-02,5.600060547445568498e-03,4.532763773622302053e-03,6.401360285447752277e-03,3.584038750365164105e+01,2.900968815118273270e+01,2.048435291343280795e+01,3.584038750365164105e+01,2.560032857048015558e+02
1.299000000000000021e+01,6.313561377398072515e-03,1.105046876861314267e-02,1.683721309430087978e-02,6.313561377398072515e-03,4.736907391215070158e-03,5.786744325687737112e-03,4.040679281534766432e+01,3.031620730377644790e+01,1.851758184220075876e+01,4.040679281534766432e+01,2.677217458839746200e+02
1.300000000000000000e+01,6.842654169016268093e-03,1.175068606600593313e-02,1.689411744032714296e-02,6.842654169016268093e-03,4.908031896989665036e-03,5.143431374321209837e-03,4.379298668170411446e+01,3.141140414073385756e+01,1.645898039782787237e+01,4.379298668170411446e+01,2.749901136607975332e+02
1.300999999999999979e+01,7.170497361865692428e-03,1.220626262314495301e-02,1.671162861927331933e-02,7.170497361865692428e-03,5.035765261279260586e-03,4.505365996128366315e-03,4.589118311594042865e+01,3.222889767218726575e+01,1.441717118761077288e+01,4.589118311594042865e+01,2.776117559272153699e+02
1.301999999999999957e+01,7.286436957389544680e-03,1.239363402837619955e-02,1.629719259673393164e-02,7.286436957389544680e-03,5.107197070986654874e-03,3.903558568357732086e-03,4.663319652729308729e+01,3.268606125431459475e+01,1.249138741874474334e+01,4.663319652729308729e+01,2.754319356010572619e+02
1.302999999999999936e+01,7.187770039962257038e-03,1.229602369318521377e-02,1.566032157098234262e-02,7.187770039962257038e-03,5.108253653222956728e-03,3.364297877797128855e-03,4.600172825575844371e+01,3.269282338062692617e+01,1.076575320895081234e+01,4.600172825575844371e+01,2.683809145360085040e+02
1.303999999999999915e+01,6.879566433011668342e-03,1.190481131263469543e-02,1.481238419656218108e-02,6.879566433011668342e-03,5.025244879623027086e-03,2.907572883927485655e-03,4.402922517127467472e+01,3.216156722958737646e+01,9.304233228567953873e+00,4.402922517127467472e+01,2.564850768882899956e+02
1.305000000000000071e+01,6.371732895584268815e-03,1.121813099930928440e-02,1.376396013350776257e-02,6.371732895584268815e-03,4.846398103725015581e-03,2.545829134198478172e-03,4.077909053173932108e+01,3.101694786384009817e+01,8.146653229435131038e+00,4.077909053173932108e+01,2.398280748750436260e+02
1.306000000000000050e+01,5.676799709869876157e-03,1.023997135623932152e-02,1.252313640268640400e-02,5.676799709869876157e-03,4.563171646369445361e-03,2.283165046447082486e-03,3.633151814316720873e+01,2.920429853676445120e+01,7.306128148630664398e+00,3.633151814316720873e+01,2.185258344856869428e+02
1.307000000000000028e+01,4.810424877306977709e-03,8.981638080836216315e-03,1.109667980788446237e-02,4.810424877306977709e-03,4.171213203529238606e-03,2.115041727048246056e-03,3.078671921476465911e+01,2.669576450258712796e+01,6.768133526554387380e+00,3.078671921476465911e+01,1.927518517317185456e+02
1.308000000000000007e+01,3.791714434812776344e-03,7.462624814275043393e-03,9.491166454627875809e-03,3.791714434812776344e-03,3.670910379462267049e-03,2.028541640352832416e-03,2.426697238280176805e+01,2.349382642855850989e+01,6.491333249129064065e+00,2.426697238280176805e+01,1.627563961814680056e+02
1.308999999999999986e+01,2.641045321557035624e-03,5.708538342160108386e-03,7.711708522950122720e-03,2.641045321557035624e-03,3.067493020603072763e-03,2.003170180790014333e-03,1.690269005796502810e+01,1.963195533185966468e+01,6.410144578528045756e+00,1.690269005796502810e+01,1.288343699050582245e+02
1.309999999999999964e+01,1.378428426928774136e-03,3.749087961462261274e-03,5.761240500161620391e-03,1.378428426928774136e-03,2.370659534533487139e-03,2.012152538699359117e-03,8.821941932344154580e+00,1.517222102101431780e+01,6.438888123837949173e+00,8.821941932344154580e+00,9.129915323158925844e+01
1.310999999999999943e+01,2.554859995995902597e-05,1.619344144287921229e-03,3.643484105510849409e-03,2.554859995995902597e-05,1.593795544327962109e-03,2.024139961222927962e-03,1.635110397437377627e-01,1.020029148369895822e+01,6.477247875913369590e+00,1.635110397437377627e-01,5.052315119806819865e+01
1.311999999999999922e+01,-1.391143410425758984e-03,-6.381834009356278630e-04,1.367026674861632424e-03,-1.391143410425758984e-03,7.529600094901311210e-04,2.005210075797260287e-03,-8.903317826724856943e+00,4.818944060736838786e+00,6.416672242551232586e+00,-8.903317826724856943e+00,6.996895429689644175e+00
1.313000000000000078e+01,-2.840445147032492554e-03,-2.974631492452172073e-03,-1.053602564827185511e-03,-2.840445147032492554e-03,-1.341863454196795188e-04,1.921028927624986561e-03,-1.817884894100795279e+01,-8.587926106859489206e-01,6.147292568399956636e+00,-1.817884894100795279e+01,-3.867104694988183411e+01
1.314000000000000057e+01,-4.288634816506209368e-03,-5.338044304573024909e-03,-3.599007074389754760e-03,-4.288634816506209368e-03,-1.049409488066815541e-03,1.739037230183270149e-03,-2.744726282563973996e+01,-6.716220723627619904e+00,5.564919136586464532e+00,-2.744726282563973996e+01,-8.579569323804267356e+01
1.315000000000000036e+01,-5.700552840794671956e-03,-7.675372199021025105e-03,-6.244844322724690117e-03,-5.700552840794671956e-03,-1.974819358226353148e-03,1.430527876296334988e-03,-3.648353818108589763e+01,-1.263884389264866037e+01,4.577689204148271962e+00,-3.648353818108589763e+01,-1.336340786087588697e+02
1.316000000000000014e+01,-7.039744642006569991e-03,-9.933340545083201370e-03,-8.960845621860951890e-03,-7.039744642006569991e-03,-2.893595903076631379e-03,9.724949232222494799e-04,-4.505436570884204883e+01,-1.851901377969043949e+01,3.111983754311198336e+00,-4.505436570884204883e+01,-1.813841872026638669e+02
1.316999999999999993e+01,-8.270249845542355233e-03,-1.206072006758007915e-02,-1.171156506765112619e-02,-8.270249845542355233e-03,-3.790470222037723921e-03,3.491549999289529638e-04,-5.292959901147107615e+01,-2.425900942104143354e+01,1.117295999772649484e+00,-5.292959901147107615e+01,-2.282139372982196051e+02
1.317999999999999972e+01,-9.359928751143074821e-03,-1.401190623152246198e-02,-1.445883863873831908e-02,-9.359928751143074821e-03,-4.651977480379387159e-03,-4.469324072158570998e-04,-5.990354400731568063e+01,-2.977265587442807870e+01,-1.430183703090742720e+00,-5.990354400731568063e+01,-2.733191507545034824e+02
1.318999999999999950e+01,-1.028273539830502209e-02,-1.574927166446888488e-02,-1.716346410956380922e-02,-1.028273539830502209e-02,-5.466536266163862789e-03,-1.414192445094924339e-03,-6.580950654915214670e+01,-3.498583210344872185e+01,-4.525415824303758328e+00,-6.580950654915214670e+01,-3.159622634307139037e+02
1.319999999999999929e+01,-1.101914258128111439e-02,-1.724353448301656905e-02,-1.978536487979279043e-02,-1.101914258128111439e-02,-6.224391901735454660e-03,-2.541830396776221385e-03,-7.052251252019912897e+01,-3.983610817110690761e+01,-8.133857269683907987e+00,-7.052251252019912897e+01,-3.554774338829698763e+02
1.321000000000000085e+01,-1.155629737413723691e-02,-1.847374231777633435e-02,-2.228383236094099926e-02,-1.155629737413723691e-02,-6.917444943639097441e-03,-3.810090043164664902e-03,-7.396030319447831403e+01,-4.427164763929022229e+01,-1.219228813812692813e+01,-7.396030319447831403e+01,-3.912727169156863738e+02
1.322000000000000064e+01,-1.188876355581093558e-02,-1.942776604985041108e-02,-2.461871236011560146e-02,-1.188876355581093558e-02,-7.539002494039475505e-03,-5.190946310265190378e-03,-7.608808675718998416e+01,-4.824961596185264057e+01,-1.661102819284860743e+01,-7.608808675718998416e+01,-4.228461927356736965e+02
1.323000000000000043e+01,-1.201898535096976306e-02,-2.010249303694000914e-02,-2.675167676443181847e-02,-1.201898535096976306e-02,-8.083507685970246076e-03,-6.649183727491809331e-03,-7.692150624620649069e+01,-5.173444919020957400e+01,-2.127738792797379119e+01,-7.692150624620649069e+01,-4.498000300931695392e+02
1.324000000000000021e+01,-1.195669122438377911e-02,-2.050298420371424873e-02,-2.864678104755467511e-02,-1.195669122438377911e-02,-8.546292979330469622e-03,-8.143796843840426375e-03,-7.652282383605619032e+01,-5.469627506771500691e+01,-2.606014990028936396e+01,-7.652282383605619032e+01,-4.718377464121816729e+02
1.325000000000000000e+01,-1.171752605126232492e-02,-2.064090465954370249e-02,-3.027054251739156807e-02,-1.171752605126232492e-02,-8.923378608281377564e-03,-9.629637857847865579e-03,-7.499216672807888528e+01,-5.710962309300081330e+01,-3.081484114511317074e+01,-7.499216672807888528e+01,-4.887498928985786506e+02
1.325999999999999979e+01,-1.132147923520334006e-02,-2.053280032207638328e-02,-3.159203016766958666e-02,-1.132147923520334006e-02,-9.211321086873043226e-03,-1.105922984559320338e-02,-7.245746710530137591e+01,-5.895245495598747709e+01,-3.538953550589825170e+01,-7.245746710530137591e+01,-5.003983727015613567e+02
1.326999999999999957e+01,-1.079123397029559638e-02,-2.019834375235137272e-02,-3.258300453499745480e-02,-1.079123397029559638e-02,-9.407109782055776345e-03,-1.238466078264608208e-02,-6.906389740989182258e+01,-6.020550260515696550e+01,-3.963091450446746222e+01,-6.906389740989182258e+01,-5.067009435585487154e+02
1.327999999999999936e+01,-1.015020260509582467e-02,-1.965830398142726435e-02,-3.321777774926484156e-02,-1.015020260509582467e-02,-9.508101376331439675e-03,-1.355947376783757721e-02,-6.496129667261327256e+01,-6.085184880852121125e+01,-4.339031605708024841e+01,-6.496129667261327256e+01,-5.076103846146442038e+02
1.328999999999999915e+01,-9.420143669533599315e-03,-1.893211206352909959e-02,-3.347258401752992857e-02,-9.420143669533599315e-03,-9.511968393995500273e-03,-1.454047195400082898e-02,-6.028891948501503606e+01,-6.087659772157120130e+01,-4.652951025280265185e+01,-6.028891948501503606e+01,-5.030850823781667032e+02
1.330000000000000071e+01,-8.618863262842644396e-03,-1.803549260149925684e-02,-3.332485462179503310e-02,-8.618863262842644396e-03,-9.416629338656612447e-03,-1.528936202029577626e-02,-5.516072488219292325e+01,-6.026642776740231966e+01,-4.892595846494648271e+01,-5.516072488219292325e+01,-4.930593333436251555e+02
1.331000000000000050e+01,-7.758992158570727007e-03,-1.697913327503114411e-02,-3.275330060188626213e-02,-7.758992158570727007e-03,-9.220141116460417105e-03,-1.577416732685511802e-02,-4.965754981485265063e+01,-5.900890314534667169e+01,-5.047733544593637589e+01,-4.965754981485265063e+01,-4.774313652184071088e+02
1.332000000000000028e+01,-6.848383384554589982e-03,-1.576895422356561216e-02,-3.173930595193143883e-02,-6.848383384554589982e-03,-8.920570839011023045e-03,-1.597035172836582667e-02,-4.382965366114937922e+01,-5.709165336967054571e+01,-5.110512553077064268e+01,-4.382965366114937922e+01,-4.560792976847716886e+02
1.333000000000000007e+01,-5.891410318234923359e-03,-1.440730845440914287e-02,-3.026891678873425487e-02,-5.891410318234923359e-03,-8.515898136174218647e-03,-1.586160833432511200e-02,-3.770502603670350794e+01,-5.450174807151499579e+01,-5.075714666984035972e+01,-3.770502603670350794e+01,-4.288917623341766330e+02
1.333999999999999986e+01,-4.889808687156454829e-03,-1.289380839854538038e-02,-2.833409289209815746e-02,-4.889808687156454829e-03,-8.003999711388924687e-03,-1.544028449355277707e-02,-3.129477559780131202e+01,-5.122559815288911977e+01,-4.940891037936888353e+01,-3.129477559780131202e+01,-3.957878523901779317e+02
1.334999999999999964e+01,-3.842805962138852883e-03,-1.122554426723417799e-02,-2.593297801698996735e-02,-3.842805962138852883e-03,-7.382738305095325540e-03,-1.470743374975578936e-02,-2.459395815768865745e+01,-4.724952515261008301e+01,-4.706378799921852618e+01,-2.459395815768865745e+01,-3.567218139285517964e+02
1.335999999999999943e+01,-2.747858909866619272e-03,-9.398017344281662036e-03,-2.307052297334242705e-02,-2.747858909866619272e-03,-6.650158434415042764e-03,-1.367250562906076501e-02,-1.758629702314636489e+01,-4.256101398025627702e+01,-4.375201801299444782e+01,-1.758629702314636489e+01,-3.116979870491912266e+02
1.336999999999999922e+01,-1.602798747077707319e-03,-7.407601468318366494e-03,-1.976030519597625490e-02,-1.602798747077707319e-03,-5.804802721240658742e-03,-1.235270372765788841e-02,-1.025791198129732607e+01,-3.715073741594021328e+01,-3.952865192850524068e+01,-1.025791198129732607e+01,-2.608119039772283827e+02
1.338000000000000078e+01,-4.077842608820473128e-04,-5.253951874773420128e-03,-1.602601300277414070e-02,-4.077842608820473128e-04,-4.846167613891372815e-03,-1.077206112800072058e-02,-2.609819269645102580e+00,-3.101547272890478624e+01,-3.447059560960230584e+01,-2.609819269645102580e+00,-2.042876628244565893e+02
1.339000000000000057e+01,8.349100641080462511e-04,-2.940362798817195301e-03,-1.190066107472334718e-02,8.349100641080462511e-04,-3.775272862925241335e-03,-8.960298275906152313e-03,5.343424410291495619e+00,-2.416174632272154454e+01,-2.867295448289968718e+01,5.343424410291495619e+00,-1.424738291859892456e+02
1.340000000000000036e+01,2.122242882379438492e-03,-4.730159778628338077e-04,-7.424555463840283240e-03,2.122242882379438492e-03,-2.595258860242272408e-03,-6.951539485977449757e-03,1.358235444722840590e+01,-1.660965670555054174e+01,-2.224492635512783778e+01,1.358235444722840590e+01,-7.581668584034991909e+01
1.341000000000000014e+01,3.450249753686254316e-03,2.138327928029946923e-03,-2.644640458555441633e-03,3.450249753686254316e-03,-1.311921825656307394e-03,-4.782968386585388990e-03,2.208159842359202685e+01,-8.396299684200366542e+00,-1.530549883707324454e+01,2.208159842359202685e+01,-4.860600293044740283e+00
1.341999999999999993e+01,4.812743640265799983e-03,4.878604334708682572e-03,2.385104005380234756e-03,4.812743640265799983e-03,6.586069444288258912e-05,-2.493500329328447816e-03,3.080155929770111811e+01,4.215084444344485703e-01,-7.979201053851032732e+00,3.080155929770111811e+01,6.973160006485362317e+01
1.342999999999999972e+01,6.201832379615189114e-03,7.727686674383315787e-03,7.605144369623634097e-03,6.201832379615189114e-03,1.525854294768126673e-03,-1.225423047596816903e-04,3.969172722953720722e+01,9.765467486516010709e+00,-3.921353752309814089e-01,3.969172722953720722e+01,1.471951780224667061e+02
1.343999999999999950e+01,7.610472864657153239e-03,1.066289347921635725e-02,1.295399523588773236e-02,7.610472864657153239e-03,3.052420614559204007e-03,2.291101756671375111e-03,4.870702633380577851e+01,1.953549193317890698e+01,7.331525621348400357e+00,4.870702633380577851e+01,2.267221316649992673e+02
1.344999999999999929e+01,9.033835794549104070e-03,1.366061053525454913e-02,1.837075089399017175e-02,9.033835794549104070e-03,4.626774740705445060e-03,4.710140358735622618e-03,5.781654908511426783e+01,2.961135834051484750e+01,1.507244914795399282e+01,5.781654908511426783e+01,3.075010697207493422e+02
1.346000000000000085e+01,1.046799195793593137e-02,1.669553756476992862e-02,2.379503714879073473e-02,1.046799195793593137e-02,6.227545606833997244e-03,7.099499584020806109e-03,6.699514853078996168e+01,3.985629188373758325e+01,2.271839866886658044e+01,6.699514853078996168e+01,3.887095172501823868e+02
1.347000000000000064e+01,1.190780979341034794e-02,1.973936719750262955e-02,2.916619242379361529e-02,1.190780979341034794e-02,7.831557404092281613e-03,9.426825226290985738e-03,7.620998267782623259e+01,5.012196738619060454e+01,3.016584072413115436e+01,7.620998267782623259e+01,4.694933723644439851e+02
1.348000000000000043e+01,1.334518988991309496e-02,2.275990879470644879e-02,3.442270783821271829e-02,1.334518988991309496e-02,9.414718904793353826e-03,1.166279904350626950e-02,8.540921529544380064e+01,6.025420099067746094e+01,3.732095693922006063e+01,8.540921529544380064e+01,5.489531196760240164e+02
1.349000000000000021e+01,1.476684698668786697e-02,2.571974420132714864e-02,3.950104051903590568e-02,1.476684698668786697e-02,1.095289721463928168e-02,1.378129631770875704e-02,9.450782071480234947e+01,7.009854217369139917e+01,4.410014821666802476e+01,9.450782071480234947e+01,6.261195333154853415e+02
1.350000000000000000e+01,1.615269755001974908e-02,2.857535375064146690e-02,4.433476930692181045e-02,1.615269755001974908e-02,1.242265620062171783e-02,1.575941555628034355e-02,1.033772643201264003e+02,7.950499968397899409e+01,5.043012978009709713e+01,1.033772643201264003e+02,6.999371813526074675e+02
1.350999999999999979e+01,1.747776237130299268e-02,3.127956817165094411e-02,4.885697778989264023e-02,1.747776237130299268e-02,1.380180580034795143e-02,1.757740961824169612e-02,1.118576791763391469e+02,8.833155712222688294e+01,5.624771077837343114e+01,1.118576791763391469e+02,7.693108412308183688e+02
1.351999999999999957e+01,1.871705705982468909e-02,3.378687418907491691e-02,5.300541849318959192e-02,1.871705705982468909e-02,1.506981712925022782e-02,1.921854430411467501e-02,1.197891651828780084e+02,9.644682962720145269e+01,6.149934177316696093e+01,1.197891651828780084e+02,8.332060097497392235e+02
1.352999999999999936e+01,1.984891609814331756e-02,3.605711434782037095e-02,5.672602321070344816e-02,1.984891609814331756e-02,1.620819824967705339e-02,2.066890886288307722e-02,1.270330630281172262e+02,1.037324687979331372e+02,6.614050836122584087e+01,1.270330630281172262e+02,8.907181205618285276e+02
1.353999999999999915e+01,2.085468318361213477e-02,3.805554206953555563e-02,5.997274501807417502e-02,2.085468318361213477e-02,1.720085888592342085e-02,2.191720294853861939e-02,1.334699723751176634e+02,1.100854968699098890e+02,7.013504943532358027e+01,1.334699723751176634e+02,9.410715560410534408e+02
1.355000000000000071e+01,2.171799649319854780e-02,3.975242342910621784e-02,6.270694725282094373e-02,2.171799649319854780e-02,1.803442693590767004e-02,2.295452382371472588e-02,1.389951775564707077e+02,1.154203323898090900e+02,7.345447623588712815e+01,1.389951775564707077e+02,9.836099585465008204e+02
1.356000000000000050e+01,2.242657176608496561e-02,4.112507487598958400e-02,6.489924983472040998e-02,2.242657176608496561e-02,1.869850310990461839e-02,2.377417495873082598e-02,1.435300593029437835e+02,1.196704199033895577e+02,7.607735986793863958e+01,1.435300593029437835e+02,1.017833517222815999e+03
1.357000000000000028e+01,2.297451803385051200e-02,4.216040828139975410e-02,6.653192223373853575e-02,2.297451803385051200e-02,1.918589024754924210e-02,2.437151395233878165e-02,1.470369154166432679e+02,1.227896975843151495e+02,7.798884464748410039e+01,1.470369154166432679e+02,1.043446372945327539e+03
1.358000000000000007e+01,2.336198308126204853e-02,4.285479701940315966e-02,6.759865183510994913e-02,2.336198308126204853e-02,1.949281393814111113e-02,2.474385481570678946e-02,1.495166917200771195e+02,1.247540092041031130e+02,7.918033541026173339e+01,1.495166917200771195e+02,1.060353109003325926e+03
1.358999999999999986e+01,2.359272611259975380e-02,4.321181096669740596e-02,6.810224674536527467e-02,2.359272611259975380e-02,1.961908485409765215e-02,2.489043577866786872e-02,1.509934471206384217e+02,1.255621430662249765e+02,7.964939449173718344e+01,1.509934471206384217e+02,1.068614954035801702e+03
1.359999999999999964e+01,2.367249559159158995e-02,4.324062858869102272e-02,6.805308586399951010e-02,2.367249559159158995e-02,1.956813299709943277e-02,2.481245727530848738e-02,1.515039717861861845e+02,1.252360511814363662e+02,7.939986328098716228e+01,1.515039717861861845e+02,1.068419658745829111e+03
1.360999999999999943e+01,2.360876052057545027e-02,4.295564314580627152e-02,6.746882918396822360e-02,2.360876052057545027e-02,1.934688262523082125e-02,2.451318603816195207e-02,1.510960673316828888e+02,1.238200488014772560e+02,7.844219532211825197e+01,1.510960673316828888e+02,1.060074934365835134e+03
1.361999999999999922e+01,2.341012950356064284e-02,4.237559844977608486e-02,6.637371045957111970e-02,2.341012950356064284e-02,1.896546894621544202e-02,2.399811200979503484e-02,1.498248288227881062e+02,1.213790012557788316e+02,7.679395843134410882e+01,1.498248288227881062e+02,1.043993365529733182e+03
1.363000000000000078e+01,2.308512973885004302e-02,4.152192942290307276e-02,6.479706571323390341e-02,2.308512973885004302e-02,1.843679968405302974e-02,2.327513629033083065e-02,1.477448303286402620e+02,1.179955179779393859e+02,7.448043612905865984e+01,1.477448303286402620e+02,1.020662353306914952e+03
1.364000000000000057e+01,2.264165246264248504e-02,4.041762682569011861e-02,6.277238805841744984e-02,2.264165246264248504e-02,1.777597436304763356e-02,2.235476123272733123e-02,1.449065757609118918e+02,1.137662359235048513e+02,7.153523594472746083e+01,1.449065757609118918e+02,9.906241428874325265e+02
1.365000000000000036e+01,2.208732189066867427e-02,3.908692678991743802e-02,6.033717589174066726e-02,2.208732189066867427e-02,1.699960489924876375e-02,2.125024910182322924e-02,1.413588601002795144e+02,1.087974713551920871e+02,6.800079712583433889e+01,1.413588601002795144e+02,9.544713857439178355e+02
1.366000000000000014e+01,2.142972946750781871e-02,3.755482938501374796e-02,5.753254396776081442e-02,2.142972946750781871e-02,1.612509991750592925e-02,1.997771458274706646e-02,1.371502685920500539e+02,1.032006394720379490e+02,6.392868666479061091e+01,1.371502685920500539e+02,9.128387841866358485e+02
1.366999999999999993e+01,2.067625928626534368e-02,3.584622812939414205e-02,5.440234733421546454e-02,2.067625928626534368e-02,1.516996884312879837e-02,1.855611920482132249e-02,1.323280594320982004e+02,9.708780059602430867e+01,5.937958145542823019e+01,1.323280594320982004e+02,8.663863244506521823e+02
1.367999999999999972e+01,1.983399205335207791e-02,3.398518289966438732e-02,5.099232486869885450e-02,1.983399205335207791e-02,1.415119084631230942e-02,1.700714196903446718e-02,1.269375491414533030e+02,9.056762141639877939e+01,5.442285430091029497e+01,1.269375491414533030e+02,8.157840745762871393e+02
1.368999999999999950e+01,1.890928746762284354e-02,3.199396847541976369e-02,4.734887779917471007e-02,1.890928746762284354e-02,1.308468100779692014e-02,1.535490932375494638e-02,1.210194397927862013e+02,8.374195844990029514e+01,4.913570983601582753e+01,1.210194397927862013e+02,7.616913242361069933e+02
1.369999999999999929e+01,1.790627140469585460e-02,2.989112722929336899e-02,4.351670509005168413e-02,1.790627140469585460e-02,1.198485582459751439e-02,1.362557786075831515e-02,1.146001369900534712e+02,7.670307727742408588e+01,4.360184915442660980e+01,1.146001369900534712e+02,7.047151902657125220e+02
1.371000000000000085e+01,1.682486227485947144e-02,2.768912847273781799e-02,3.953590144131987477e-02,1.682486227485947144e-02,1.086426619787834655e-02,1.184677296858205678e-02,1.076791185591006155e+02,6.953130366642142235e+01,3.790967349946258480e+01,1.076791185591006155e+02,6.453602871749538963e+02
1.372000000000000064e+01,1.565981239712288531e-02,2.539307556316399567e-02,3.543997048883588963e-02,1.565981239712288531e-02,9.733263166041110359e-03,1.004689492567189396e-02,1.002227993415864660e+02,6.229288426266310807e+01,3.215006376215006156e+01,1.002227993415864660e+02,5.839972420991989566e+02
1.373000000000000043e+01,1.440119342050394553e-02,2.300088497500220319e-02,3.125519557787437980e-02,1.440119342050394553e-02,8.599691554498257659e-03,8.254310602872176605e-03,9.216763789122525452e+01,5.503802594878884946e+01,2.641379392919096603e+01,9.216763789122525452e+01,5.208583733076152384e+02
1.374000000000000021e+01,1.303598974894328542e-02,2.050463167686234975e-02,2.700108674887363724e-02,1.303598974894328542e-02,7.468641927919064324e-03,6.496455072011287496e-03,8.343033439323703249e+01,4.779930833868201034e+01,2.078865623043612132e+01,8.343033439323703249e+01,4.560548968870655244e+02
1.375000000000000000e+01,1.155085365837902646e-02,1.789317382710756479e-02,2.269204791039287211e-02,1.155085365837902646e-02,6.342320168728538335e-03,4.798874083285307318e-03,7.392546341362576356e+01,4.059084907986264312e+01,1.535639706651298297e+01,7.392546341362576356e+01,3.896181286800041903e+02
1.375999999999999979e+01,9.935610644503854033e-03,1.515572373443000061e-02,1.833997007541278770e-02,9.935610644503854033e-03,5.220113089926146574e-03,3.184246340982787096e-03,6.358790812482466492e+01,3.340872377552733496e+01,1.018958829114491849e+01,6.358790812482466492e+01,3.215586605744907729e+02
1.376999999999999957e+01,8.185907090631871011e-03,1.228482176631803813e-02,1.395625542028776193e-02,8.185907090631871011e-03,4.098914675686167117e-03,1.671433653969723807e-03,5.238980538004397403e+01,2.623305392439146999e+01,5.348587692703116403e+00,5.238980538004397403e+01,2.519143409914156848e+02
1.377999999999999936e+01,6.304106842186033878e-03,9.277829803301756301e-03,9.552445554209258033e-03,6.304106842186033878e-03,2.973722961115722423e-03,2.746157509075017322e-04,4.034628378999061482e+01,1.903182695114062284e+01,8.787704029040055431e-01,4.034628378999061482e+01,1.807706434321057145e+02
1.378999999999999915e+01,4.299375742904728431e-03,6.137835949316127783e-03,5.140408217503810058e-03,4.299375742904728431e-03,1.838460206411399352e-03,-9.974277318123177249e-04,2.751600475459026285e+01,1.176614532103295652e+01,-3.191768741799416720e+00,2.751600475459026285e+01,1.082711440014713986e+02
1.380000000000000071e+01,2.187825751634971724e-03,2.874767976867673852e-03,7.329430993642368965e-04,2.187825751634971724e-03,6.869422252327021285e-04,-2.141824877503436739e-03,1.400208481046381870e+01,4.396430241489293955e+00,-6.853839608010997786e+00,1.400208481046381870e+01,3.463402633182634105e+01
1.381000000000000050e+01,-7.514019172902664438e-06,-4.935981477920273544e-04,-3.655448758810024307e-03,-7.514019172902664438e-06,-4.860841286191246993e-04,-3.161850611017996953e-03,-4.808972270657705522e-02,-3.110938423162397992e+00,-1.011792195525758942e+01,-4.808972270657705522e-02,-3.983085030337969101e+01
1.382000000000000028e+01,-2.257054754084859317e-03,-3.940974461809883603e-03,-8.007824493657176093e-03,-2.257054754084859317e-03,-1.683919707725024285e-03,-4.066850031847292490e-03,-1.444515042614309941e+01,-1.077708612944015520e+01,-1.301392010191133508e+01,-1.444515042614309941e+01,-1.147084699724837691e+02
1.383000000000000007e+01,-4.525377667323329973e-03,-7.432369962093472900e-03,-1.230418473941004461e-02,-4.525377667323329973e-03,-2.906992294770142926e-03,-4.871814777316571705e-03,-2.896241707086931072e+01,-1.860475068652891650e+01,-1.558980728741302890e+01,-2.896241707086931072e+01,-1.894709251344337702e+02
1.383999999999999986e+01,-6.773176849109775223e-03,-1.092530283913550199e-02,-1.652190476266685026e-02,-6.773176849109775223e-03,-4.152125990025726764e-03,-5.596601923531348277e-03,-4.334833183430256298e+01,-2.657360633616465151e+01,-1.790912615530031360e+01,-4.334833183430256298e+01,-2.634931929773026127e+02
1.384999999999999964e+01,-8.960770828289329332e-03,-1.437287785088934254e-02,-2.063768750854053091e-02,-8.960770828289329332e-03,-5.412107022600013209e-03,-6.264809657651188371e-03,-5.734893330105170861e+01,-3.463748494464008587e+01,-2.004739090448380168e+01,-5.734893330105170861e+01,-3.361014274505267849e+02
1.385999999999999943e+01,-1.105163372905412431e-02,-1.772728174243724808e-02,-2.462963363088178578e-02,-1.105163372905412431e-02,-6.675648013383123774e-03,-6.902351888444537703e-03,-7.073045586594639644e+01,-4.272414728565199482e+01,-2.208752604302252109e+01,-7.073045586594639644e+01,-4.066263875838627655e+02
1.386999999999999922e+01,-1.301433876849355728e-02,-2.094213668866318559e-02,-2.847793954012705492e-02,-1.301433876849355728e-02,-7.927797920169628310e-03,-7.535802851463869328e-03,-8.329176811835876038e+01,-5.073790668908561940e+01,-2.411456912468438318e+01,-8.329176811835876038e+01,-4.744327317963862924e+02
1.388000000000000078e+01,-1.482354965626788736e-02,-2.397431982581838678e-02,-3.216492871635819734e-02,-1.482354965626788736e-02,-9.150770169550499419e-03,-8.190608890539810560e-03,-9.487071780011447686e+01,-5.856492908512319673e+01,-2.620994844972739202e+01,-9.487071780011447686e+01,-5.389367860048951115e+02
1.389000000000000057e+01,-1.646125992969776214e-02,-2.678637527172278085e-02,-3.567565964513819826e-02,-1.646125992969776214e-02,-1.032511534202501871e-02,-8.889284373415417412e-03,-1.053520635500656795e+02,-6.608073818896012597e+01,-2.844570999492933439e+01,-1.053520635500656795e+02,-5.996355352018654230e+02
1.390000000000000036e+01,-1.791737416490297302e-02,-2.934851002768657652e-02,-3.899822975320794971e-02,-1.791737416490297302e-02,-1.143113586278360350e-02,-9.649719725521373193e-03,-1.146711946553790256e+02,-7.315926952181506238e+01,-3.087910312166839333e+01,-1.146711946553790256e+02,-6.561287018965874722e+02
1.391000000000000014e+01,-1.918830890056573077e-02,-3.163870224665048247e-02,-4.212243222948004739e-02,-1.918830890056573077e-02,-1.245039334608475171e-02,-1.048372998282956492e-02,-1.228051769636206814e+02,-7.968251741494241003e+01,-3.354793594505460419e+01,-1.228051769636206814e+02,-7.081068909708531010e+02
1.391999999999999993e+01,-2.027470734507684849e-02,-3.364182658275065296e-02,-4.503778707735128783e-02,-2.027470734507684849e-02,-1.336711923767380447e-02,-1.139596049460063487e-02,-1.297581270084918401e+02,-8.554956312111234240e+01,-3.646707358272202981e+01,-1.297581270084918401e+02,-7.553242911369786725e+02
1.392999999999999972e+01,-2.118021409728276100e-02,-3.534957033638193302e-02,-4.773281285433916138e-02,-2.118021409728276100e-02,-1.416935623909917202e-02,-1.238324251795722836e-02,-1.355533702226096580e+02,-9.068387993023469562e+01,-3.962637605746313341e+01,-1.355533702226096580e+02,-7.975908786309223615e+02
1.393999999999999950e+01,-2.191118325545667045e-02,-3.676090251609300669e-02,-5.019536052990383052e-02,-2.191118325545667045e-02,-1.484971926063633624e-02,-1.343445801381082383e-02,-1.402315728349227015e+02,-9.503820326807255015e+01,-4.299026564419463625e+01,-1.402315728349227015e+02,-8.347801252415697491e+02
1.394999999999999929e+01,-2.247600398148828782e-02,-3.788172189658024769e-02,-5.241265575133164517e-02,-2.247600398148828782e-02,-1.540571791509195987e-02,-1.453093385475139748e-02,-1.438464254815250456e+02,-9.859659465658853605e+01,-4.649898833520447283e+01,-1.438464254815250456e+02,-8.668260254199541350e+02
1.396000000000000085e+01,-2.288391635085185172e-02,-3.872353249396030123e-02,-5.437087703242934195e-02,-2.288391635085185172e-02,-1.583961614310844951e-02,-1.564734453846904072e-02,-1.464570646454518510e+02,-1.013735433158940822e+02,-5.007150252310093208e+01,-1.464570646454518510e+02,-8.937063314533406810e+02
1.397000000000000064e+01,-2.314423882508428315e-02,-3.930208423723240835e-02,-5.605514695419566013e-02,-2.314423882508428315e-02,-1.615784541214812520e-02,-1.675306271696325178e-02,-1.481231284805394068e+02,-1.034102106377480084e+02,-5.360980069428240569e+01,-1.481231284805394068e+02,-9.154294194377093845e+02
1.398000000000000043e+01,-2.326644576148334184e-02,-3.963649033559309143e-02,-5.745035233944986025e-02,-2.326644576148334184e-02,-1.637004457410974959e-02,-1.781386200385676882e-02,-1.489052528734933958e+02,-1.047682852743024000e+02,-5.700435841234165935e+01,-1.489052528734933958e+02,-9.320336896804124081e+02
1.399000000000000021e+01,-2.326051411298141885e-02,-3.974836216770775282e-02,-5.854221230598322806e-02,-2.326051411298141885e-02,-1.648784805472633397e-02,-1.879385013827547524e-02,-1.488672903230810789e+02,-1.055222275502485445e+02,-6.014032044248152431e+01,-1.488672903230810789e+02,-9.435895149474334858e+02
1.400000000000000000e+01,-2.313678883289159438e-02,-3.966035062249222837e-02,-5.931784571644873466e-02,-2.313678883289159438e-02,-1.652356178960063399e-02,-1.965749509395650629e-02,-1.480754485305062076e+02,-1.057507954534440557e+02,-6.290398430066082369e+01,-1.480754485305062076e+02,-9.501906848538332042e+02
1.400999999999999979e+01,-2.290541621940531819e-02,-3.939427457737616767e-02,-5.976587750024386914e-02,-2.290541621940531819e-02,-1.648885835797084948e-02,-2.037160292286770147e-02,-1.465946638041940275e+02,-1.055286934910134420e+02,-6.518912935317663937e+01,-1.465946638041940275e+02,-9.519374599451523409e+02
1.401999999999999957e+01,-2.257616404869424928e-02,-3.896977669823406543e-02,-5.987689033495199875e-02,-2.257616404869424928e-02,-1.639361264953981615e-02,-2.090711363671793332e-02,-1.444874499116431821e+02,-1.049191209570548295e+02,-6.690276363749738664e+01,-1.444874499116431821e+02,-9.489280035185861379e+02
1.402999999999999936e+01,-2.215912622457951592e-02,-3.840412381820380167e-02,-5.964472325981887840e-02,-2.215912622457951592e-02,-1.624499759362428575e-02,-2.124059944161507674e-02,-1.418184078373089108e+02,-1.039679845991954323e+02,-6.796991821316824200e+01,-1.418184078373089108e+02,-9.412689319490177695e+02
1.403999999999999915e+01,-2.166545505551354181e-02,-3.771240017583733090e-02,-5.906777703191574969e-02,-2.166545505551354181e-02,-1.604694512032378909e-02,-2.135537685607841879e-02,-1.386589123552866738e+02,-1.027004487700722564e+02,-6.833720593945093924e+01,-1.386589123552866738e+02,-9.290897011944296082e+02
1.405000000000000071e+01,-2.110668209343117413e-02,-3.690670537914421401e-02,-5.814888343730848647e-02,-2.110668209343117413e-02,-1.580002328571303988e-02,-2.124217805816427246e-02,-1.350827653979595198e+02,-1.011201490285634605e+02,-6.797496978612566920e+01,-1.350827653979595198e+02,-9.125336526379460338e+02
1.406000000000000050e+01,-2.049266034469849132e-02,-3.599436004749131252e-02,-5.689372310119777953e-02,-2.049266034469849132e-02,-1.550169970279282119e-02,-2.089936305370646702e-02,-1.311530262060703365e+02,-9.921087809787405831e+01,-6.687796177186069713e+01,-1.311530262060703365e+02,-8.917255982274152757e+02
1.407000000000000028e+01,-1.982998556504887017e-02,-3.497689263120789399e-02,-5.530958117838471327e-02,-1.982998556504887017e-02,-1.514690706615902382e-02,-2.033268854717681928e-02,-1.269119076163127744e+02,-9.694020522341774893e+01,-6.506460335096582526e+01,-1.269119076163127744e+02,-8.667501485720890742e+02
1.408000000000000007e+01,-1.912201308514962714e-02,-3.385083717372500828e-02,-5.340551608800017669e-02,-1.912201308514962714e-02,-1.472882408857538114e-02,-1.955467891427516841e-02,-1.223808837449576146e+02,-9.426447416688243663e+01,-6.257497252568053625e+01,-1.223808837449576146e+02,-8.376609913125618050e+02
1.408999999999999986e+01,-1.836937882089418814e-02,-3.260917591581610070e-02,-5.119284420023077070e-02,-1.836937882089418814e-02,-1.423979709492191256e-02,-1.858366828441467000e-02,-1.175640244537228085e+02,-9.113470140750024484e+01,-5.946773851012694223e+01,-1.175640244537228085e+02,-8.044993931140500081e+02
1.409999999999999964e+01,-1.756958442349310437e-02,-3.124189699041297202e-02,-4.868449654253675235e-02,-1.756958442349310437e-02,-1.367231256691986765e-02,-1.744259955212378033e-02,-1.124453403103558742e+02,-8.750280042828715921e+01,-5.581631856679609882e+01,-1.124453403103558742e+02,-7.672933779163174677e+02
1.410999999999999943e+01,-1.671587756561515245e-02,-2.973578066680424015e-02,-4.589345548029306193e-02,-1.671587756561515245e-02,-1.301990310118908770e-02,-1.615767481348882179e-02,-1.069816164199369695e+02,-8.332737984761016037e+01,-5.170455940316423238e+01,-1.069816164199369695e+02,-7.260406670121341222e+02
1.411999999999999922e+01,-1.579669344250160881e-02,-2.807456325119143253e-02,-4.283151470779361647e-02,-1.579669344250160881e-02,-1.227786980868982372e-02,-1.475695145660218394e-02,-1.010988380320102920e+02,-7.857836677561486738e+01,-4.722224466112698593e+01,-1.010988380320102920e+02,-6.806983484062564003e+02
1.413000000000000078e+01,-1.479621257334617218e-02,-2.623995504491573663e-02,-3.950892477713752876e-02,-1.479621257334617218e-02,-1.144374247156956445e-02,-1.326896973222179213e-02,-9.469576046941550374e+01,-7.323995181804521337e+01,-4.246070314310973259e+01,-9.469576046941550374e+01,-6.311892462917113562e+02
1.414000000000000057e+01,-1.369576703803646392e-02,-2.421321809047392512e-02,-3.593470143848236792e-02,-1.369576703803646392e-02,-1.051745105243746120e-02,-1.172148334800844280e-02,-8.765290904343336820e+01,-6.731168673559974991e+01,-3.750874671362701918e+01,-8.765290904343336820e+01,-5.774200274779803976e+02
1.415000000000000036e+01,-1.247598897570151473e-02,-2.197722070322384244e-02,-3.211756798215797265e-02,-1.247598897570151473e-02,-9.501231727522327711e-03,-1.014034727893413021e-02,-7.984632944448969738e+01,-6.080788305614289868e+01,-3.244911129258921534e+01,-7.984632944448969738e+01,-5.193099713796655124e+02
1.416000000000000014e+01,-1.111972572434427771e-02,-1.951906175746781491e-02,-2.806766111870230215e-02,-1.111972572434427771e-02,-8.399336033123537201e-03,-8.548599361234487243e-03,-7.116624463580338045e+01,-5.375575061199063498e+01,-2.735551795595035784e+01,-7.116624463580338045e+01,-4.568325396112330736e+02
1.416999999999999993e+01,-9.614821057591264181e-03,-1.683246068357434344e-02,-2.379821736035838894e-02,-9.614821057591264181e-03,-7.217639625983079260e-03,-6.965756676784045504e-03,-6.153485476858408987e+01,-4.619289360629170460e+01,-2.229042136570894428e+01,-6.153485476858408987e+01,-3.900545092217541878e+02
1.417999999999999972e+01,-7.955464494077614523e-03,-1.391870103088500669e-02,-1.932603640732822453e-02,-7.955464494077614523e-03,-5.963236536807392171e-03,-5.407335376443217836e-03,-5.091497276209673117e+01,-3.816471383556731212e+01,-1.730347320461829597e+01,-5.091497276209673117e+01,-3.191494794068470355e+02
1.418999999999999950e+01,-6.142255169145634242e-03,-1.078632345663963453e-02,-1.467091655105317791e-02,-6.142255169145634242e-03,-4.644068287494000288e-03,-3.884593094413543377e-03,-3.931043308253205737e+01,-2.972203703996160229e+01,-1.243069790212333814e+01,-3.931043308253205737e+01,-2.443895040738509863e+02
1.419999999999999929e+01,-4.182494706353781164e-03,-7.451112361805725323e-03,-9.855598025469208476e-03,-4.182494706353781164e-03,-3.268617655451944159e-03,-2.404485663663483153e-03,-2.676796612066419812e+01,-2.091915299489244262e+01,-7.694354123723146088e+00,-2.676796612066419812e+01,-1.661444197178393551e+02
1.421000000000000085e+01,-2.091310456193830845e-03,-3.937017692101667764e-03,-4.906842081685627681e-03,-2.091310456193830845e-03,-1.845707235907836918e-03,-9.698243895839599171e-04,-1.338438691964051763e+01,-1.181252630981015628e+01,-3.103438046668671735e+00,-1.338438691964051763e+01,-8.490105382835804448e+01
1.422000000000000064e+01,1.077787917753475808e-04,-2.766653172465484705e-04,1.437176426925543607e-04,1.077787917753475808e-04,-3.844441090218960648e-04,4.203829599391028311e-04,6.897842673622245346e-01,-2.460442297740134787e+00,1.345225471805129080e+00,6.897842673622245346e-01,-1.276297675718343072e+00
1.423000000000000043e+01,2.384369917920818680e-03,3.490060376936646083e-03,5.260486033226482311e-03,2.384369917920818680e-03,1.105690459015827402e-03,1.770425656289836228e-03,1.525996747469323900e+01,7.076418937701295597e+00,5.665362100127476097e+00,1.525996747469323900e+01,8.400524553756602586e+01
1.424000000000000021e+01,4.704278268404527875e-03,7.318947185932110980e-03,1.040618499292237167e-02,4.704278268404527875e-03,2.614668917527583104e-03,3.087237806990260694e-03,3.010738091778897996e+01,1.673388107217653342e+01,9.879160982368833999e+00,3.010738091778897996e+01,1.701612689170030421e+02
1.425000000000000000e+01,7.032227909678469106e-03,1.116397846660569480e-02,1.554360233018678601e-02,7.032227909678469106e-03,4.131750556927225697e-03,4.379623863581091209e-03,4.500625862194220161e+01,2.644320356433424379e+01,1.401479636345949231e+01,4.500625862194220161e+01,2.563927756492078061e+02
1.425999999999999979e+01,9.332863758766159548e-03,1.497824078858465968e-02,2.063563164573472761e-02,9.332863758766159548e-03,5.645377029818500134e-03,5.657390857150067925e-03,5.973032805610342422e+01,3.613041299083840130e+01,1.810365074288021603e+01,5.973032805610342422e+01,3.418931753694661211e+02
1.426999999999999957e+01,1.157057559241337318e-02,1.871371249266223433e-02,2.564413472023386806e-02,1.157057559241337318e-02,7.143136900248861151e-03,6.930422227571633731e-03,7.405168379144558344e+01,4.571607616159271004e+01,2.217735112822922616e+01,7.405168379144558344e+01,4.258353332438025518e+02
1.427999999999999936e+01,1.370933451464184313e-02,2.232111232221726041e-02,3.052884463447494423e-02,1.370933451464184313e-02,8.611777807575417276e-03,8.207732312257683821e-03,8.773974089370778984e+01,5.511537796848266879e+01,2.626474339922458867e+01,8.773974089370778984e+01,5.073595867842451526e+02
1.428999999999999915e+01,1.571314994037616500e-02,2.575039766431036145e-02,3.524693994677588482e-02,1.571314994037616500e-02,1.003724772393419645e-02,9.496542282465523371e-03,1.005641596184074587e+02,6.423838543317886263e+01,3.038893530388967434e+01,1.005641596184074587e+02,5.855744410664279940e+02
1.430000000000000071e+01,1.754712249745065886e-02,2.895188600630427614e-02,3.975330382046517869e-02,1.754712249745065886e-02,1.140476350885361728e-02,1.080141781416090255e-02,1.123015839836842105e+02,7.299048645666314883e+01,3.456453700531488948e+01,1.123015839836842105e+02,6.595698223369868174e+02
1.431000000000000050e+01,1.917912772245821545e-02,3.187805126677287909e-02,4.400155808003500951e-02,1.917912772245821545e-02,1.269892354431466364e-02,1.212350681326213042e-02,1.227464174237325807e+02,8.127311068361385082e+01,3.879522180243881735e+01,1.227464174237325807e+02,7.284442497293557608e+02
1.432000000000000028e+01,2.058206539020494830e-02,3.448596380121627530e-02,4.794587674113844067e-02,2.058206539020494830e-02,1.390389841101132701e-02,1.345991293992216536e-02,1.317252184973116584e+02,8.898494983047248752e+01,4.307172140775092828e+01,1.317252184973116584e+02,7.913456692066052938e+02
1.433000000000000007e+01,2.173594929350123120e-02,3.673968724203369174e-02,5.154292534870340281e-02,2.173594929350123120e-02,1.500373794853246054e-02,1.480323810666971107e-02,1.391100754784078788e+02,9.602392287060774834e+01,4.737036194134307721e+01,1.391100754784078788e+02,8.475130808710761130e+02
1.433999999999999986e+01,2.262899997715948214e-02,3.861181272487507199e-02,5.475313717337952635e-02,2.262899997715948214e-02,1.598281274771558985e-02,1.614132444850445436e-02,1.448255998538206768e+02,1.022900015853797697e+02,5.165223823521425572e+01,1.448255998538206768e+02,8.963035190232440073e+02
1.434999999999999964e+01,2.325791922825653363e-02,4.008429479351271335e-02,5.754151739422874029e-02,2.325791922825653363e-02,1.682637556525617972e-02,1.745722260071602694e-02,1.488506830608418170e+02,1.076888036176395502e+02,5.586311232229128620e+01,1.488506830608418170e+02,9.372077970023178750e+02
1.435999999999999943e+01,2.362783810322245659e-02,4.114904367716500783e-02,5.987845117797088723e-02,2.362783810322245659e-02,1.752120557394255124e-02,1.872940750080587941e-02,1.512181638606237186e+02,1.121357156732323261e+02,5.993410400257881321e+01,1.512181638606237186e+02,9.698639506093046521e+02
1.436999999999999922e+01,2.375153512114297136e-02,4.180781733041628867e-02,6.174007210164734333e-02,2.375153512114297136e-02,1.805628220927331731e-02,1.993225477123105466e-02,1.520098247753150247e+02,1.155602061393492335e+02,6.378321526793937579e+01,1.520098247753150247e+02,9.940597385478108663e+02
1.438000000000000078e+01,2.364767387445172384e-02,4.207108917067658993e-02,6.310786883955585291e-02,2.364767387445172384e-02,1.842341529622486609e-02,2.103677966887926298e-02,1.513451127964910370e+02,1.179098578958391386e+02,6.731769494041364510e+01,1.513451127964910370e+02,1.009717996898231377e+03
1.439000000000000057e+01,2.333930704850730939e-02,4.195706268709437081e-02,6.396868930231286443e-02,2.333930704850730939e-02,1.861775563858706142e-02,2.201162661521849362e-02,1.493715651104467668e+02,1.191536360869571922e+02,7.043720516869917958e+01,1.493715651104467668e+02,1.016887219098309401e+03
1.440000000000000036e+01,2.285370513330976447e-02,4.149185078902073442e-02,6.431613240084495253e-02,2.285370513330976447e-02,1.863814565571096996e-02,2.282428161182421811e-02,1.462637128531824828e+02,1.192841321965502033e+02,7.303770115783750327e+01,1.462637128531824828e+02,1.015756638622710625e+03
1.441000000000000014e+01,2.222215011545293148e-02,4.070945744361298413e-02,6.415192194088895072e-02,2.222215011545293148e-02,1.848730732816005265e-02,2.344246449727596660e-02,1.422217607388987517e+02,1.183187669002243325e+02,7.501588639128308955e+01,1.422217607388987517e+02,1.006669242091218393e+03
1.441999999999999993e+01,2.147780142855214291e-02,3.964965814721890802e-02,6.348530254507517290e-02,2.147780142855214291e-02,1.817185671866676511e-02,2.383564439785626488e-02,1.374579291427337182e+02,1.162998829994673002e+02,7.627406207314004405e+01,1.374579291427337182e+02,9.900956226460232301e+02
1.442999999999999972e+01,2.065235454275911320e-02,3.835445789161340963e-02,6.233106768254411539e-02,2.065235454275911320e-02,1.770210334885429643e-02,2.397660979093070577e-02,1.321750690736583351e+02,1.132934614326674989e+02,7.672515133097826379e+01,1.321750690736583351e+02,9.665810455119122935e+02
1.443999999999999950e+01,1.977387207696904708e-02,3.686547470087545020e-02,6.070848900702732753e-02,1.977387207696904708e-02,1.709160262390640311e-02,2.384301430615187734e-02,1.265527812926019067e+02,1.093862567930009817e+02,7.629764577968600747e+01,1.265527812926019067e+02,9.367100515958667302e+02
1.444999999999999929e+01,1.886643566136355504e-02,3.522292235606937910e-02,5.864173462404445591e-02,1.886643566136355504e-02,1.635648669470582406e-02,2.341881226797507681e-02,1.207451882327267469e+02,1.046815148461172669e+02,7.494019925752024847e+01,1.207451882327267469e+02,9.011007070090927300e+02
1.446000000000000085e+01,1.795027362470383303e-02,3.346492210026839886e-02,5.616041847206472426e-02,1.795027362470383303e-02,1.551464847556456583e-02,2.269549637179632540e-02,1.148817511981045243e+02,9.929375024361321778e+01,7.262558838974824482e+01,1.148817511981045243e+02,8.604032694943980459e+02
1.447000000000000064e+01,1.704132508986291872e-02,3.162618615772525010e-02,5.329924123379189971e-02,1.704132508986291872e-02,1.458486106786233139e-02,2.167305507606664960e-02,1.090644805751226727e+02,9.334311083431892087e+01,6.935377624341327873e+01,1.090644805751226727e+02,8.152841029585645174e+02
1.448000000000000043e+01,1.615019711351992418e-02,2.973609206763882726e-02,5.009667094456201480e-02,1.615019711351992418e-02,1.358589495411890308e-02,2.036057887692318755e-02,1.033612615265275139e+02,8.694972770636097437e+01,6.515385240615420059e+01,1.033612615265275139e+02,7.663945249171281375e+02
1.449000000000000021e+01,1.528087895794291544e-02,2.781655102140284316e-02,4.659301220671636240e-02,1.528087895794291544e-02,1.253567206345992772e-02,1.877646118531351924e-02,9.779762533083466280e+01,8.022830120614354144e+01,6.008467579300326378e+01,9.779762533083466280e+01,7.143318069899444254e+02
1.450000000000000000e+01,1.443004056226598539e-02,2.588052652501182660e-02,4.282868605792503752e-02,1.443004056226598539e-02,1.145048596274584121e-02,1.694815953291321092e-02,9.235225959850230026e+01,7.328311016157338997e+01,5.423411050532227762e+01,9.235225959850230026e+01,6.596084407961939178e+02
1.450999999999999979e+01,1.358789410768598653e-02,2.393222589892344751e-02,3.884373126491324352e-02,1.358789410768598653e-02,1.034433179123746098e-02,1.491150536598979601e-02,8.696252228919031779e+01,6.620372346391974361e+01,4.771681717116734944e+01,8.696252228919031779e+01,6.026491887728323036e+02
1.451999999999999957e+01,1.274041587662278971e-02,2.196883043712698561e-02,3.467840590652153387e-02,1.274041587662278971e-02,9.228414560504195896e-03,1.270957546939454827e-02,8.153866161038585858e+01,5.906185318722685196e+01,4.067064150206255135e+01,8.153866161038585858e+01,5.438134688990257928e+02
1.452999999999999936e+01,1.187154379082567927e-02,1.998244869530510504e-02,3.037361328326774329e-02,1.187154379082567927e-02,8.110904904479425762e-03,1.039116458796263825e-02,7.597788026128434069e+01,5.190979138866832443e+01,3.325172668148044153e+01,7.597788026128434069e+01,4.834181949942993128e+02
1.453999999999999915e+01,1.096466586983722673e-02,1.796164279186001148e-02,2.597056819670373606e-02,1.096466586983722673e-02,6.996976922022784748e-03,8.008925404843724588e-03,7.017386156695825150e+01,4.478065230094582461e+01,2.562856129549991735e+01,7.017386156695825150e+01,4.217492254902119839e+02
1.455000000000000071e+01,1.000400896718168717e-02,1.589313178590058898e-02,2.151039793717677770e-02,1.000400896718168717e-02,5.889122818718901808e-03,5.617266151276188724e-03,6.402565738996280231e+01,3.769038603980096980e+01,1.797525168408380480e+01,6.402565738996280231e+01,3.590738853415427343e+02
1.456000000000000050e+01,8.976433001148491700e-03,1.376415032995052801e-02,1.703426580735472803e-02,8.976433001148491700e-03,4.787717328802036307e-03,3.270115477404200027e-03,5.744917120735034644e+01,3.064139090433303281e+01,1.046436952769344053e+01,5.744917120735034644e+01,2.956647949181304398e+02
1.457000000000000028e+01,7.873201983002576718e-03,1.156499363186963905e-02,1.258367091961445222e-02,7.873201983002576718e-03,3.691791648867062334e-03,1.018677287744813170e-03,5.038849269121649144e+01,2.362746655274919760e+01,3.259767320783402145e+00,5.038849269121649144e+01,2.318271796942472633e+02
1.458000000000000007e+01,6.690992438172348004e-03,9.290946402122414807e-03,8.200250276580377598e-03,6.690992438172348004e-03,2.599953963950066803e-03,-1.090696125542037209e-03,4.282235160430303011e+01,1.663970536928042776e+01,-3.490227601734519070e+00,4.282235160430303011e+01,1.679154881155467933e+02
1.458999999999999986e+01,5.431717522015074365e-03,6.943078412995085276e-03,3.924691099886167163e-03,5.431717522015074365e-03,1.511360890980010911e-03,-3.018387313108918113e-03,3.476299214089647904e+01,9.672709702272069165e+00,-9.658839401948537073e+00,3.476299214089647904e+01,1.043305873236600405e+02
1.459999999999999964e+01,4.101310318845167655e-03,4.527925866649916246e-03,-2.051146368492457849e-04,4.101310318845167655e-03,4.266155478047485919e-04,-4.733040503499161625e-03,2.624838604060907343e+01,2.730339505950390766e+00,-1.514572961119731787e+01,2.624838604060907343e+01,4.149898780608643278e+01
1.460999999999999943e+01,2.708353175908193976e-03,2.056817539400279931e-03,-4.155823945198169195e-03,2.708353175908193976e-03,-6.515356365079140455e-04,-6.212641484598449559e-03,1.733346032581244245e+01,-4.169828073650649891e+00,-1.988045275071503681e+01,1.733346032581244245e+01,-2.015046149565972655e+01
1.461999999999999922e+01,1.263387640783437526e-03,-4.544151622327456891e-04,-7.899505412285892300e-03,1.263387640783437526e-03,-1.717802803016183107e-03,-7.445090250053146286e-03,8.085680901013999389e+00,-1.099393793930357255e+01,-2.382428880017006634e+01,8.085680901013999389e+00,-8.019763751537891494e+01
1.463000000000000078e+01,-2.213437554567229335e-04,-2.985637542081861790e-03,-1.141387901541463835e-02,-2.213437554567229335e-04,-2.764293786625138857e-03,-8.428241473332776998e-03,-1.416600034923026774e+00,-1.769148023440088835e+01,-2.697037271466488662e+01,-1.416600034923026774e+00,-1.382353589519663899e+02
1.464000000000000057e+01,-1.732369366879032459e-03,-5.513168185399739546e-03,-1.468259297196238683e-02,-1.732369366879032459e-03,-3.780798818520707087e-03,-9.169424786562647284e-03,-1.108716394802580751e+01,-2.419711243853252469e+01,-2.934215931700047264e+01,-1.108716394802580751e+01,-1.938793071106764501e+02
1.465000000000000036e+01,-3.255260852716197837e-03,-8.010646511766720754e-03,-1.769513859354930607e-02,-3.255260852716197837e-03,-4.755385659050523350e-03,-9.684492081782585318e-03,-2.083366945738366738e+01,-3.043446821792334944e+01,-3.099037466170427280e+01,-2.083366945738366738e+01,-2.467755370110338617e+02
1.466000000000000014e+01,-4.773975572310085354e-03,-1.044920218436309889e-02,-2.044567168550547737e-02,-4.773975572310085354e-03,-5.675226612053013535e-03,-9.996469501142378478e-03,-3.055344366278454515e+01,-3.632145031713928773e+01,-3.198870240365561202e+01,-3.055344366278454515e+01,-2.965907891507383169e+02
1.466999999999999993e+01,-6.270029939320071258e-03,-1.279757011162331246e-02,-2.293148463124403472e-02,-6.270029939320071258e-03,-6.527540172303241198e-03,-1.013391451962072226e-02,-4.012819161164845383e+01,-4.177625710274074322e+01,-3.242852646278630857e+01,-4.012819161164845383e+01,-3.429989255315264813e+02
1.467999999999999972e+01,-7.722827395459636209e-03,-1.502335822920310843e-02,-2.515245005665449687e-02,-7.722827395459636209e-03,-7.300530833743472219e-03,-1.012909182745138845e-02,-4.942609533094167062e+01,-4.672339733595822509e+01,-3.241309384784444347e+01,-4.942609533094167062e+01,-3.856877595442330176e+02
1.468999999999999950e+01,-9.110677792564860281e-03,-1.709491592491842182e-02,-2.711100154590772790e-02,-9.110677792564860281e-03,-7.984238132353561543e-03,-1.001608562098930608e-02,-5.830833787241510890e+01,-5.109912404706279432e+01,-3.205147398716577811e+01,-5.830833787241510890e+01,-4.243768077199310369e+02
1.469999999999999929e+01,-1.041106299989713602e-02,-1.898228114268734820e-02,-2.881124237940959482e-02,-1.041106299989713602e-02,-8.571218142790212186e-03,-9.828961236722246614e-03,-6.663080319934167051e+01,-5.485579611385735888e+01,-3.145267595751118961e+01,-6.663080319934167051e+01,-4.588178258121306499e+02
1.471000000000000085e+01,-1.160060557282915558e-02,-2.065758841664829676e-02,-3.025766497892906637e-02,-1.160060557282915558e-02,-9.056982843819141177e-03,-9.600076562280769610e-03,-7.424387566610658951e+01,-5.796469020044250442e+01,-3.072024499929846186e+01,-7.424387566610658951e+01,-4.887864325975426709e+02
1.472000000000000064e+01,-1.265648483465976921e-02,-2.209664394893583184e-02,-3.145526869603794407e-02,-1.265648483465976921e-02,-9.440159114276062621e-03,-9.358624747102112229e-03,-8.100150294182252253e+01,-6.041701833136679767e+01,-2.994759919072675913e+01,-8.100150294182252253e+01,-5.140983613917483126e+02
1.473000000000000043e+01,-1.355889985645970450e-02,-2.328129113900274244e-02,-3.241075835273252853e-02,-1.355889985645970450e-02,-9.722391282543037944e-03,-9.129467213729786090e-03,-8.677695908134211322e+01,-6.222330420827544373e+01,-2.921429508393531549e+01,-8.677695908134211322e+01,-5.346436751206585996e+02
1.474000000000000021e+01,-1.429230567994880553e-02,-2.420034397814045668e-02,-3.313263672571743756e-02,-1.429230567994880553e-02,-9.908038298191651147e-03,-8.932292747576980885e-03,-9.147075635167234964e+01,-6.341144510842656956e+01,-2.858333679224633883e+01,-9.147075635167234964e+01,-5.503966147570357634e+02
1.475000000000000000e+01,-1.484511383812698281e-02,-2.484881348318087810e-02,-3.362992943770961446e-02,-1.484511383812698281e-02,-1.000369964505389529e-02,-8.781115954528736361e-03,-9.500872856401268507e+01,-6.402367772834493564e+01,-2.809957105449195680e+01,-9.500872856401268507e+01,-5.613959320405487006e+02
1.475999999999999979e+01,-1.520981801052673915e-02,-2.522741946188595055e-02,-3.391152668836538292e-02,-1.520981801052673915e-02,-1.001760145135921140e-02,-8.684107226479432368e-03,-9.734283526737112879e+01,-6.411264928869894675e+01,-2.778914312473418491e+01,-9.734283526737112879e+01,-5.677338830424127991e+02
1.476999999999999957e+01,-1.538403511426308413e-02,-2.534294033576330735e-02,-3.398666818333086204e-02,-1.538403511426308413e-02,-9.958905221500223212e-03,-8.643727847567554690e-03,-9.845782473128373624e+01,-6.373699341760142545e+01,-2.765992911221617589e+01,-9.845782473128373624e+01,-5.695642417833039417e+02
1.477999999999999936e+01,-1.537075145157519758e-02,-2.520776724153465237e-02,-3.386489686087556378e-02,-1.537075145157519758e-02,-9.837015789959454790e-03,-8.657129619340911408e-03,-9.837280929008126407e+01,-6.295690105574050932e+01,-2.770281478189091473e+01,-9.837280929008126407e+01,-5.670975753831380644e+02
1.478999999999999915e+01,-1.517722084076265042e-02,-2.483816057631207594e-02,-3.355492940128348978e-02,-1.517722084076265042e-02,-9.660939735549425519e-03,-8.716768824971413837e-03,-9.713421338088096491e+01,-6.183001430751632199e+01,-2.789366023990852383e+01,-9.713421338088096491e+01,-5.605736637849173576e+02
1.480000000000000071e+01,-1.481409473796963840e-02,-2.425281943978379109e-02,-3.306399837407516390e-02,-1.481409473796963840e-02,-9.438724701814152698e-03,-8.811178934291372805e-03,-9.481020632300568707e+01,-6.040783809161057860e+01,-2.819577258973239253e+01,-9.481020632300568707e+01,-5.502414510130460030e+02
1.481000000000000050e+01,-1.429566183508192145e-02,-2.347268322050756820e-02,-3.239852822555147616e-02,-1.429566183508192145e-02,-9.177021385425646743e-03,-8.925845005043907959e-03,-9.149223574452429375e+01,-5.873293686672413827e+01,-2.856270401614050414e+01,-9.149223574452429375e+01,-5.363636298821668333e+02
1.482000000000000028e+01,-1.364037825797416448e-02,-2.252120126818722354e-02,-3.156532691485004066e-02,-1.364037825797416448e-02,-8.880823010213059060e-03,-9.044125646662817125e-03,-8.729842085103464910e+01,-5.683726726536357887e+01,-2.894120206932101524e+01,-8.729842085103464910e+01,-5.192306705571577368e+02
1.483000000000000007e+01,-1.287115307808640169e-02,-2.142458003189128338e-02,-3.057275562659208384e-02,-1.287115307808640169e-02,-8.553426953804881688e-03,-9.148175594700800467e-03,-8.237537969975296903e+01,-5.474193250435124014e+01,-2.927416190304256105e+01,-8.237537969975296903e+01,-4.991744223214403178e+02
1.483999999999999986e+01,-1.201545351608059552e-02,-2.021209351934087975e-02,-2.943192594034919896e-02,-1.201545351608059552e-02,-8.196640003260284232e-03,-9.219832421008319207e-03,-7.689890250291581708e+01,-5.245849602086581598e+01,-2.950346374722662190e+01,-7.689890250291581708e+01,-4.765825868130247613e+02
1.484999999999999964e+01,-1.110450755350207534e-02,-1.891572184364106665e-02,-2.815716488420629687e-02,-1.110450755350207534e-02,-7.811214290138991309e-03,-9.241443040565230221e-03,-7.106884834241327553e+01,-4.999177145688954482e+01,-2.957261772980873715e+01,-7.106884834241327553e+01,-4.518997125873346477e+02
1.485999999999999943e+01,-1.017111449117941678e-02,-1.756856512061193490e-02,-2.676518236106856241e-02,-1.017111449117941678e-02,-7.397450629432518118e-03,-9.196617240456627512e-03,-6.509513274354826251e+01,-4.734368402836811640e+01,-2.942917516946120671e+01,-6.509513274354826251e+01,-4.256039758241327604e+02
1.486999999999999922e+01,-9.247376862503908432e-03,-1.620324666410892511e-02,-2.527415084073540014e-02,-9.247376862503908432e-03,-6.955869801605016681e-03,-9.070904176626475024e-03,-5.918321192002501618e+01,-4.451756673027210809e+01,-2.902689336520472096e+01,-5.918321192002501618e+01,-3.981830160465055428e+02
1.488000000000000078e+01,-8.363543547100041678e-03,-1.485140289236987904e-02,-2.370379546473144750e-02,-8.363543547100041678e-03,-6.487859345269837361e-03,-8.852392572361568457e-03,-5.352667870144026807e+01,-4.152229980972695955e+01,-2.832765623155701817e+01,-5.352667870144026807e+01,-3.701299042281727338e+02
1.489000000000000057e+01,-7.547081763789206116e-03,-1.354330833802263462e-02,-2.207554487983257041e-02,-7.547081763789206116e-03,-5.996226574233428502e-03,-8.532236541809935793e-03,-4.830132328825092003e+01,-3.837585007509394330e+01,-2.730315693379179365e+01,-4.830132328825092003e+01,-3.419409908914099674e+02
1.490000000000000036e+01,-6.821133746239482591e-03,-1.230672756327387020e-02,-2.041183473945789098e-02,-6.821133746239482591e-03,-5.485593817034387608e-03,-8.105107176184020781e-03,-4.365525597593268969e+01,-3.510780042902008091e+01,-2.593634296378886717e+01,-4.365525597593268969e+01,-3.140981981062249133e+02
1.491000000000000014e+01,-6.203401603843176730e-03,-1.116598197048554800e-02,-1.873554770820708495e-02,-6.203401603843176730e-03,-4.962580366642371267e-03,-7.569565737721536958e-03,-3.970177026459633396e+01,-3.176051434651117589e+01,-2.422261036070892004e+01,-3.970177026459633396e+01,-2.870546849154492861e+02
1.491999999999999993e+01,-5.706151475344900179e-03,-1.014190259411133256e-02,-1.707025116002092169e-02,-5.706151475344900179e-03,-4.435751118766432383e-03,-6.928348565909589127e-03,-3.651936944220736336e+01,-2.838880716010516636e+01,-2.217071541091068454e+01,-3.651936944220736336e+01,-2.612366760396696463e+02
1.492999999999999972e+01,-5.336207891491323400e-03,-9.251553418864683423e-03,-1.544010166910286461e-02,-5.336207891491323400e-03,-3.915345527373360023e-03,-6.188548250238181184e-03,-3.415173050554447087e+01,-2.505821137518950437e+01,-1.980335440076218134e+01,-3.415173050554447087e+01,-2.370398888444884733e+02
1.493999999999999950e+01,-5.094377173185016434e-03,-8.507185603294189352e-03,-1.386885704663056232e-02,-5.094377173185016434e-03,-3.412808430109172918e-03,-5.361671443336372966e-03,-3.260401390838410407e+01,-2.184197395269870512e+01,-1.715734861867639438e+01,-3.260401390838410407e+01,-2.148100094392776214e+02
1.494999999999999929e+01,-4.975535788748421291e-03,-7.915690944304255849e-03,-1.237924242942890947e-02,-4.975535788748421291e-03,-2.940155155555834558e-03,-4.463551485124653620e-03,-3.184342904798989693e+01,-1.881699299555734228e+01,-1.428336475239889225e+01,-3.184342904798989693e+01,-1.948313603878383731e+02
1.496000000000000085e+01,-4.970024829504784275e-03,-7.479262230837711335e-03,-1.099335692444750913e-02,-4.970024829504784275e-03,-2.509237401332927060e-03,-3.514094693609797794e-03,-3.180815890883062025e+01,-1.605911936853073385e+01,-1.124510301955135283e+01,-3.180815890883062025e+01,-1.773371438907381048e+02
1.497000000000000064e+01,-5.065445104296814258e-03,-7.196449979987084265e-03,-9.733293896864027989e-03,-5.065445104296814258e-03,-2.131004875690270008e-03,-2.536843916876943723e-03,-3.241884866749960992e+01,-1.363843120441772783e+01,-8.117900534006219360e+00,-3.241884866749960992e+01,-1.625255412177706944e+02
1.498000000000000043e+01,-5.248268334374033180e-03,-7.063126218162130154e-03,-8.621478371466304025e-03,-5.248268334374033180e-03,-1.814857883788096975e-03,-1.558352153304173870e-03,-3.358891733999381302e+01,-1.161509045624381997e+01,-4.986726890573356386e+00,-3.358891733999381302e+01,-1.505722040604329663e+02
1.499000000000000021e+01,-5.505112463540851042e-03,-7.073278704240928277e-03,-7.680650695703638599e-03,-5.505112463540851042e-03,-1.568166240700077235e-03,-6.073719914627103214e-04,-3.523271976666144667e+01,-1.003626394048049519e+01,-1.943590372680672917e+00,-3.523271976666144667e+01,-1.416377222394678483e+02
1.500000000000000000e+01,-5.822692054497939987e-03,-7.218680824979215038e-03,-6.932562356353937430e-03,-5.822692054497939987e-03,-1.395988770481275051e-03,2.861184686252776083e-04,-3.726522914878681547e+01,-8.934328131080160773e+00,9.155790996008883464e-01,-3.726522914878681547e+01,-1.358519345407982826e+02
1.500999999999999979e+01,-6.186301177467383623e-03,-7.487269539306642269e-03,-6.395251221898544912e-03,-6.186301177467383623e-03,-1.300968361839258645e-03,1.092018317408097357e-03,-3.959232753579125585e+01,-8.326197515771255553e+00,3.494458615705911431e+00,-3.959232753579125585e+01,-1.332721993075697924e+02
1.501999999999999957e+01,-6.579092939274177460e-03,-7.862441209787629504e-03,-6.081152035162177248e-03,-6.579092939274177460e-03,-1.283348270513452044e-03,1.781289174625452255e-03,-4.210619481135473308e+01,-8.213428931286092194e+00,5.700125358801447106e+00,-4.210619481135473308e+01,-1.338584951515181274e+02
1.502999999999999936e+01,-6.983543322013894758e-03,-8.324628278324128217e-03,-5.997458387855396020e-03,-6.983543322013894758e-03,-1.341084956310233459e-03,2.327169890468732197e-03,-4.469467726088892334e+01,-8.582943720385493691e+00,7.446943649499942808e+00,-4.469467726088892334e+01,-1.374920319953234298e+02
1.503999999999999915e+01,-7.383129752558622617e-03,-8.853194518125733284e-03,-6.146831546043131020e-03,-7.383129752558622617e-03,-1.470064765567110666e-03,2.706362972082602264e-03,-4.725203041637518453e+01,-9.408414499629508043e+00,8.660361510664326801e+00,-4.725203041637518453e+01,-1.440002502160211009e+02
1.505000000000000071e+01,-7.762392940878590220e-03,-9.426804812144289752e-03,-6.526671431064797087e-03,-7.762392940878590220e-03,-1.664411871265699533e-03,2.900133381079492666e-03,-4.967931482162298096e+01,-1.065223597610047790e+01,9.280426819454376641e+00,-4.967931482162298096e+01,-1.531533719348072395e+02
1.506000000000000050e+01,-8.106659517399037243e-03,-1.002350143391604609e-02,-7.128239232915720321e-03,-8.106659517399037243e-03,-1.916841916517008845e-03,2.895262201000325768e-03,-5.188262091135383969e+01,-1.226778826570885705e+01,9.264839043201043012e+00,-5.188262091135383969e+01,-1.646567104015849736e+02
1.507000000000000028e+01,-8.402904391122735864e-03,-1.062192792196003065e-02,-7.937124365221802716e-03,-8.402904391122735864e-03,-2.219023530837294783e-03,2.684803556738227931e-03,-5.377858810318551264e+01,-1.420175059735868572e+01,8.591371381562328935e+00,-5.377858810318551264e+01,-1.781669019569455941e+02
1.508000000000000007e+01,-8.640915914104086576e-03,-1.120285164734269832e-02,-8.934249419689581709e-03,-8.640915914104086576e-03,-2.561935733238611748e-03,2.268602227653116615e-03,-5.530186185026615675e+01,-1.639638869272711474e+01,7.259527128489972725e+00,-5.530186185026615675e+01,-1.933161702435098732e+02
1.508999999999999986e+01,-8.813931500540205313e-03,-1.175014677462963772e-02,-1.009660625754182396e-02,-8.813931500540205313e-03,-2.936215274089432406e-03,1.653540517087813758e-03,-5.640916160345731356e+01,-1.879177775417236873e+01,5.291329654681003802e+00,-5.640916160345731356e+01,-2.097288291088460142e+02
1.509999999999999964e+01,-8.919417248141610355e-03,-1.225190622394457460e-02,-1.139841083002346087e-02,-8.919417248141610355e-03,-3.332488975802964243e-03,8.534953939211137319e-04,-5.708427038810630449e+01,-2.132792944513897027e+01,2.731185260547563942e+00,-5.708427038810630449e+01,-2.270430437180930880e+02
1.510999999999999943e+01,-8.959810144091103976e-03,-1.270150406053944039e-02,-1.281250408012708439e-02,-8.959810144091103976e-03,-3.741693916448336418e-03,-1.110000195876439943e-04,-5.734278492218306411e+01,-2.394684106526935352e+01,-3.552000626804607819e-01,-5.734278492218306411e+01,-2.449344781503986610e+02
1.511999999999999922e+01,-8.941823065712718038e-03,-1.309719890454822885e-02,-1.431058228064237617e-02,-8.941823065712718038e-03,-4.155375838835510816e-03,-1.213383376094147315e-03,-5.722766762056139811e+01,-2.659440536854727100e+01,-3.882826803501271407e+00,-5.722766762056139811e+01,-2.631146993778298224e+02
1.513000000000000078e+01,-8.874651853993928419e-03,-1.344057884018392060e-02,-1.586253657582531798e-02,-8.874651853993928419e-03,-4.565926986189992182e-03,-2.421957735641397380e-03,-5.679777186556114543e+01,-2.922193271161594907e+01,-7.750264754052471616e+00,-5.679777186556114543e+01,-2.813099079936886824e+02
1.514000000000000057e+01,-8.768868272223883167e-03,-1.373559256579278721e-02,-1.743661188804471879e-02,-8.768868272223883167e-03,-4.966724293568904047e-03,-3.701019322251931573e-03,-5.612075694223285183e+01,-3.178703547884098413e+01,-1.184326183120618126e+01,-5.612075694223285183e+01,-2.992531627568400836e+02
1.515000000000000036e+01,-8.635966577219328019e-03,-1.398812509540646627e-02,-1.900029568222103352e-02,-8.635966577219328019e-03,-5.352158518187138253e-03,-5.012170586814567244e-03,-5.527018609420370154e+01,-3.425381451639768216e+01,-1.603894587780661496e+01,-5.527018609420370154e+01,-3.166888394652239640e+02
1.516000000000000014e+01,-8.487345217918940143e-03,-1.420490580623950255e-02,-2.052066539649449045e-02,-8.487345217918940143e-03,-5.717560588320562409e-03,-6.315759590254987899e-03,-5.431900939468121692e+01,-3.659238776525160119e+01,-2.021043068881596128e+01,-5.431900939468121692e+01,-3.333654835462463097e+02
1.516999999999999993e+01,-8.333422749951057903e-03,-1.439245801802062352e-02,-2.196483654967057442e-02,-8.333422749951057903e-03,-6.059035268069565619e-03,-7.572378531649950895e-03,-5.333390559968677280e+01,-3.877782571564522129e+01,-2.423161130127984109e+01,-5.333390559968677280e+01,-3.490300278498355055e+02
1.517999999999999972e+01,-8.184146075683903371e-03,-1.455738460405626641e-02,-2.330173451709100993e-02,-8.184146075683903371e-03,-6.373238528372363043e-03,-8.744349913034743516e-03,-5.237853488437698246e+01,-4.078872658158311992e+01,-2.798191972171117925e+01,-5.237853488437698246e+01,-3.634475435630138236e+02
1.518999999999999950e+01,-8.049676441946032254e-03,-1.470683777752756181e-02,-2.450396726617486143e-02,-8.049676441946032254e-03,-6.657161335581529560e-03,-9.797129488647299614e-03,-5.151792922845460510e+01,-4.260583254772178918e+01,-3.135081436367135765e+01,-5.151792922845460510e+01,-3.764237284195432380e+02
1.519999999999999929e+01,-7.939521036068448306e-03,-1.484748427690317334e-02,-2.554804522105588380e-02,-7.939521036068448306e-03,-6.907963240834725030e-03,-1.070056094415271046e-02,-5.081293463083807183e+01,-4.421096474134223797e+01,-3.424179502128867369e+01,-5.081293463083807183e+01,-3.877970831804069576e+02
1.521000000000000085e+01,-7.861009954202828262e-03,-1.498386840705660285e-02,-2.641379519740196316e-02,-7.861009954202828262e-03,-7.122858452853774586e-03,-1.142992679034536031e-02,-5.031046370689809777e+01,-4.558629409826415468e+01,-3.657576572910515011e+01,-5.031046370689809777e+01,-3.974175706028022432e+02
1.522000000000000064e+01,-7.818829487411079610e-03,-1.511787857660988089e-02,-2.708463028531793437e-02,-7.818829487411079610e-03,-7.299049089198801285e-03,-1.196675170870805348e-02,-5.004050871943091039e+01,-4.671391417087232867e+01,-3.829360546786577402e+01,-5.004050871943091039e+01,-4.051440850745070179e+02
1.523000000000000043e+01,-7.815145387826032478e-03,-1.524885982207902467e-02,-2.754818780137638715e-02,-7.815145387826032478e-03,-7.433714434252992193e-03,-1.229932797929736248e-02,-5.001693048208660741e+01,-4.757577237921915270e+01,-3.935784953375156192e+01,-5.001693048208660741e+01,-4.108516571851719732e+02
1.524000000000000021e+01,-7.849008540508312787e-03,-1.537306541506384093e-02,-2.779601260162278126e-02,-7.849008540508312787e-03,-7.524056874555528143e-03,-1.242294718655894033e-02,-5.023365465925320450e+01,-4.815396399715537967e+01,-3.975343099698861238e+01,-5.023365465925320450e+01,-4.144231489601916110e+02
1.525000000000000000e+01,-7.915429847179810546e-03,-1.548281072248518242e-02,-2.782264766323038277e-02,-7.915429847179810546e-03,-7.567380875305371873e-03,-1.233983694074520035e-02,-5.065875102195078483e+01,-4.843123760195437910e+01,-3.948747821038464423e+01,-5.065875102195078483e+01,-4.157324005028694387e+02
1.525999999999999979e+01,-8.005255089488341400e-03,-1.556643270678186031e-02,-2.762524737202455560e-02,-8.005255089488341400e-03,-7.561177617293518907e-03,-1.205881466524269530e-02,-5.123363257272538362e+01,-4.839153675067851879e+01,-3.858820692877662850e+01,-5.123363257272538362e+01,-4.146401287565415714e+02
1.526999999999999957e+01,-8.105852818653565273e-03,-1.560905792959538935e-02,-2.720374013811120359e-02,-8.105852818653565273e-03,-7.503205110941824074e-03,-1.159468220851581424e-02,-5.187745803938281597e+01,-4.802051271002767407e+01,-3.710298306725060513e+01,-5.187745803938281597e+01,-4.110028614499832429e+02
1.527999999999999936e+01,-8.202153185001271468e-03,-1.559372135409641327e-02,-2.656111664999503269e-02,-8.202153185001271468e-03,-7.391568169095141805e-03,-1.096739529589861942e-02,-5.249378038400814006e+01,-4.730603628220890755e+01,-3.509566494687557991e+01,-5.249378038400814006e+01,-4.046864448392778968e+02
1.528999999999999915e+01,-8.277941435674677356e-03,-1.550275022281893261e-02,-2.570380093180011857e-02,-8.277941435674677356e-03,-7.224808787144255257e-03,-1.020105070898118596e-02,-5.297882518831793419e+01,-4.623877623772323631e+01,-3.264336226873979285e+01,-5.297882518831793419e+01,-3.955828910843429185e+02
1.530000000000000071e+01,-8.316883100745006696e-03,-1.531889728897375784e-02,-2.464163862966338089e-02,-8.316883100745006696e-03,-7.002014188228751143e-03,-9.322741340689623055e-03,-5.322805184476804641e+01,-4.481289080466400776e+01,-2.983277229020679400e+01,-5.322805184476804641e+01,-3.836211448189165480e+02
1.531000000000000050e+01,-8.302633989936344938e-03,-1.502556427901128970e-02,-2.338689853261193344e-02,-8.302633989936344938e-03,-6.722930289074944762e-03,-8.361334253600643737e-03,-5.313685753559261116e+01,-4.302675385007964337e+01,-2.675626961152206107e+01,-5.313685753559261116e+01,-3.687596429915829503e+02
1.532000000000000028e+01,-8.218852757881948620e-03,-1.460690389037639508e-02,-2.195313257215720029e-02,-8.218852757881948620e-03,-6.388051132494446463e-03,-7.346228681780805209e-03,-5.260065765044446806e+01,-4.088352724796445870e+01,-2.350793178169857711e+01,-5.260065765044446806e+01,-3.509763500403224725e+02
1.533000000000000007e+01,-8.050380381562079884e-03,-1.404904975466454708e-02,-2.035519914861916302e-02,-8.050380381562079884e-03,-5.998669373102467200e-03,-6.306149393954615934e-03,-5.152243444199731215e+01,-3.839148398785579275e+01,-2.017967806065477276e+01,-5.152243444199731215e+01,-3.302807894715236330e+02
1.533999999999999986e+01,-7.784911189835728128e-03,-1.334181279779331208e-02,-1.860983967353710411e-02,-7.784911189835728128e-03,-5.556901607957583956e-03,-5.268026875743792026e-03,-4.982343161494866024e+01,-3.556417029092853710e+01,-1.685768600238013448e+01,-4.982343161494866024e+01,-3.067358637247720026e+02
1.534999999999999964e+01,-7.413509577516940070e-03,-1.247921035149503546e-02,-1.673522057387697923e-02,-7.413509577516940070e-03,-5.065700773978095393e-03,-4.256010222381943764e-03,-4.744646129610841712e+01,-3.242048495345981252e+01,-1.361923271162222093e+01,-4.744646129610841712e+01,-2.804585368835713552e+02
1.535999999999999943e+01,-6.930290420551534110e-03,-1.145913399805349731e-02,-1.474978534465658069e-02,-6.930290420551534110e-03,-4.528843577501963195e-03,-3.290651346603083380e-03,-4.435385869152981542e+01,-2.898459889601256378e+01,-1.053008430912986704e+01,-4.435385869152981542e+01,-2.516056256900167227e+02
1.536999999999999922e+01,-6.332995718927039545e-03,-1.028387890675524705e-02,-1.267216887519718831e-02,-6.332995718927039545e-03,-3.950883187828207500e-03,-2.388289968441941261e-03,-4.053117260113305065e+01,-2.528565240210052778e+01,-7.642527899014211812e+00,-4.053117260113305065e+01,-2.203780587067433885e+02
1.538000000000000078e+01,-5.624468338286308343e-03,-8.961556703011554215e-03,-1.052221551487462353e-02,-5.624468338286308343e-03,-3.337088364725245872e-03,-1.560658811863069317e-03,-3.599659736503237184e+01,-2.135736553424157336e+01,-4.994108197961821816e+00,-3.599659736503237184e+01,-1.870442132917073081e+02
1.539000000000000057e+01,-4.813109567296187767e-03,-7.506507090874836238e-03,-8.321225800795353442e-03,-4.813109567296187767e-03,-2.693397523578648471e-03,-8.147187099205172034e-04,-3.080390123069560104e+01,-1.723774415090334955e+01,-2.607099871745655051e+00,-3.080390123069560104e+01,-1.519462357600338294e+02
1.540000000000000036e+01,-3.911399416617312996e-03,-5.937779073693532847e-03,-6.090502981314851669e-03,-3.911399416617312996e-03,-2.026379657076219851e-03,-1.527239076213188218e-04,-2.503295626635080140e+01,-1.296882980528780749e+01,-4.887165043882202298e-01,-2.503295626635080140e+01,-1.154715077280804820e+02
1.541000000000000014e+01,-2.933720628083033837e-03,-4.276877649479782564e-03,-3.849385382368104066e-03,-2.933720628083033837e-03,-1.343157021396748727e-03,4.274922671116784985e-04,-1.877581201973141489e+01,-8.596204936939191299e+00,1.367975254757371140e+00,-1.877581201973141489e+01,-7.801212510573969894e+01
1.541999999999999993e+01,-1.894798472531519177e-03,-2.546044575457648024e-03,-1.614012139166877847e-03,-1.894798472531519177e-03,-6.512461029261288475e-04,9.320324362907701776e-04,-1.212671022420172307e+01,-4.167975058727224180e+00,2.982503796130464568e+00,-1.212671022420172307e+01,-3.993654446039543870e+01
1.542999999999999972e+01,-8.086702611157328170e-04,-7.669697322729661631e-04,6.033137326231020111e-04,-8.086702611157328170e-04,4.170052884276665393e-05,1.370283464896068174e-03,-5.175489671140690362e+00,2.668833845937065852e-01,4.384907087667418324e+00,-5.175489671140690362e+00,-1.571097596638701077e+00
1.543999999999999950e+01,3.122084127079405389e-04,1.040455112709529886e-03,2.794595978659527528e-03,3.122084127079405389e-04,7.282467000015893470e-04,1.754140865949997642e-03,1.998133841330819394e+00,4.660778880010171932e+00,5.613250771039992593e+00,1.998133841330819394e+00,3.681649047714294909e+01
1.544999999999999929e+01,1.457577430922135696e-03,2.859176266080067867e-03,4.956336311792451654e-03,1.457577430922135696e-03,1.401598835157932170e-03,2.097160045712383788e-03,9.328495557901668178e+00,8.970232545010766501e+00,6.710912146279627954e+00,9.328495557901668178e+00,7.502892074757617991e+01
1.546000000000000085e+01,2.619614385653894813e-03,4.675684346236943893e-03,7.089373970047212203e-03,2.619614385653894813e-03,2.056069960583049080e-03,2.413689623810268310e-03,1.676553206818492825e+01,1.315884774773151378e+01,7.723806796192858926e+00,1.676553206818492825e+01,1.129445598363279117e+02
1.547000000000000064e+01,3.792642035138807811e-03,6.480172616058825670e-03,9.198215062036305817e-03,3.792642035138807811e-03,2.687530580920017859e-03,2.718042445977480147e-03,2.427290902488837077e+01,1.720019571788811419e+01,8.697735827127935693e+00,2.427290902488837077e+01,1.505125217097132690e+02
1.548000000000000043e+01,4.971906039678938849e-03,8.265683840000991739e-03,1.128943939941213018e-02,4.971906039678938849e-03,3.293777800322052890e-03,3.023755559411138438e-03,3.182019865394520863e+01,2.108017792206113938e+01,9.676017790115643891e+00,3.182019865394520863e+01,1.877291830983659793e+02
1.549000000000000021e+01,6.152092374538209105e-03,1.002683760523700660e-02,1.336981865451850916e-02,6.152092374538209105e-03,3.874745230698797491e-03,3.342981049281502567e-03,3.937339119704454049e+01,2.479836947647230261e+01,1.069753935770080844e+01,3.937339119704454049e+01,2.246079000936529440e+02
1.550000000000000000e+01,7.327009324088221316e-03,1.175951166746241373e-02,1.544554763167511890e-02,7.327009324088221316e-03,4.432502343374192418e-03,3.686035964212705171e-03,4.689285967416461887e+01,2.836801499759483036e+01,1.179531508548065588e+01,4.689285967416461887e+01,2.611685692717203437e+02
1.550999999999999979e+01,8.489896014089056558e-03,1.346093379714028218e-02,1.752205738460857823e-02,8.489896014089056558e-03,4.971037783051225623e-03,4.061123587468296048e-03,5.433533449016996286e+01,3.181464181152784221e+01,1.299559547989854735e+01,5.433533449016996286e+01,2.974367153447890360e+02
1.551999999999999957e+01,9.632059464535783211e-03,1.512789003441432356e-02,1.960211199332914656e-02,9.632059464535783211e-03,5.495830569878540350e-03,4.474221958914822994e-03,6.164518057302900900e+01,3.517331564722265824e+01,1.431751026852743358e+01,6.164518057302900900e+01,3.334080194663372936e+02
1.552999999999999936e+01,1.074002573728007753e-02,1.675321320574577749e-02,2.168233259364143323e-02,1.074002573728007753e-02,6.013187468465699959e-03,4.929119387895655735e-03,6.873616471859249089e+01,3.848439979818047618e+01,1.577318204126609835e+01,6.873616471859249089e+01,3.689812396741172051e+02
1.553999999999999915e+01,1.179474669091622012e-02,1.832409228660001471e-02,2.375165354131139259e-02,1.179474669091622012e-02,6.529345595683794592e-03,5.427561254711377875e-03,7.548637882186380921e+01,4.178781181237628317e+01,1.736819601507641053e+01,7.548637882186380921e+01,4.039271599479495194e+02
1.555000000000000071e+01,1.277454765635294316e-02,1.982398384514559575e-02,2.579344424220387025e-02,1.277454765635294316e-02,7.049436188792652588e-03,5.969460397058274498e-03,8.175710500065883934e+01,4.511639160827297701e+01,1.910227327058647973e+01,8.175710500065883934e+01,4.379273096385549024e+02
1.556000000000000050e+01,1.365880175120237280e-02,2.123528716221718959e-02,2.778840592504823806e-02,1.365880175120237280e-02,7.576485411014816790e-03,6.553118762831048466e-03,8.741633120769517973e+01,4.848950663049483012e+01,2.096998004105935465e+01,8.741633120769517973e+01,4.706274536377480899e+02
1.557000000000000028e+01,1.442950858354684167e-02,2.254012019777234394e-02,2.971553268778354823e-02,1.442950858354684167e-02,8.110611614225502267e-03,7.175412490011204292e-03,9.234885493469978712e+01,5.190791433104321584e+01,2.296131996803585196e+01,9.234885493469978712e+01,5.016542677013365505e+02
1.558000000000000007e+01,1.507210788274880933e-02,2.372062527997054540e-02,3.155252985781500236e-02,1.507210788274880933e-02,8.648517397221736069e-03,7.831904577844456955e-03,9.646149044959237528e+01,5.535051134221910729e+01,2.506209464910226359e+01,9.646149044959237528e+01,5.306222893227412669e+02
1.558999999999999986e+01,1.557711165379966484e-02,2.476045481442223223e-02,3.327732110723145842e-02,1.557711165379966484e-02,9.183343160622567392e-03,8.516866292809226191e-03,9.969351458431785318e+01,5.877339622798443486e+01,2.725397213698952470e+01,9.969351458431785318e+01,5.571626488478754027e+02
1.559999999999999964e+01,1.594111416738517098e-02,2.564603572222446184e-02,3.486924398477263959e-02,1.594111416738517098e-02,9.704921554839290865e-03,9.223208262548177744e-03,1.020231306712650934e+02,6.211149795097146153e+01,2.951426644015417011e+01,1.020231306712650934e+02,5.809466851871721929e+02
1.560999999999999943e+01,1.616636773633558372e-02,2.636678134760812170e-02,3.630912359898409020e-02,1.616636773633558372e-02,1.020041361127253798e-02,9.942342251375968498e-03,1.034647535125477305e+02,6.528264711214424665e+01,3.181549520440309919e+01,1.034647535125477305e+02,6.016886874872852786e+02
1.561999999999999922e+01,1.626081329774711065e-02,2.691607504505385412e-02,3.758008696348806577e-02,1.626081329774711065e-02,1.065526174730674347e-02,1.066401191843421165e-02,1.040692051055815028e+02,6.819367518276315820e+01,3.412483813898947460e+01,1.040692051055815028e+02,6.191631552820024353e+02
1.563000000000000078e+01,1.623881636529894354e-02,2.729320329331885731e-02,3.866934679028701666e-02,1.623881636529894354e-02,1.105438692801991377e-02,1.137614349696815935e-02,1.039284247379132324e+02,7.074807633932745432e+01,3.640365919029810726e+01,1.039284247379132324e+02,6.332404808026163892e+02
1.564000000000000057e+01,1.611981900044991492e-02,2.750334613003077924e-02,3.956812015789257231e-02,1.611981900044991492e-02,1.138352712958086432e-02,1.206477402786179307e-02,1.031668416028794582e+02,7.285457362931752812e+01,3.860727688915773825e+01,1.031668416028794582e+02,6.438860763640641380e+02
1.565000000000000036e+01,1.592429362422897662e-02,2.755483657957446403e-02,4.026895002750106867e-02,1.592429362422897662e-02,1.163054295534548740e-02,1.271411344792660464e-02,1.019154791950654442e+02,7.443547491421111317e+01,4.068516303336513573e+01,1.019154791950654442e+02,6.511083514279250721e+02
1.566000000000000014e+01,1.567021421281039606e-02,2.745670186674406890e-02,4.076348747063440747e-02,1.567021421281039606e-02,1.178648765393367284e-02,1.330678560389033857e-02,1.002893709619865348e+02,7.543352098517550530e+01,4.258171393244908387e+01,1.002893709619865348e+02,6.549138176388332795e+02
1.566999999999999993e+01,1.537170276355544554e-02,2.721799952019691299e-02,4.104227255467726015e-02,1.537170276355544554e-02,1.184629675664146745e-02,1.382427303448034717e-02,9.837889768675485413e+01,7.581629924250539432e+01,4.423767371033711271e+01,9.837889768675485413e+01,6.552986119187920622e+02
1.567999999999999972e+01,1.503793852892500865e-02,2.684696548869696525e-02,4.109453011040205272e-02,1.503793852892500865e-02,1.180902695977195660e-02,1.424756462170508747e-02,9.624280658512005004e+01,7.557777254254051513e+01,4.559220678945627725e+01,9.624280658512005004e+01,6.522383577513505770e+02
1.568999999999999950e+01,1.467183182945408677e-02,2.634945017060067243e-02,4.090742784246309549e-02,1.467183182945408677e-02,1.167761834114658566e-02,1.455797767186242306e-02,9.389972370850615846e+01,7.473675738333814422e+01,4.658552854995975423e+01,9.389972370850615846e+01,6.456660289254122063e+02
1.569999999999999929e+01,1.427080734994002828e-02,2.572902456723785702e-02,4.046712468520688444e-02,1.427080734994002828e-02,1.145821721729782874e-02,1.473810011796902741e-02,9.133316703961618543e+01,7.333259019070609952e+01,4.716192037750089128e+01,9.133316703961618543e+01,6.354830328234695571e+02
1.571000000000000085e+01,1.382973647420458925e-02,2.498892636803263373e-02,3.976170486852840386e-02,1.382973647420458925e-02,1.115918989382804448e-02,1.477277850049577013e-02,8.851031343490937786e+01,7.141881532049949044e+01,4.727289120158646085e+01,8.851031343490937786e+01,6.216060598709859732e+02
1.572000000000000064e+01,1.334309070327552478e-02,2.413309440277474835e-02,3.878316125848235707e-02,1.334309070327552478e-02,1.079000369949922357e-02,1.465006685570760872e-02,8.539578050096335460e+01,6.905602367679503573e+01,4.688021393826434746e+01,8.539578050096335460e+01,6.039960543480681281e+02
1.573000000000000043e+01,1.280583729489151099e-02,2.316596770547938930e-02,3.752801943253046557e-02,1.280583729489151099e-02,1.036013041058787831e-02,1.436205172705107627e-02,8.195735868730567120e+01,6.630483462776241765e+01,4.595856552656344718e+01,8.195735868730567120e+01,5.826622765248946507e+02
1.574000000000000021e+01,1.221510891156490225e-02,2.209321556292209721e-02,3.599869388215461846e-02,1.221510891156490225e-02,9.878106651357194956e-03,1.390547831923252126e-02,7.817669703401537618e+01,6.321988256868604594e+01,4.449753062154406535e+01,7.817669703401537618e+01,5.576823306727364979e+02
1.575000000000000000e+01,1.157200113401570842e-02,2.092287780072580802e-02,3.420499886976858389e-02,1.157200113401570842e-02,9.350876666710099608e-03,1.328212106904277587e-02,7.406080725770053164e+01,5.984561066694463705e+01,4.250278742093688322e+01,7.406080725770053164e+01,5.292276160367462126e+02
1.575999999999999979e+01,1.088117079115350980e-02,1.966465848222417531e-02,3.216352491620350779e-02,1.088117079115350980e-02,8.783487691070665515e-03,1.249886643397933247e-02,6.963949306338246004e+01,5.621432122285226285e+01,3.999637258873386259e+01,6.963949306338246004e+01,4.975505606249057564e+02
1.576999999999999957e+01,1.014930683341179474e-02,1.832843276528794280e-02,2.989593546029411034e-02,1.014930683341179474e-02,8.179125931876148059e-03,1.156750269500616754e-02,6.495556373383548987e+01,5.234640596400734580e+01,3.701600862401973302e+01,6.495556373383548987e+01,4.629539349655876777e+02
1.577999999999999936e+01,9.385148077864452140e-03,1.692459734557875961e-02,2.742883474591832280e-02,9.385148077864452140e-03,7.539449267714307470e-03,1.050423740033956319e-02,6.006494769833249592e+01,4.825247531337156914e+01,3.361355968108659908e+01,6.006494769833249592e+01,4.257929480783719782e+02
1.578999999999999915e+01,8.600068726285329396e-03,1.546524510915977743e-02,2.479423094727083859e-02,8.600068726285329396e-03,6.865176382874448036e-03,9.328985838111061163e-03,5.504043984822610724e+01,4.393712885039646920e+01,2.985275468195539617e+01,5.504043984822610724e+01,3.864909701417338965e+02
1.580000000000000071e+01,7.806720429362263257e-03,1.396357752902711510e-02,2.202806961326524149e-02,7.806720429362263257e-03,6.156857099664851847e-03,8.064492084238126385e-03,4.996301074791848151e+01,3.940388543785505249e+01,2.580637466956200399e+01,4.996301074791848151e+01,3.455198125660066353e+02
1.581000000000000050e+01,7.016877153793506933e-03,1.243257288795130040e-02,1.916792828670561485e-02,7.016877153793506933e-03,5.415695734157793470e-03,6.735355398754314452e-03,4.490801378427844526e+01,3.466045269860988043e+01,2.155313727601380691e+01,4.490801378427844526e+01,3.033648112767064049e+02
1.582000000000000028e+01,6.240804908298602967e-03,1.088510653283055428e-02,1.625214407681604620e-02,6.240804908298602967e-03,4.644301624531951313e-03,5.367037543985491918e-03,3.994115141311105788e+01,2.972353039700448818e+01,1.717452014075357525e+01,3.994115141311105788e+01,2.605176058526074030e+02
1.583000000000000007e+01,5.486697771515846450e-03,9.333970750888383183e-03,1.331889224062850208e-02,5.486697771515846450e-03,3.847272979372536733e-03,3.984921489740118894e-03,3.511486573770141462e+01,2.462254706798423598e+01,1.275174876716837957e+01,3.511486573770141462e+01,2.174674847185621047e+02
1.583999999999999986e+01,4.758368542106479297e-03,7.789886515225232476e-03,1.040336648218172406e-02,4.758368542106479297e-03,3.031517973118753179e-03,2.613479966956491589e-03,3.045355866948146684e+01,1.940171502796001946e+01,8.363135894260773640e+00,3.045355866948146684e+01,1.746552287751067922e+02
1.584999999999999964e+01,4.054032001205814910e-03,6.260261146293038918e-03,7.535855489415160466e-03,4.054032001205814910e-03,2.206229145087224008e-03,1.275594343122121548e-03,2.594580480771721653e+01,1.411986652855823365e+01,4.081901897990788619e+00,2.594580480771721653e+01,1.324427197027987120e+02
1.585999999999999943e+01,3.368842269978011665e-03,4.751362952422604619e-03,4.743406066594439523e-03,3.368842269978011665e-03,1.382520682444592953e-03,-7.956885828165095875e-06,2.156059052785927577e+01,8.848132367645394680e+00,-2.546203465012830680e-02,2.156059052785927577e+01,9.114978258256363119e+01
1.586999999999999922e+01,2.697953311799282036e-03,3.270786360298429032e-03,2.051945935989860168e-03,2.697953311799282036e-03,5.728330484991469955e-04,-1.218840424308568864e-03,1.726690119551540548e+01,3.666131510394540882e+00,-3.900289357787420474e+00,1.726690119551540548e+01,5.109823004436757543e+01
1.588000000000000078e+01,2.036326370857088723e-03,1.826526063430978326e-03,-5.148311009798800476e-04,2.036326370857088723e-03,-2.098003074261103971e-04,-2.341357164410858265e-03,1.303248877348536716e+01,-1.342721967527106486e+00,-7.492342926114746504e+00,1.303248877348536716e+01,1.259227163953053719e+01
1.589000000000000057e+01,1.377811389349642640e-03,4.252331549039405989e-04,-2.937271820146395221e-03,1.377811389349642640e-03,-9.525782344457020415e-04,-3.362504975050335711e-03,8.817992891837713287e+00,-6.096500700452493149e+00,-1.076001592016107367e+01,8.817992891837713287e+00,-2.411557118632755703e+01
1.590000000000000036e+01,7.174012381502192694e-04,-9.263709692452090855e-04,-5.198320722447512601e-03,7.174012381502192694e-04,-1.643772207395428463e-03,-4.271949753202303190e-03,4.591367924161403380e+00,-1.052014212733074139e+01,-1.367023921024737021e+01,4.591367924161403380e+00,-5.879704024025012643e+01
1.591000000000000014e+01,5.447409704135855804e-05,-2.218969850769348523e-03,-7.280910565775226828e-03,5.447409704135855804e-05,-2.273443947810707081e-03,-5.061940715005878305e-03,3.486342210646947715e-01,-1.455004126598852565e+01,-1.619821028801881013e+01,3.486342210646947715e-01,-9.119885199882790516e+01
1.591999999999999993e+01,-6.073073485266961826e-04,-3.441244065800835254e-03,-9.168444991483582288e-03,-6.073073485266961826e-04,-2.833936717274138962e-03,-5.727200925682747468e-03,-3.886767030570855486e+00,-1.813719499055449091e+01,-1.832704296218479101e+01,-3.886767030570855486e+00,-1.210530149499304287e+02
1.592999999999999972e+01,-1.262237293612849566e-03,-4.582370980032484525e-03,-1.084718617867459420e-02,-1.262237293612849566e-03,-3.320133686419634959e-03,-6.264815198642109673e-03,-8.078318679122237000e+00,-2.124885559308566485e+01,-2.004740863565475095e+01,-8.078318679122237000e+00,-1.481237487235879655e+02
1.593999999999999950e+01,-1.902808904728806386e-03,-5.632316822714609171e-03,-1.230644469580771498e-02,-1.902808904728806386e-03,-3.729507917985802785e-03,-6.674127873093105810e-03,-1.217797699026436042e+01,-2.386885067510913672e+01,-2.135720919389793693e+01,-1.217797699026436042e+01,-1.722121105778143146e+02
1.594999999999999929e+01,-2.518259594420980442e-03,-6.580213987257302506e-03,-1.353686734381631326e-02,-2.518259594420980442e-03,-4.061954392836322064e-03,-6.956653356559010758e-03,-1.611686140429427638e+01,-2.599650811415246210e+01,-2.226129074098883365e+01,-1.611686140429427638e+01,-1.931239807783067306e+02
1.596000000000000085e+01,-3.094982215088352105e-03,-7.414386941291703677e-03,-1.453037960121111860e-02,-3.094982215088352105e-03,-4.319404726203351572e-03,-7.115992659919414924e-03,-1.980788617656545370e+01,-2.764419024770144873e+01,-2.277117651174212654e+01,-1.980788617656545370e+01,-2.106697588080270691e+02
1.597000000000000064e+01,-3.619270287091468172e-03,-8.124567111790896926e-03,-1.528230836471867506e-02,-3.619270287091468172e-03,-4.505296824699429187e-03,-7.157741252927778131e-03,-2.316332983738539752e+01,-2.883389967807634591e+01,-2.290477200936889091e+01,-2.316332983738539752e+01,-2.247060045744918853e+02
1.598000000000000043e+01,-4.079552298532491440e-03,-8.703565396802502227e-03,-1.579293538398874111e-02,-4.079552298532491440e-03,-4.624013098270010787e-03,-7.089369987186238883e-03,-2.610913471060794677e+01,-2.959368382892806792e+01,-2.268598395899596554e+01,-2.610913471060794677e+01,-2.351664074955959336e+02
1.599000000000000021e+01,-4.466955131098078458e-03,-9.147329195863732401e-03,-1.606739142860173081e-02,-4.466955131098078458e-03,-4.680374064765653944e-03,-6.920062232737998406e-03,-2.858851283902770035e+01,-2.995439401450018480e+01,-2.214419914476159335e+01,-2.858851283902770035e+01,-2.420613179948684319e+02
1.600000000000000000e+01,-4.775591396444503998e-03,-9.454827251083673667e-03,-1.611532272342016889e-02,-4.775591396444503998e-03,-4.679235854639169669e-03,-6.660495472336495221e-03,-3.056378493724482581e+01,-2.994710946969068743e+01,-2.131358551147678426e+01,-3.056378493724482581e+01,-2.454734397552368819e+02
1.601000000000000156e+01,-5.002971337682894822e-03,-9.628194927167871633e-03,-1.595075785473533056e-02,-5.002971337682894822e-03,-4.625223589484976812e-03,-6.322562927567458926e-03,-3.201901656117052397e+01,-2.960143097270385226e+01,-2.023220136821586834e+01,-3.201901656117052397e+01,-2.455579467062707408e+02
1.601999999999999957e+01,-5.149425647677653706e-03,-9.672034477809631631e-03,-1.559107359273725901e-02,-5.149425647677653706e-03,-4.522608830131977925e-03,-5.919039114927627382e-03,-3.295632414513698194e+01,-2.894469651284465783e+01,-1.894092516776840895e+01,-3.295632414513698194e+01,-2.425258374772501497e+02
1.603000000000000114e+01,-5.216904587218443648e-03,-9.592208902126787839e-03,-1.505540990972942944e-02,-5.216904587218443648e-03,-4.375304314908344192e-03,-5.463201007602641601e-03,-3.338818935819804068e+01,-2.800194761541340327e+01,-1.748224322432845312e+01,-3.338818935819804068e+01,-2.366171405938196699e+02
1.603999999999999915e+01,-5.208963459819569188e-03,-9.395908118314161978e-03,-1.436433063109220608e-02,-5.208963459819569188e-03,-4.186944658494592790e-03,-4.968422512778044101e-03,-3.333736614284524080e+01,-2.679644581436539497e+01,-1.589895204088974090e+01,-3.333736614284524080e+01,-2.280982919943011211e+02
1.605000000000000071e+01,-5.131809644089041847e-03,-9.092856720647909258e-03,-1.354062102299883642e-02,-5.131809644089041847e-03,-3.961047076558867411e-03,-4.447764302350927165e-03,-3.284358172216986560e+01,-2.535070128997675099e+01,-1.423284576752296715e+01,-3.284358172216986560e+01,-2.172813863390087477e+02
1.605999999999999872e+01,-4.994255664212305344e-03,-8.695500955461524240e-03,-1.260908496734178437e-02,-4.994255664212305344e-03,-3.701245291249218895e-03,-3.913584011880260130e-03,-3.196323625095875443e+01,-2.368796986399500071e+01,-1.252346883801683219e+01,-3.196323625095875443e+01,-2.045240248589117869e+02
1.607000000000000028e+01,-4.806019994449194782e-03,-8.217568909223668325e-03,-1.159476158847402676e-02,-4.806019994449194782e-03,-3.411548914774473543e-03,-3.377192679250358431e-03,-3.075852796447484749e+01,-2.183391305455663201e+01,-1.080701657360114609e+01,-3.075852796447484749e+01,-1.901983727778978732e+02
1.607999999999999829e+01,-4.576275069048988189e-03,-7.672831745068991495e-03,-1.052141249991999511e-02,-4.576275069048988189e-03,-3.096556676020003306e-03,-2.848580754851003614e-03,-2.928816044191352574e+01,-1.981796272652801960e+01,-9.115458415523210789e+00,-2.928816044191352574e+01,-1.746647447518942613e+02
1.608999999999999986e+01,-4.313273679351426956e-03,-7.074847071245706810e-03,-9.411078088667420433e-03,-4.313273679351426956e-03,-2.761573391894279854e-03,-2.336231017421713622e-03,-2.760495154784913296e+01,-1.767406970812339040e+01,-7.475939255749483259e+00,-2.760495154784913296e+01,-1.582648815351660119e+02
1.610000000000000142e+01,-4.023322101182999662e-03,-6.435921630011611286e-03,-8.282948942640016438e-03,-4.023322101182999662e-03,-2.412599528828611624e-03,-1.847027312628405152e-03,-2.574926144757119673e+01,-1.544063698450311506e+01,-5.910487400410896264e+00,-2.574926144757119673e+01,-1.413011574974556197e+02
1.610999999999999943e+01,-3.708418116385818735e-03,-5.764567080546591053e-03,-7.150824901253870214e-03,-3.708418116385818735e-03,-2.056148964160772318e-03,-1.386257820707279161e-03,-2.373387594486924002e+01,-1.315935337062894206e+01,-4.436025026263293647e+00,-2.373387594486924002e+01,-1.239877630252844085e+02
1.612000000000000099e+01,-3.365166852893758821e-03,-5.064027844067417981e-03,-6.021727830031823811e-03,-3.365166852893758821e-03,-1.698860991173659161e-03,-9.576999859644058297e-04,-2.153706785852005723e+01,-1.087271034351141807e+01,-3.064639955086098766e+00,-2.153706785852005723e+01,-1.064232544713527204e+02
1.612999999999999901e+01,-2.986850516384016371e-03,-4.333799034902210620e-03,-4.897562386201729720e-03,-2.986850516384016371e-03,-1.346948518518194249e-03,-5.637633512995190999e-04,-1.911584330485770522e+01,-8.620470518516443192e+00,-1.804042724158461120e+00,-1.911584330485770522e+01,-8.862106964259781705e+01
1.614000000000000057e+01,-2.566055637674931333e-03,-3.571650495922024798e-03,-3.777310148332211400e-03,-2.566055637674931333e-03,-1.005594858247093465e-03,-2.056596524101866018e-04,-1.642275608111955876e+01,-6.435807092781398175e+00,-6.581108877125971812e-01,-1.642275608111955876e+01,-7.055002218484065679e+01
1.614999999999999858e+01,-2.094738752033962082e-03,-2.773132516619670421e-03,-2.656700743858369119e-03,-2.094738752033962082e-03,-6.783937645857083393e-04,1.164317727613013026e-04,-1.340632801301735810e+01,-4.341720093348532927e+00,3.725816728361641683e-01,-1.340632801301735810e+01,-5.212639930058918480e+01
1.616000000000000014e+01,-1.563371317914867640e-03,-1.930241764803731271e-03,-1.527009613975962481e-03,-1.563371317914867640e-03,-3.668704468888636314e-04,4.032321508277687903e-04,-1.000557643465515234e+01,-2.347970860088727463e+00,1.290342882648860101e+00,-1.000557643465515234e+01,-3.318961323628506221e+01
1.617000000000000171e+01,-9.626918425962609953e-04,-1.032819789295642224e-03,-3.765319454648587377e-04,-9.626918425962609953e-04,-7.012794669938122918e-05,6.562878438307834326e-04,-6.161227792616070786e+00,-4.488188588760398945e-01,2.100121100258506956e+00,-6.161227792616070786e+00,-1.352977665370081439e+01
1.617999999999999972e+01,-2.872964144419130070e-04,-7.201057414090171515e-05,8.059539417518236460e-04,-2.872964144419130070e-04,2.152858403010112919e-04,8.779645158927254153e-04,-1.838697052428243328e+00,1.377829377926472310e+00,2.809486450856721440e+00,-1.838697052428243328e+00,7.045856329064850598e+00
1.619000000000000128e+01,4.627136986320674666e-04,9.579207070623467317e-04,2.029431189966812623e-03,4.627136986320674666e-04,4.952070084302792651e-04,1.071510482904465891e-03,2.961367671245231925e+00,3.169324853953787269e+00,3.428833545294290630e+00,2.961367671245231925e+00,2.867857821147992681e+01
1.619999999999999929e+01,1.282427543110020761e-03,2.059807195679674158e-03,3.300980678841189658e-03,1.282427543110020761e-03,7.773796525696533965e-04,1.241173483161515500e-03,8.207536275904132594e+00,4.975229776445782015e+00,3.971755146116849655e+00,8.207536275904132594e+00,5.146356359540029501e+01
1.621000000000000085e+01,2.161941383160973125e-03,3.232667542163026111e-03,4.625008923392197671e-03,2.161941383160973125e-03,1.070726159002052987e-03,1.392341381229171560e-03,1.383642485223022867e+01,6.852647417613138892e+00,4.455492419933348991e+00,1.383642485223022867e+01,7.543369406933015853e+01
1.621999999999999886e+01,3.084653390884879286e-03,4.469056669707746621e-03,6.000723549249051096e-03,3.084653390884879286e-03,1.384403278822867334e-03,1.531666879541304475e-03,1.974178170166322843e+01,8.860180984466351717e+00,4.901334014532173988e+00,1.974178170166322843e+01,1.005098901019852633e+02
1.623000000000000043e+01,4.027506079682268737e-03,5.754203373925572199e-03,7.421333064698133579e-03,4.027506079682268737e-03,1.726697294243303461e-03,1.667129690772561380e-03,2.577603890996651970e+01,1.105086268315714193e+01,5.334815010472196306e+00,2.577603890996651970e+01,1.264851498107875756e+02
1.623999999999999844e+01,4.964504914619118081e-03,7.068394857534832619e-03,8.876383528188761668e-03,4.964504914619118081e-03,2.103889942915714538e-03,1.807988670653929049e-03,3.177283145356235394e+01,1.346489563466057326e+01,5.785563746092573290e+00,3.177283145356235394e+01,1.530698725029465095e+02
1.625000000000000000e+01,5.869779468669740485e-03,8.389050594572153990e-03,1.035363411413205148e-02,5.869779468669740485e-03,2.519271125902413505e-03,1.964583519559897490e-03,3.756658859948633733e+01,1.612333520577544732e+01,6.286667262591672412e+00,3.756658859948633733e+01,1.799297732035603588e+02
1.626000000000000156e+01,6.717411513402298494e-03,9.689824012554302743e-03,1.183778443640340003e-02,6.717411513402298494e-03,2.972412499152004249e-03,2.147960423849097286e-03,4.299143368577470881e+01,1.902343999457282564e+01,6.873473356317111538e+00,4.299143368577470881e+01,2.066650411099939504e+02
1.626999999999999957e+01,7.480859354666440607e-03,1.093959300116593113e-02,1.330890801761517271e-02,7.480859354666440607e-03,3.458733646499490520e-03,2.369315016449241584e-03,4.787749986986521833e+01,2.213589533759673955e+01,7.581808052637573070e+00,4.787749986986521833e+01,2.327856097802985857e+02
1.628000000000000114e+01,8.135453308060047045e-03,1.210484727921460994e-02,1.474411380546006983e-02,8.135453308060047045e-03,3.969393971154562897e-03,2.639266526245459890e-03,5.206690117158429842e+01,2.540412141538920210e+01,8.445652883985472315e+00,5.206690117158429842e+01,2.577500264128769345e+02
1.628999999999999915e+01,8.662121077000954281e-03,1.315369964098182104e-02,1.612069812127115559e-02,8.662121077000954281e-03,4.491578563980866759e-03,2.966998480289334550e-03,5.543757489280610429e+01,2.874610280947754859e+01,9.494395136925870560e+00,5.543757489280610429e+01,2.810342185176285739e+02
1.630000000000000071e+01,9.048662379989302895e-03,1.405786925833796101e-02,1.741719219440219027e-02,9.048662379989302895e-03,5.009206878348658118e-03,3.359322936064229256e-03,5.791143923193153853e+01,3.205892402143140885e+01,1.074983339540553295e+01,5.791143923193153853e+01,3.021605899463054357e+02
1.630999999999999872e+01,9.289290472992095538e-03,1.479329303485971830e-02,1.861303674720709081e-02,9.289290472992095538e-03,5.504002561867622767e-03,3.819743712347372505e-03,5.945145902714941144e+01,3.522561639595278393e+01,1.222317987951159246e+01,5.945145902714941144e+01,3.207007659078414008e+02
1.632000000000000028e+01,9.385363765291780333e-03,1.534218656422314461e-02,1.968979258898707549e-02,9.385363765291780333e-03,5.956822798931364280e-03,4.347606024763930876e-03,6.006632809786739102e+01,3.812366591316072828e+01,1.391233927924457880e+01,6.006632809786739102e+01,3.363069998708181174e+02
1.632999999999999829e+01,9.346376419190784504e-03,1.569552682536332067e-02,2.063295075738805565e-02,9.346376419190784504e-03,6.349150406172536162e-03,4.937423932024734979e-03,5.981680908282102394e+01,4.063456259950422833e+01,1.579975658247915149e+01,5.981680908282102394e+01,3.487533847944132503e+02
1.633999999999999986e+01,9.188080172411221963e-03,1.585269639382481596e-02,2.143116879545046982e-02,9.188080172411221963e-03,6.664616221413593999e-03,5.578472401625653859e-03,5.880371310343181790e+01,4.265354381704700160e+01,1.785111168520209191e+01,5.880371310343181790e+01,3.579251058170427200e+02
1.635000000000000142e+01,8.928672306351484456e-03,1.581903021367944695e-02,2.207374636414569102e-02,8.928672306351484456e-03,6.890357907327962494e-03,6.254716150466244073e-03,5.714350276064949696e+01,4.409829060689895641e+01,2.001509168149198103e+01,5.714350276064949696e+01,3.637706551471213174e+02
1.635999999999999943e+01,8.587107827164409957e-03,1.560514607030263033e-02,2.255026850947326397e-02,8.587107827164409957e-03,7.018038243138220375e-03,6.945122439170633641e-03,5.495749009385222195e+01,4.491544475608461084e+01,2.222439180534602698e+01,5.495749009385222195e+01,3.662919799658485545e+02
1.637000000000000099e+01,8.183877973623812641e-03,1.522832321106997247e-02,2.285269611051406885e-02,8.183877973623812641e-03,7.044445237446159830e-03,7.624372899444096380e-03,5.237681903119239735e+01,4.508444951965542202e+01,2.439799327822110797e+01,5.237681903119239735e+01,3.655777854872068247e+02
1.637999999999999901e+01,7.740431390045154035e-03,1.471209333847196300e-02,2.297604837499880523e-02,7.740431390045154035e-03,6.971661948426808968e-03,8.263955036526842227e-03,4.953876089628898427e+01,4.461863646993158028e+01,2.644465611688589490e+01,4.953876089628898427e+01,3.618061604493193499e+02
1.639000000000000057e+01,7.276250256850637713e-03,1.408303645820322900e-02,2.291661675001645249e-02,7.276250256850637713e-03,6.806786201352591284e-03,8.833580291813223490e-03,4.656800164384408447e+01,4.356343168865658555e+01,2.826745693380231472e+01,4.656800164384408447e+01,3.551966707989089400e+02
1.639999999999999858e+01,6.807038315589906269e-03,1.336823329845690696e-02,2.267107746630114481e-02,6.807038315589906269e-03,6.561194982867000688e-03,9.302844167844237858e-03,4.356504521977539923e+01,4.199164789034880130e+01,2.976910133710156003e+01,4.356504521977539923e+01,3.459773833416772959e+02
1.641000000000000014e+01,6.345425652582762158e-03,1.259485635464213313e-02,2.223787428057234436e-02,6.345425652582762158e-03,6.249430702059370971e-03,9.643017925930211232e-03,4.061072417652967914e+01,3.999635649317997377e+01,3.085765736297667416e+01,4.061072417652967914e+01,3.343942140980589670e+02
1.642000000000000171e+01,5.901342746690097299e-03,1.178919287865053817e-02,2.161803752146655364e-02,5.901342746690097299e-03,5.887850131960440866e-03,9.828844642816015470e-03,3.776859357881662049e+01,3.768224084454681844e+01,3.145230285701125084e+01,3.776859357881662049e+01,3.207094118411240515e+02
1.642999999999999972e+01,5.480639878630353193e-03,1.097380581545917902e-02,2.081401266185367929e-02,5.480639878630353193e-03,5.493165936828825827e-03,9.840206846394500273e-03,3.507609522323426177e+01,3.515626199570448307e+01,3.148866190846240087e+01,3.507609522323426177e+01,3.051630573822034194e+02
1.644000000000000128e+01,5.084385319749403463e-03,1.016537721877312610e-02,1.982891538986015015e-02,5.084385319749403463e-03,5.080991899023722634e-03,9.663538171087024051e-03,3.254006604639618416e+01,3.251834815375182330e+01,3.092332214747847630e+01,3.254006604639618416e+01,2.879452090428794691e+02
1.644999999999999929e+01,4.710332994315875529e-03,9.374861402676614233e-03,1.866772847195091733e-02,4.710332994315875529e-03,4.664528408360738704e-03,9.292867069274303102e-03,3.014613116362160383e+01,2.985298181350872682e+01,2.973717462167777015e+01,3.014613116362160383e+01,2.692088627964243415e+02
1.646000000000000085e+01,4.354538569444211214e-03,8.608077775609887516e-03,1.733848422829836755e-02,4.354538569444211214e-03,4.253539206165676302e-03,8.730406452688480035e-03,2.786904684444295199e+01,2.722265091946032811e+01,2.793730064860313433e+01,2.786904684444295199e+01,2.490869952375192327e+02
1.646999999999999886e+01,4.011428421177819226e-03,7.865150016132308602e-03,1.585178744774918755e-02,4.011428421177819226e-03,3.853721594954489377e-03,7.986637431616878946e-03,2.567314189553804482e+01,2.466381820770873290e+01,2.555723978117401174e+01,2.567314189553804482e+01,2.276825996532623719e+02
1.648000000000000043e+01,3.673625394844389196e-03,7.140128850377254650e-03,1.422000310603519814e-02,3.673625394844389196e-03,3.466503455532865454e-03,7.079874255657943490e-03,2.351120252700409097e+01,2.218562211541033946e+01,2.265559761810541772e+01,2.351120252700409097e+01,2.050572667815595480e+02
1.648999999999999844e+01,3.332929938523362858e-03,6.422196147007739123e-03,1.245753336470596488e-02,3.332929938523362858e-03,3.089266208484376264e-03,6.035337217698225759e-03,2.133075160654952285e+01,1.977130373430000887e+01,1.931307909663432198e+01,2.133075160654952285e+01,1.812454033124515433e+02
1.650000000000000000e+01,2.981603608662329943e-03,5.697577466200386132e-03,1.058137519539925631e-02,2.981603608662329943e-03,2.715973857538056188e-03,4.883797729198870174e-03,1.908226309543891119e+01,1.738223268824355827e+01,1.562815273343638367e+01,1.908226309543891119e+01,1.562779455513565665e+02
1.651000000000000156e+01,2.613039852918077905e-03,4.951190516149134996e-03,8.611082835299958479e-03,2.613039852918077905e-03,2.338150663231057091e-03,3.659892319150823484e-03,1.672345505867570026e+01,1.496416424467876460e+01,1.171165542128263581e+01,1.672345505867570026e+01,1.301978241739113002e+02
1.651999999999999957e+01,2.222166880952179506e-03,4.168275289831990804e-03,6.568502396903720328e-03,2.222166880952179506e-03,1.946108408879811298e-03,2.400227107071729524e-03,1.422186803809394817e+01,1.245509381683079297e+01,7.680726742629534698e+00,1.422186803809394817e+01,1.030730657926628169e+02
1.653000000000000114e+01,1.805494711850852071e-03,3.335790523344313134e-03,4.477199509938442450e-03,1.805494711850852071e-03,1.530295811493461063e-03,1.141408986594129316e-03,1.155516615584545370e+01,9.793893193558151467e+00,3.652508757101213810e+00,1.155516615584545370e+01,7.500470431951445960e+01
1.653999999999999915e+01,1.360393970526761276e-03,2.443015046176697218e-03,2.361157868312878643e-03,1.360393970526761276e-03,1.082621075649935942e-03,-8.185717786381857541e-05,8.706521411371271668e+00,6.928774884159589753e+00,-2.619429691642194413e-01,8.706521411371271668e+00,4.612005997909992772e+01
1.655000000000000071e+01,8.847372235141287783e-04,1.482336860284156526e-03,2.438618624049168767e-04,8.847372235141287783e-04,5.975996367700277473e-04,-1.238474997879239568e-03,5.662318230490424043e+00,3.824637675328177444e+00,-3.963119993213566783e+00,5.662318230490424043e+00,1.657150773781510367e+01
1.655999999999999872e+01,3.780086924489331436e-04,4.512332419578617810e-04,-1.851122657956473343e-03,3.780086924489331436e-04,7.322454950892863740e-05,-2.302355899914335178e-03,2.419255631673172147e+00,4.686371168571432655e-01,-7.367538879725872292e+00,2.419255631673172147e+00,-1.343893839358666753e+01
1.657000000000000028e+01,-1.576269506623614793e-04,-6.461168707643540326e-04,-3.899544761313839675e-03,-1.576269506623614793e-04,-4.884899201019925804e-04,-3.253427890549485425e-03,-1.008812484239113516e+00,-3.126335488652752570e+00,-1.041096924975835414e+01,-1.008812484239113516e+00,-4.363835166795066556e+01
1.657999999999999829e+01,-7.180116828234371770e-04,-1.799339700544652296e-03,-5.877542185503675277e-03,-7.180116828234371770e-04,-1.081328017721215010e-03,-4.078202484959022982e-03,-4.595274770069997849e+00,-6.920499313415776399e+00,-1.305024795186887410e+01,-4.595274770069997849e+00,-7.369806610606394770e+01
1.658999999999999986e+01,-1.297964772570183367e-03,-2.993051285878990230e-03,-7.762934964884040702e-03,-1.297964772570183367e-03,-1.695086513308806863e-03,-4.769883679005050905e-03,-8.306974544449174047e+00,-1.084855368517636443e+01,-1.526362777281616268e+01,-8.306974544449174047e+00,-1.032574680073250875e+02
1.660000000000000142e+01,-1.890566379210174754e-03,-4.206727672087058265e-03,-9.534765975990313475e-03,-1.890566379210174754e-03,-2.316161292876883510e-03,-5.328038303903255210e-03,-1.209962482694511898e+01,-1.482343227441205435e+01,-1.704972257249041689e+01,-1.209962482694511898e+01,-1.319183390215427778e+02
1.660999999999999943e+01,-2.486381046738298309e-03,-5.414804806333516074e-03,-1.117268398568409087e-02,-2.486381046738298309e-03,-2.928423759595217765e-03,-5.757879179350574791e-03,-1.591283869912510873e+01,-1.874191206140939414e+01,-1.842521337392183867e+01,-1.591283869912510873e+01,-1.592398924033690264e+02
1.662000000000000099e+01,-3.074800085304221515e-03,-6.589102016468984489e-03,-1.265834044642236145e-02,-3.074800085304221515e-03,-3.514301931164762974e-03,-6.069238429953376958e-03,-1.967872054594701936e+01,-2.249153235945448159e+01,-1.942156297585080793e+01,-1.967872054594701936e+01,-1.847754476437569338e+02
1.662999999999999901e+01,-3.645844334004386730e-03,-7.701846423544675066e-03,-1.397717375888286526e-02,-3.645844334004386730e-03,-4.056002089540287903e-03,-6.275327335338190191e-03,-2.333340373762807474e+01,-2.595841337305784435e+01,-2.008104747308220794e+01,-2.333340373762807474e+01,-2.081185937513043882e+02
1.664000000000000057e+01,-4.190150575394078862e-03,-8.726933510383087442e-03,-1.511832401018277719e-02,-4.190150575394078862e-03,-4.536782934989008580e-03,-6.391390499799689748e-03,-2.681696368252210405e+01,-2.903541078392965602e+01,-2.045244959935900653e+01,-2.681696368252210405e+01,-2.289144721974323033e+02
1.664999999999999858e+01,-4.698686001804357540e-03,-9.640847158997533153e-03,-1.607421176513156719e-02,-4.698686001804357540e-03,-4.942161157193175614e-03,-6.433364606134034033e-03,-3.007159041154788781e+01,-3.162983140603632393e+01,-2.058676673962891002e+01,-3.007159041154788781e+01,-2.468645656716393546e+02
1.666000000000000014e+01,-5.164171532189273939e-03,-1.042512281724708618e-02,-1.684176812496121847e-02,-5.164171532189273939e-03,-5.260951285057812246e-03,-6.416645307714132287e-03,-3.305069780601135676e+01,-3.367008822436999793e+01,-2.053326498468522487e+01,-3.305069780601135676e+01,-2.617621530451997387e+02
1.667000000000000171e+01,-5.582291220698987373e-03,-1.106837475093943451e-02,-1.742342626540203943e-02,-5.582291220698987373e-03,-5.486083530240447141e-03,-6.355051514462604911e-03,-3.572666381247351808e+01,-3.511093459353886459e+01,-2.033616484628033660e+01,-3.572666381247351808e+01,-2.735212897568781045e+02
1.667999999999999972e+01,-5.950550899285433210e-03,-1.156568597271407858e-02,-1.782574194713452964e-02,-5.950550899285433210e-03,-5.615135073428645374e-03,-6.260055974420451058e-03,-3.808352575542676988e+01,-3.593686446994333039e+01,-2.003217911814544294e+01,-3.808352575542676988e+01,-2.821577080305466438e+02
1.669000000000000128e+01,-6.266757648898954938e-03,-1.191725452516193169e-02,-1.805757985547776223e-02,-6.266757648898954938e-03,-5.650496876262976753e-03,-6.140325330315830540e-03,-4.010724895295331294e+01,-3.616318000808305300e+01,-1.964904105701065617e+01,-4.010724895295331294e+01,-2.877584100541411090e+02
1.669999999999999929e+01,-6.529550389592117532e-03,-1.212869970366090878e-02,-1.813028324069059991e-02,-6.529550389592117532e-03,-5.599149314068791253e-03,-6.001583537029691121e-03,-4.178912249338955576e+01,-3.583455561004026180e+01,-1.920506731849501136e+01,-4.178912249338955576e+01,-2.904862362657744939e+02
1.671000000000000085e+01,-6.739349977714268435e-03,-1.221144188777030515e-02,-1.805822516303383363e-02,-6.739349977714268435e-03,-5.472091910056036713e-03,-5.846783275263528479e-03,-4.313183985737131820e+01,-3.502138822435863830e+01,-1.870970648084329113e+01,-4.313183985737131820e+01,-2.905888036877197464e+02
1.671999999999999886e+01,-6.897356319977946369e-03,-1.218084353348489537e-02,-1.785738746568872951e-02,-6.897356319977946369e-03,-5.283487213506949005e-03,-5.676543932203834131e-03,-4.414308044785885699e+01,-3.381431816644447252e+01,-1.816494058305227099e+01,-4.414308044785885699e+01,-2.883670175920668157e+02
1.673000000000000043e+01,-7.003875797136394771e-03,-1.205344028183367999e-02,-1.754323341465809094e-02,-7.003875797136394771e-03,-5.049564484697285222e-03,-5.489793132824410948e-03,-4.482480510167292920e+01,-3.231721270206262631e+01,-1.756733802503811503e+01,-4.482480510167292920e+01,-2.841280674863210152e+02
1.673999999999999844e+01,-7.058128196376211617e-03,-1.184548139577048728e-02,-1.713001408005481244e-02,-7.058128196376211617e-03,-4.787353199394275664e-03,-5.284532684284325155e-03,-4.517202045680775768e+01,-3.063906047612336536e+01,-1.691050458970984138e+01,-4.517202045680775768e+01,-2.781647565679228933e+02
1.675000000000000000e+01,-7.058951728600994582e-03,-1.157231335981842753e-02,-1.663095433503109996e-02,-7.058951728600994582e-03,-4.513361631217432945e-03,-5.058640975212672433e-03,-4.517729106304636844e+01,-2.888551443979157085e+01,-1.618765112068055245e+01,-4.517729106304636844e+01,-2.707513698705554361e+02
1.676000000000000156e+01,-7.005231191578746575e-03,-1.124756093015907496e-02,-1.605818476735258390e-02,-7.005231191578746575e-03,-4.242329738580328385e-03,-4.810623837193508945e-03,-4.483347962610397985e+01,-2.715091032691410078e+01,-1.539399627901922862e+01,-4.483347962610397985e+01,-2.621351586961119438e+02
1.676999999999999957e+01,-6.896439420501005411e-03,-1.088261317345816555e-02,-1.542284783720206456e-02,-6.896439420501005411e-03,-3.986173752957160137e-03,-4.540234663743899016e-03,-4.413721229120643130e+01,-2.551151201892582421e+01,-1.452875092398047663e+01,-4.413721229120643130e+01,-2.525324257023381733e+02
1.678000000000000114e+01,-6.733393334062316715e-03,-1.048661652288298933e-02,-1.473551766250284431e-02,-6.733393334062316715e-03,-3.753223188820672615e-03,-4.248901139619854980e-03,-4.309371733799882520e+01,-2.402062840845230340e+01,-1.359648364678353616e+01,-4.309371733799882520e+01,-2.421324881797040121e+02
1.678999999999999915e+01,-6.518544859091742437e-03,-1.006636476235499116e-02,-1.400628323034459020e-02,-6.518544859091742437e-03,-3.547819903263248718e-03,-3.939918467989599049e-03,-4.171868709818715359e+01,-2.270604738088479024e+01,-1.260773909756671785e+01,-4.171868709818715359e+01,-2.310974207299159957e+02
1.680000000000000071e+01,-6.256200117594807111e-03,-9.626508103093745980e-03,-1.324490310280931026e-02,-6.256200117594807111e-03,-3.370307985498938869e-03,-3.618394999715564275e-03,-4.003968075260676329e+01,-2.156997110719320787e+01,-1.157886399908980479e+01,-4.003968075260676329e+01,-2.195655475766693314e+02
1.680999999999999872e+01,-5.953309519788555458e-03,-9.170724111099882656e-03,-1.246168716033172440e-02,-5.953309519788555458e-03,-3.217414591311327197e-03,-3.290963049231841742e-03,-3.810118092664675515e+01,-2.059145338439249429e+01,-1.053108175754189446e+01,-3.810118092664675515e+01,-2.076711482057434353e+02
1.682000000000000028e+01,-5.619963509897950640e-03,-8.702957387773435638e-03,-1.166825045043307606e-02,-5.619963509897950640e-03,-3.082993877875484998e-03,-2.965293062659640419e-03,-3.596776646334688365e+01,-1.973116081840310443e+01,-9.488937800510848675e+00,-3.596776646334688365e+01,-1.955635952467825120e+02
1.682999999999999829e+01,-5.268748215900601398e-03,-8.227807142767291221e-03,-1.087727778383846232e-02,-5.268748215900601398e-03,-2.959058926866689823e-03,-2.649470641071171098e-03,-3.371998858176385028e+01,-1.893797713194681620e+01,-8.478306051427747292e+00,-3.371998858176385028e+01,-1.834088152954152520e+02
1.683999999999999986e+01,-4.913625222728246027e-03,-7.750606509296664032e-03,-1.010191703603729313e-02,-4.913625222728246027e-03,-2.836981286568418005e-03,-2.351310526740629098e-03,-3.144720142546077568e+01,-1.815668023403787501e+01,-7.524193685570013557e+00,-3.144720142546077568e+01,-1.713842260352059839e+02
1.685000000000000142e+01,-4.568767740987814997e-03,-7.277486013723381483e-03,-9.355173639406971428e-03,-4.568767740987814997e-03,-2.708718272735566486e-03,-2.077687625683589945e-03,-2.924011354232201754e+01,-1.733579694550762440e+01,-6.648600402187487823e+00,-2.924011354232201754e+01,-1.596735326700513724e+02
1.685999999999999943e+01,-4.246836871974018525e-03,-6.814759197606463405e-03,-8.648720944978652986e-03,-4.246836871974018525e-03,-2.567922325632444880e-03,-1.833961747372189581e-03,-2.717975598063371834e+01,-1.643470288404764545e+01,-5.868677591591006326e+00,-2.717975598063371834e+01,-1.484494093688171290e+02
1.687000000000000099e+01,-3.957288503025185519e-03,-6.368082347334690259e-03,-7.991642621532322327e-03,-3.957288503025185519e-03,-2.410793844309504740e-03,-1.623560274197632068e-03,-2.532664641936118599e+01,-1.542908060358083056e+01,-5.195392877432422729e+00,-2.532664641936118599e+01,-1.378533597011233098e+02
1.687999999999999901e+01,-3.705857404195963493e-03,-5.942437534199504143e-03,-7.390200539890542410e-03,-3.705857404195963493e-03,-2.236580130003540650e-03,-1.447763005691038267e-03,-2.371748738685416669e+01,-1.431411283202266027e+01,-4.632841618211322121e+00,-2.371748738685416669e+01,-1.279933255112644446e+02
1.689000000000000057e+01,-3.494168699371368297e-03,-5.541844589129841896e-03,-6.847553360838024537e-03,-3.494168699371368297e-03,-2.047675889758473599e-03,-1.305708771708182642e-03,-2.236267967597675721e+01,-1.310512569445423026e+01,-4.178268069466184897e+00,-2.236267967597675721e+01,-1.189382203196915100e+02
1.689999999999999858e+01,-3.318168636512624104e-03,-5.167472989212412715e-03,-6.362089840247896026e-03,-3.318168636512624104e-03,-1.849304352699788611e-03,-1.194616851035483311e-03,-2.123627927368079327e+01,-1.183554785727864633e+01,-3.822773923313546707e+00,-2.123627927368079327e+01,-1.106838031628189611e+02
1.691000000000000014e+01,-3.167631143923038597e-03,-4.816420520311927300e-03,-5.926610648705861288e-03,-3.167631143923038597e-03,-1.648789376388888703e-03,-1.110190128393933988e-03,-2.027283932110744757e+01,-1.055225200888888715e+01,-3.552608410860588872e+00,-2.027283932110744757e+01,-1.031330992225707632e+02
1.692000000000000171e+01,-3.029216988522953104e-03,-4.483739398228853146e-03,-5.530884149735461677e-03,-3.029216988522953104e-03,-1.454522409705900042e-03,-1.047144751506608532e-03,-1.938698872654689964e+01,-9.308943422117760491e+00,-3.350863204821147079e+00,-1.938698872654689964e+01,-9.614038606045741631e+01
1.692999999999999972e+01,-2.890385167021215090e-03,-4.165202775855667700e-03,-5.165000077554734656e-03,-2.890385167021215090e-03,-1.274817608834452609e-03,-9.997973016990669565e-04,-1.849846506893577569e+01,-8.158832696540496698e+00,-3.199351365437014039e+00,-1.849846506893577569e+01,-8.956994739273986283e+01
1.694000000000000128e+01,-2.740409589374566152e-03,-3.857243443687295020e-03,-4.819880900009257570e-03,-2.740409589374566152e-03,-1.116833854312728868e-03,-9.626374563219625494e-04,-1.753862137199722326e+01,-7.147736667601464866e+00,-3.080439860230280047e+00,-1.753862137199722326e+01,-8.330039369948690364e+01
1.694999999999999929e+01,-2.570370099678689988e-03,-3.556044881375013296e-03,-4.486865342114815247e-03,-2.570370099678689988e-03,-9.856747816963233079e-04,-9.308204607398019512e-04,-1.645036863794361537e+01,-6.308318602856469504e+00,-2.978625474367366355e+00,-1.645036863794361537e+01,-7.721193814550235857e+01
1.696000000000000085e+01,-2.375645248353601587e-03,-3.259415622447439827e-03,-4.159943013327871940e-03,-2.375645248353601587e-03,-8.837703740938382402e-04,-9.005273908804321131e-04,-1.520412958946305082e+01,-5.656130394200564737e+00,-2.881687650817382540e+00,-1.520412958946305082e+01,-7.122584290344299518e+01
1.696999999999999886e+01,-2.158843605786297127e-03,-2.969502965680820197e-03,-3.838664336361916930e-03,-2.158843605786297127e-03,-8.106593598945230697e-04,-8.691613706810967337e-04,-1.381659907703230239e+01,-5.188219903324947424e+00,-2.781316386179509603e+00,-1.381659907703230239e+01,-6.535840609961027781e+01
1.698000000000000043e+01,-1.929107497180133869e-03,-2.692327463625001673e-03,-3.527700121113920909e-03,-1.929107497180133869e-03,-7.632199664448678037e-04,-8.353726574889192361e-04,-1.234628798195285704e+01,-4.884607785247154332e+00,-2.673192503964541444e+00,-1.234628798195285704e+01,-5.971226481349366111e+01
1.698999999999999844e+01,-1.698968618136126839e-03,-2.435240501269091314e-03,-3.234170515928623361e-03,-1.698968618136126839e-03,-7.362718831329644747e-04,-7.989300146595320479e-04,-1.087339915607121199e+01,-4.712140052050973082e+00,-2.556576046910502775e+00,-1.087339915607121199e+01,-5.442634576509806266e+01
1.700000000000000000e+01,-1.482348348615138579e-03,-2.205762613969359295e-03,-2.966237791223868582e-03,-1.482348348615138579e-03,-7.234142653542207160e-04,-7.604751772545092874e-04,-9.487029431136887681e+00,-4.629851298267012361e+00,-2.433520567214429775e+00,-9.487029431136887681e+00,-4.965120388985499034e+01
1.701000000000000156e+01,-1.293520729854147648e-03,-2.011495498377275943e-03,-2.732704871959320148e-03,-1.293520729854147648e-03,-7.179747685231282952e-04,-7.212093735820442053e-04,-8.278532671066544779e+00,-4.595038518548021145e+00,-2.307869995462541457e+00,-8.278532671066544779e+00,-4.554432355523132259e+01
1.701999999999999957e+01,-1.145324614553851249e-03,-1.859271635721550069e-03,-2.541837150398432773e-03,-1.145324614553851249e-03,-7.139470211676988195e-04,-6.825655146768827043e-04,-7.330077533144647717e+00,-4.569260935473272056e+00,-2.184209646966024820e+00,-7.330077533144647717e+00,-4.225064434675183378e+01
1.703000000000000114e+01,-1.047761470675537959e-03,-1.754555817314195579e-03,-2.400472672447423114e-03,-1.047761470675537959e-03,-7.067943466386576203e-04,-6.459168551332275347e-04,-6.705673412323442939e+00,-4.523483818487409103e+00,-2.066933936426328167e+00,-6.705673412323442939e+00,-3.988827350171153796e+01
1.703999999999999915e+01,-1.008127431841189699e-03,-1.702164091803817303e-03,-2.314527740415085830e-03,-1.008127431841189699e-03,-6.940366599626276046e-04,-6.123636486112685271e-04,-6.452015563783613850e+00,-4.441834623760816392e+00,-1.959563675556059259e+00,-6.452015563783613850e+00,-3.856024158930146939e+01
1.705000000000000071e+01,-1.031013056607446923e-03,-1.706593397936083346e-03,-2.289219074214771370e-03,-1.031013056607446923e-03,-6.755803413286364228e-04,-5.826256762786880244e-04,-6.598483562287659865e+00,-4.323714184503272939e+00,-1.864402164091801595e+00,-6.598483562287659865e+00,-3.835979973264819876e+01
1.705999999999999872e+01,-1.117317545159871722e-03,-1.771078822056773930e-03,-2.328131198156053409e-03,-1.117317545159871722e-03,-6.537612768969022076e-04,-5.570523760992794789e-04,-7.150832289023179023e+00,-4.184072172140174573e+00,-1.782567603517694277e+00,-7.150832289023179023e+00,-3.935241619404314406e+01
1.707000000000000028e+01,-1.264179082792832743e-03,-1.897270917979648622e-03,-2.433016003911507488e-03,-1.264179082792832743e-03,-6.330918351868158791e-04,-5.357450859318588655e-04,-8.090746129874130332e+00,-4.051787745195621682e+00,-1.714384274981948453e+00,-8.090746129874130332e+00,-4.157075445015510695e+01
1.707999999999999829e+01,-1.466391068174540931e-03,-2.086149017633004248e-03,-2.604918844295603386e-03,-1.466391068174540931e-03,-6.197579494584633166e-04,-5.187698266625991386e-04,-9.384902836317062125e+00,-3.966450876534165282e+00,-1.660063445320317133e+00,-9.384902836317062125e+00,-4.503425147451463317e+01
1.708999999999999986e+01,-1.717265806681190317e-03,-2.338214165016023333e-03,-2.844640767600566285e-03,-1.717265806681190317e-03,-6.209483583348330161e-04,-5.064266025845429522e-04,-1.099050116275961742e+01,-3.974069493342931469e+00,-1.620565128270537336e+00,-1.099050116275961742e+01,-4.975540735311925289e+01
1.710000000000000142e+01,-2.008513212926765160e-03,-2.652603390063441955e-03,-3.152136995510949977e-03,-2.008513212926765160e-03,-6.440901771366767947e-04,-4.995336054475080223e-04,-1.285448456273129736e+01,-4.122177133674731486e+00,-1.598507537432025671e+00,-1.285448456273129736e+01,-5.572550770151416089e+01
1.710999999999999943e+01,-2.330964946385515133e-03,-3.027029049751862010e-03,-3.526711170363925306e-03,-2.330964946385515133e-03,-6.960641033663468764e-04,-4.996821206120632963e-04,-1.491817565686729630e+01,-4.454810261544619898e+00,-1.598982785958602548e+00,-1.491817565686729630e+01,-6.291590611311155357e+01
1.712000000000000099e+01,-2.676176053814558874e-03,-3.458669358408425053e-03,-3.968090040476868890e-03,-2.676176053814558874e-03,-7.824933045938661791e-04,-5.094206820684438371e-04,-1.712752674441317779e+01,-5.007957149400743546e+00,-1.630146182619020223e+00,-1.712752674441317779e+01,-7.129689022929882469e+01
1.712999999999999901e+01,-3.036948255115051298e-03,-3.944139515820179256e-03,-4.476474672124182951e-03,-3.036948255115051298e-03,-9.071912607051279588e-04,-5.323351563040036941e-04,-1.943646883273632753e+01,-5.806024068512819269e+00,-1.703472500172811710e+00,-1.943646883273632753e+01,-8.083789620426585998e+01
1.714000000000000057e+01,-3.406762715222992621e-03,-4.478570976130853525e-03,-5.051574542540208587e-03,-3.406762715222992621e-03,-1.071808260907860903e-03,-5.730035664093550626e-04,-2.180328137742715455e+01,-6.859572869810310003e+00,-1.833611412509936311e+00,-2.180328137742715455e+01,-9.148939697924220127e+01
1.714999999999999858e+01,-3.779910903733852551e-03,-5.055598937399775547e-03,-5.692417462278920835e-03,-3.779910903733852551e-03,-1.275688033665922996e-03,-6.368185248791452882e-04,-2.419142978389665544e+01,-8.164403415461906732e+00,-2.037819279613264811e+00,-2.419142978389665544e+01,-1.031809574369154632e+02
1.716000000000000014e+01,-4.152290250800624513e-03,-5.668235220255674577e-03,-6.397919974296612314e-03,-4.152290250800624513e-03,-1.515944969455050063e-03,-7.296847540409377372e-04,-2.657465760512399555e+01,-9.702047804512320184e+00,-2.334991212931000870e+00,-2.657465760512399555e+01,-1.158350898677019671e+02
1.717000000000000171e+01,-4.521410736154971195e-03,-6.309165888857562465e-03,-7.166779189349497745e-03,-4.521410736154971195e-03,-1.787755152702591270e-03,-8.576133004919352792e-04,-2.893702871139181454e+01,-1.144163297729658346e+01,-2.744362561574193116e+00,-2.893702871139181454e+01,-1.293690727507877796e+02
1.717999999999999972e+01,-4.885840503896139025e-03,-6.970659708311166373e-03,-7.996905829624756379e-03,-4.885840503896139025e-03,-2.084819204415027348e-03,-1.026246121313590005e-03,-3.126937922493528887e+01,-1.334284290825617525e+01,-3.283987588203487906e+00,-3.126937922493528887e+01,-1.436886291641848743e+02
1.719000000000000128e+01,-5.245181511604814738e-03,-7.645120838870990941e-03,-8.885474045621167410e-03,-5.245181511604814738e-03,-2.399939327266176203e-03,-1.240353206750176469e-03,-3.356916167427081632e+01,-1.535961169450352770e+01,-3.969130261600564591e+00,-3.356916167427081632e+01,-1.586937108911247378e+02
1.719999999999999929e+01,-5.600054218978888984e-03,-8.325707577625924422e-03,-9.829056178902081595e-03,-5.600054218978888984e-03,-2.725653358647035437e-03,-1.503348601276157173e-03,-3.584034700146489172e+01,-1.744418149534102724e+01,-4.810715524083702732e+00,-3.584034700146489172e+01,-1.742857320626688704e+02
1.721000000000000085e+01,-5.951216724692311860e-03,-9.006073642827617382e-03,-1.082294490090149330e-02,-5.951216724692311860e-03,-3.054856918135305521e-03,-1.816871258073875922e-03,-3.808778703803079679e+01,-1.955108427606595711e+01,-5.813988025836403395e+00,-3.808778703803079679e+01,-1.903585780197994666e+02
1.721999999999999886e+01,-6.298524951456519264e-03,-9.679858873393197560e-03,-1.186033016096281305e-02,-6.298524951456519264e-03,-3.381333921936678297e-03,-2.180471287569615488e-03,-4.031055968932172107e+01,-2.164053710039474154e+01,-6.977508120222769783e+00,-4.031055968932172107e+01,-2.067858147298177016e+02
1.723000000000000043e+01,-6.640666442317475979e-03,-1.034079952444142726e-02,-1.293223173905941152e-02,-6.640666442317475979e-03,-3.700133082123951284e-03,-2.591432214617984259e-03,-4.250026523083184316e+01,-2.368085172559328910e+01,-8.292583086777549184e+00,-4.250026523083184316e+01,-2.234211001296080497e+02
1.723999999999999844e+01,-6.975397289278911089e-03,-1.098315954437734110e-02,-1.402790633766518025e-02,-6.975397289278911089e-03,-4.007762255098430010e-03,-3.044746793287839148e-03,-4.464254265138502831e+01,-2.564967843262995117e+01,-9.743189738521085275e+00,-4.464254265138502831e+01,-2.401062324676082085e+02
1.725000000000000000e+01,-7.299902613465727476e-03,-1.160210344916301137e-02,-1.513535307673312402e-02,-7.299902613465727476e-03,-4.302200835697283891e-03,-3.533249627570112655e-03,-4.671937672618065562e+01,-2.753408534846261801e+01,-1.130639880822436005e+01,-4.671937672618065562e+01,-2.566795826486029455e+02
1.726000000000000156e+01,-7.611303161201834686e-03,-1.219405477523182423e-02,-1.624195078336237302e-02,-7.611303161201834686e-03,-4.582751614029989540e-03,-4.047896008130548798e-03,-4.871234023169174066e+01,-2.932961032979193305e+01,-1.295326722601775593e+01,-4.871234023169174066e+01,-2.729856533625043085e+02
1.726999999999999957e+01,-7.906759539768506984e-03,-1.275652400236649761e-02,-1.733468829484515958e-02,-7.906759539768506984e-03,-4.849764462597990627e-03,-4.578164292478661968e-03,-5.060326105451844114e+01,-3.103849256062714090e+01,-1.465012573593171830e+01,-5.060326105451844114e+01,-2.888756380532319099e+02
1.728000000000000114e+01,-8.182770768568334643e-03,-1.328702896127887528e-02,-1.839957844331324352e-02,-8.182770768568334643e-03,-5.104258192710540640e-03,-5.112549482034368237e-03,-5.236973291883734305e+01,-3.266725243334745699e+01,-1.636015834250997969e+01,-5.236973291883734305e+01,-3.041914310840843427e+02
1.728999999999999915e+01,-8.434932088519090515e-03,-1.378239983041898778e-02,-1.942150849105047858e-02,-8.434932088519090515e-03,-5.347467741899897264e-03,-5.639108660631490799e-03,-5.398356536652217841e+01,-3.422379354815934249e+01,-1.804514771402077145e+01,-5.398356536652217841e+01,-3.187575198861068770e+02
1.730000000000000071e+01,-8.659290059189155356e-03,-1.423966563138704539e-02,-2.038568108882771179e-02,-8.659290059189155356e-03,-5.580375572197890030e-03,-6.146015457440666407e-03,-5.541945637881059383e+01,-3.571440366206649486e+01,-1.966724946381013339e+01,-5.541945637881059383e+01,-3.324033285140616272e+02
1.730999999999999872e+01,-8.853879728221263068e-03,-1.465719318611069695e-02,-2.127927509640553314e-02,-8.853879728221263068e-03,-5.803313457889433882e-03,-6.622081910294836185e-03,-5.666483026061608541e+01,-3.714120613049237818e+01,-2.119066211294347468e+01,-5.666483026061608541e+01,-3.449900955121557899e+02
1.732000000000000028e+01,-9.018552454964190446e-03,-1.503424834891212321e-02,-2.209146045350393953e-02,-9.018552454964190446e-03,-6.015695893947932762e-03,-7.057212104591816318e-03,-5.771873571177081885e+01,-3.850045372126677279e+01,-2.258307873469381377e+01,-5.771873571177081885e+01,-3.564068045031941665e+02
1.732999999999999829e+01,-9.153875129143692821e-03,-1.536977017233960574e-02,-2.281253121481218588e-02,-9.153875129143692821e-03,-6.215895043195912920e-03,-7.442761042472580135e-03,-5.858480082651963272e+01,-3.978172827645384046e+01,-2.381683533591225554e+01,-5.858480082651963272e+01,-3.665500933166571826e+02
1.733999999999999986e+01,-9.260920512471716715e-03,-1.566216869212910812e-02,-2.343395111982581741e-02,-9.260920512471716715e-03,-6.401248179657391402e-03,-7.771782427696709294e-03,-5.926989127981898520e+01,-4.096798834980730675e+01,-2.486970376862947063e+01,-5.926989127981898520e+01,-3.753227501947673090e+02
1.735000000000000142e+01,-9.341523013458287450e-03,-1.590971787028808496e-02,-2.394887741396820730e-02,-9.341523013458287450e-03,-6.568194856829797507e-03,-8.039159543680122338e-03,-5.978574728613303790e+01,-4.203644708371070493e+01,-2.572531053977639104e+01,-5.978574728613303790e+01,-3.826425147288604194e+02
1.735999999999999943e+01,-9.397500984871331661e-03,-1.611002588935342081e-02,-2.435164938672858270e-02,-9.397500984871331661e-03,-6.712524904482089147e-03,-8.241623497375161894e-03,-6.014400630317652485e+01,-4.296015938868536921e+01,-2.637319519160051939e+01,-6.014400630317652485e+01,-3.884320826503872013e+02
1.737000000000000099e+01,-9.429282316088999361e-03,-1.625896822131911792e-02,-2.463663970974691239e-02,-9.429282316088999361e-03,-6.829685905230118564e-03,-8.377671488427794466e-03,-6.034740682296959591e+01,-4.370998979347275792e+01,-2.680854876296894318e+01,-6.034740682296959591e+01,-3.925978361382339017e+02
1.737999999999999901e+01,-9.435476683955914406e-03,-1.635057188340550277e-02,-2.479797521879488834e-02,-9.435476683955914406e-03,-6.915095199449588365e-03,-8.447403335389385565e-03,-6.038705077731785309e+01,-4.425660927647736287e+01,-2.703169067324603247e+01,-6.038705077731785309e+01,-3.950260521811237595e+02
1.739000000000000057e+01,-9.413226635653982807e-03,-1.637765158463071538e-02,-2.482994890546639036e-02,-9.413226635653982807e-03,-6.964424948976732574e-03,-8.452297320835674976e-03,-6.024465046818549041e+01,-4.457231967345109069e+01,-2.704735142667416170e+01,-6.024465046818549041e+01,-3.955929647049322284e+02
1.739999999999999858e+01,-9.358179846543324479e-03,-1.633201961937293459e-02,-2.472696673894706626e-02,-9.358179846543324479e-03,-6.973839772829610109e-03,-8.394947119574131672e-03,-5.989235101787727444e+01,-4.463257454610950248e+01,-2.686383078263722268e+01,-5.989235101787727444e+01,-3.941662690398719633e+02
1.741000000000000014e+01,-9.264222655739935350e-03,-1.620438525862738510e-02,-2.448316565312362234e-02,-9.264222655739935350e-03,-6.940162602887449753e-03,-8.278780394496237233e-03,-5.929102499673558668e+01,-4.441704065847967797e+01,-2.649209726238795781e+01,-5.929102499673558668e+01,-3.906004887528096674e+02
1.742000000000000171e+01,-9.123786787366429049e-03,-1.598473993403114538e-02,-2.409251671389498611e-02,-9.123786787366429049e-03,-6.860953146664716326e-03,-8.107776779863840738e-03,-5.839223543914514636e+01,-4.391010013865418671e+01,-2.594488569556429169e+01,-5.839223543914514636e+01,-3.847416638200908778e+02
1.742999999999999972e+01,-8.928618443662498377e-03,-1.566312311318173237e-02,-2.354932224177914979e-02,-8.928618443662498377e-03,-6.734504669519233988e-03,-7.886199128597417424e-03,-5.714315803943998873e+01,-4.310082988492310108e+01,-2.523583721151173620e+01,-5.714315803943998873e+01,-3.764394754076245135e+02
1.744000000000000128e+01,-8.670501597622478143e-03,-1.523028028109825460e-02,-2.284862826021870699e-02,-8.670501597622478143e-03,-6.559778683475776459e-03,-7.618347979120452390e-03,-5.549121022478386323e+01,-4.198258357424496978e+01,-2.437871353318544720e+01,-5.549121022478386323e+01,-3.655575219966428335e+02
1.744999999999999929e+01,-8.342100933409988053e-03,-1.467840435562980418e-02,-2.198675018615723481e-02,-8.342100933409988053e-03,-6.336303422219816128e-03,-7.308345830527430628e-03,-5.338944597382392487e+01,-4.055234190220681967e+01,-2.338670665768777823e+01,-5.338944597382392487e+01,-3.519854836011555790e+02
1.746000000000000085e+01,-7.938210687524847181e-03,-1.400228222852778655e-02,-2.096223770414411269e-02,-7.938210687524847181e-03,-6.064071541002939367e-03,-6.959955475616326145e-03,-5.080454840015902107e+01,-3.881005786241880884e+01,-2.227185752197224389e+01,-5.080454840015902107e+01,-3.356593913536502214e+02
1.746999999999999886e+01,-7.457069603017217954e-03,-1.320054916766575347e-02,-1.977698491908341447e-02,-7.457069603017217954e-03,-5.743479564648535513e-03,-6.576435751417660999e-03,-4.772524545931019446e+01,-3.675826921375062994e+01,-2.104459440453651453e+01,-4.772524545931019446e+01,-3.165843272327920204e+02
1.748000000000000043e+01,-6.901097508843175195e-03,-1.227643984422342911e-02,-1.843687848873091367e-02,-6.901097508843175195e-03,-5.375342335380253918e-03,-6.160438644507484560e-03,-4.416702405659631836e+01,-3.440219094643362752e+01,-1.971340366242394992e+01,-4.416702405659631836e+01,-2.948478559963616590e+02
1.748999999999999844e+01,-6.276749959916394506e-03,-1.123773964750267827e-02,-1.695169268905863391e-02,-6.276749959916394506e-03,-4.960989687586283767e-03,-5.713953041555955639e-03,-4.017119974346492484e+01,-3.175033400055221477e+01,-1.828464973297905871e+01,-4.017119974346492484e+01,-2.706185504309885914e+02
1.750000000000000000e+01,-5.593690782668431921e-03,-1.009611425992882651e-02,-1.533441563980905524e-02,-5.593690782668431921e-03,-4.502423477260394588e-03,-5.238301379880228731e-03,-3.579962100907796696e+01,-2.881551025446652403e+01,-1.676256441561673327e+01,-3.579962100907796696e+01,-2.441330870374836763e+02
1.751000000000000156e+01,-4.863886949709106053e-03,-8.866383969183967706e-03,-1.360057899152884199e-02,-4.863886949709106053e-03,-4.002497019474861653e-03,-4.734195022344874285e-03,-3.112887647813827741e+01,-2.561598092463911414e+01,-1.514942407150359749e+01,-3.112887647813827741e+01,-2.156828444228429476e+02
1.751999999999999957e+01,-4.101004290293907076e-03,-7.566085345240294857e-03,-1.176793736135262752e-02,-4.101004290293907076e-03,-3.465081054946387781e-03,-4.201852016112332666e-03,-2.624642745788100484e+01,-2.217651875165688224e+01,-1.344592645155946542e+01,-2.624642745788100484e+01,-1.856066179832920682e+02
1.753000000000000114e+01,-3.319662761726612475e-03,-6.214849127912864049e-03,-9.856026351743608568e-03,-3.319662761726612475e-03,-2.895186366186251574e-03,-3.641177223830744519e-03,-2.124584167505031829e+01,-1.852919274359200941e+01,-1.165176711625838202e+01,-2.124584167505031829e+01,-1.542804046047021416e+02
1.753999999999999915e+01,-2.534163736974650010e-03,-4.833173724155052399e-03,-7.885173622326263967e-03,-2.534163736974650010e-03,-2.299009987180402389e-03,-3.051999898171211568e-03,-1.621864791663776018e+01,-1.471366391795457496e+01,-9.766399674147876908e+00,-1.621864791663776018e+01,-1.220961345262206379e+02
1.755000000000000071e+01,-1.757333616428547992e-03,-3.441206276540951636e-03,-5.875564078401587093e-03,-1.757333616428547992e-03,-1.683872660112403644e-03,-2.434357801860635457e-03,-1.124693514514270731e+01,-1.077678502471938415e+01,-7.789944965954033407e+00,-1.124693514514270731e+01,-8.944099540744838350e+01
1.755999999999999872e+01,-1.000019890135203822e-03,-2.058054020933249191e-03,-3.846864591349275723e-03,-1.000019890135203822e-03,-1.058034130798045369e-03,-1.788810570416026532e-03,-6.400127296865304238e+00,-6.771418437107490362e+00,-5.724193825331284735e+00,-6.400127296865304238e+00,-5.668721867791223445e+01
1.757000000000000028e+01,-2.704985890035598310e-04,-7.008902969200290567e-04,-1.817649481633337553e-03,-2.704985890035598310e-04,-4.303917079164692257e-04,-1.116759184713308605e-03,-1.731190969622782960e+00,-2.754506930665403086e+00,-3.573629391082587592e+00,-1.731190969622782960e+00,-2.417798187411231936e+01
1.757999999999999829e+01,4.266661077589096215e-04,6.165975913657885648e-04,1.958537258996392090e-04,4.266661077589096215e-04,1.899314836068789433e-04,-4.207438654661493829e-04,2.730663089657021647e+00,1.215561495084025223e+00,-1.346380369491678053e+00,2.730663089657021647e+00,7.799532645748106674e+00
1.758999999999999986e+01,1.091077407254452359e-03,1.885172056115928373e-03,2.180482259152950048e-03,1.091077407254452359e-03,7.940946488614760140e-04,2.953102030370216742e-04,6.982895406428495377e+00,5.082205752713446323e+00,9.449926497184693019e-01,6.982895406428495377e+00,3.903028142658123301e+01
1.760000000000000142e+01,1.725258019361324740e-03,3.099350865110105362e-03,4.125281122193356735e-03,1.725258019361324740e-03,1.374092845748780623e-03,1.025930257083251373e-03,1.104165132391247894e+01,8.794194212792195486e+00,3.282976822666404448e+00,1.104165132391247894e+01,6.935646707811324063e+01
1.760999999999999943e+01,2.333020380353523736e-03,4.256292564986528110e-03,6.020336388540202012e-03,2.333020380353523736e-03,1.923272184633004374e-03,1.764043823553673902e-03,1.493133043426255213e+01,1.230894198165122866e+01,5.644940235371756820e+00,1.493133043426255213e+01,9.865563795385661194e+01
1.762000000000000099e+01,2.919049524430721888e-03,5.355786673902103792e-03,7.856843352748221765e-03,2.919049524430721888e-03,2.436737149471381904e-03,2.501056678846117973e-03,1.868191695635661986e+01,1.559511775661684396e+01,8.003381372307577735e+00,1.868191695635661986e+01,1.268412482558431265e+02
1.762999999999999901e+01,3.488848433015970859e-03,6.400464308580468276e-03,9.627534059317485043e-03,3.488848433015970859e-03,2.911615875564497417e-03,3.227069750737016768e-03,2.232862997130221316e+01,1.863434160361278202e+01,1.032662320235845321e+01,2.232862997130221316e+01,1.538687843318203363e+02
1.764000000000000057e+01,4.047664382238125996e-03,7.394822571087763564e-03,1.132605411816217829e-02,4.047664382238125996e-03,3.347158188849637568e-03,3.931231547074414724e-03,2.590505204632400549e+01,2.142181240863768110e+01,1.257994095063812701e+01,2.590505204632400549e+01,1.797204162167994355e+02
1.764999999999999858e+01,4.599304797641426239e-03,8.343945113816877979e-03,1.294615483987131277e-02,4.599304797641426239e-03,3.744640316175451740e-03,4.602209726054434791e-03,2.943555070490512904e+01,2.396569802352289003e+01,1.472707112337419133e+01,2.943555070490512904e+01,2.043849595554066241e+02
1.766000000000000014e+01,5.146275104163296546e-03,9.253355781703958075e-03,1.448210864628672601e-02,5.146275104163296546e-03,4.107080677540661529e-03,5.228752864582767931e-03,3.293616066664510100e+01,2.628531633626023378e+01,1.673200916666485583e+01,3.293616066664510100e+01,2.278604585087105647e+02
1.767000000000000171e+01,5.690429610748651626e-03,1.012924280888006547e-02,1.592954604465951149e-02,5.690429610748651626e-03,4.438813198131413840e-03,5.800303235779446023e-03,3.641874950879137174e+01,2.840840446804104857e+01,1.856097035449422705e+01,3.641874950879137174e+01,2.501643729939799528e+02
1.767999999999999972e+01,6.232651161884393554e-03,1.097762329832674584e-02,1.728523825752349696e-02,6.232651161884393554e-03,4.744972136442352287e-03,6.307614959196751123e-03,3.988896743606012052e+01,3.036782167323105597e+01,2.018436786942960381e+01,3.988896743606012052e+01,2.713234709361623231e+02
1.769000000000000128e+01,6.771937362031215345e-03,1.180286250621646535e-02,1.854619191040826620e-02,6.771937362031215345e-03,5.030925144185250004e-03,6.743329404191800852e-03,4.334039911699977665e+01,3.219792092278559892e+01,2.157865409341376406e+01,4.334039911699977665e+01,2.913509223995974367e+02
1.769999999999999929e+01,7.305141599035188012e-03,1.260683155218054151e-02,1.970929242018635771e-02,7.305141599035188012e-03,5.301689953145353497e-03,7.102460868005816205e-03,4.675290623382520039e+01,3.393081570013026038e+01,2.272787477761861297e+01,4.675290623382520039e+01,3.102347901347222319e+02
1.771000000000000085e+01,7.827406274062715524e-03,1.338879223331958593e-02,2.077154263020486447e-02,7.827406274062715524e-03,5.561385959256870404e-03,7.382750396885278538e-03,5.009540015400138202e+01,3.559287013924397058e+01,2.362480127003288999e+01,5.009540015400138202e+01,3.279392146898347278e+02
1.771999999999999886e+01,8.332554711048434370e-03,1.414533122135582660e-02,2.173018552193483124e-02,8.332554711048434370e-03,5.812776510307392230e-03,7.584854300579004643e-03,5.332835015070997997e+01,3.720176966596731205e+01,2.427153376185281530e+01,5.332835015070997997e+01,3.444049607355902936e+02
1.773000000000000043e+01,8.813321890108829354e-03,1.487026652184270104e-02,2.258261241642026823e-02,8.813321890108829354e-03,6.056944631733871681e-03,7.712345894577567196e-03,5.640526009669650875e+01,3.876444564309677787e+01,2.467950686264821414e+01,5.640526009669650875e+01,3.595476378073244632e+02
1.773999999999999844e+01,9.261669084644352443e-03,1.555479768325266667e-02,2.332632085350028195e-02,9.261669084644352443e-03,6.293128598608314223e-03,7.771523170247615284e-03,5.927468214172385785e+01,4.027602303109321014e+01,2.486887414479236824e+01,5.927468214172385785e+01,3.732587379528282554e+02
1.775000000000000000e+01,9.669317131566323997e-03,1.618804844062855103e-02,2.395907864113045252e-02,9.669317131566323997e-03,6.518731309062227031e-03,7.771030200501901491e-03,6.188362964202447358e+01,4.171988037799825122e+01,2.486729664160608522e+01,6.188362964202447358e+01,3.854124199848864691e+02
1.776000000000000156e+01,1.002870047539542245e-02,1.675821039559378597e-02,2.447952543945065840e-02,1.002870047539542245e-02,6.729509920198363526e-03,7.721315043856872423e-03,6.418368304253070278e+01,4.306886348926952479e+01,2.470820814034199131e+01,6.418368304253070278e+01,3.958822640164266318e+02
1.776999999999999957e+01,1.033398667647840788e-02,1.725393045313549853e-02,2.488789119933847160e-02,1.033398667647840788e-02,6.919943776657090651e-03,7.633960746202973074e-03,6.613751472946181309e+01,4.428764017060537839e+01,2.442867438784951517e+01,6.613751472946181309e+01,4.045614878637501306e+02
1.778000000000000114e+01,1.058103653141395650e-02,1.766478808098930278e-02,2.518572560004328498e-02,1.058103653141395650e-02,7.083751549575346279e-03,7.520937519053982195e-03,6.771863380104932162e+01,4.533600991728221885e+01,2.406700006097274169e+01,6.771863380104932162e+01,4.113649313379128216e+02
1.778999999999999915e+01,1.076623759549260977e-02,1.798072390378331262e-02,2.537455542234641481e-02,1.076623759549260977e-02,7.214486308290702851e-03,7.393831518563102195e-03,6.890392061115269939e+01,4.617271237306049869e+01,2.366026085940192658e+01,6.890392061115269939e+01,4.162106815308453633e+02
1.780000000000000071e+01,1.088597014710926403e-02,1.819209253798206513e-02,2.545519994911483314e-02,1.088597014710926403e-02,7.306122390872801103e-03,7.263107411132768004e-03,6.967020894149928267e+01,4.675918330158592795e+01,2.324194371562485628e+01,6.967020894149928267e+01,4.190140078761302220e+02
1.780999999999999872e+01,1.093753998742741200e-02,1.829111897937443776e-02,2.542857722794261352e-02,1.093753998742741200e-02,7.353578991947025759e-03,7.137458248568175762e-03,7.000025591953543369e+01,4.706290554846096796e+01,2.283986639541816288e+01,7.000025591953543369e+01,4.197090835902437220e+02
1.782000000000000028e+01,1.091995627209578663e-02,1.827311211707556213e-02,2.529640061919606955e-02,1.091995627209578663e-02,7.353155844979775493e-03,7.023288502120507426e-03,6.988772014141304112e+01,4.706019740787056094e+01,2.247452320678562288e+01,6.988772014141304112e+01,4.182673222682076357e+02
1.782999999999999829e+01,1.083338591601129379e-02,1.813623576221615533e-02,2.506060119938709890e-02,1.083338591601129379e-02,7.302849846204861536e-03,6.924365437170943577e-03,6.933366986247227715e+01,4.673823901571111605e+01,2.215796939894702078e+01,6.933366986247227715e+01,4.146896348313912313e+02
1.783999999999999986e+01,1.067861160456253823e-02,1.788112549282955266e-02,2.472278616910064675e-02,1.067861160456253823e-02,7.202513888267014427e-03,6.841660676271094088e-03,6.834311426920024246e+01,4.609608888490889456e+01,2.189331416406750108e+01,6.834311426920024246e+01,4.089975519545299107e+02
1.785000000000000142e+01,1.045757160679080741e-02,1.751141874328715139e-02,2.428480747524175420e-02,1.045757160679080741e-02,7.053847136496343984e-03,6.773388731954602809e-03,6.692845828346116832e+01,4.514462167357660149e+01,2.167484394225472855e+01,6.692845828346116832e+01,4.012437716978774915e+02
1.785999999999999943e+01,1.017368795757349689e-02,1.703392434782481993e-02,2.374915861024783081e-02,1.017368795757349689e-02,6.860236390251323035e-03,6.715234262423010886e-03,6.511160292847037567e+01,4.390551289760846743e+01,2.148874963975363528e+01,6.511160292847037567e+01,3.915175963974974138e+02
1.787000000000000099e+01,9.831067657918126854e-03,1.645753389665702629e-02,2.311828002160153800e-02,9.831067657918126854e-03,6.626466238738899436e-03,6.660746124944511709e-03,6.291883301067601053e+01,4.240938392792895684e+01,2.131438759982243880e+01,6.291883301067601053e+01,3.799278136152822185e+02
1.787999999999999901e+01,9.433809611982015009e-03,1.579212091927057610e-02,2.239398540875403923e-02,9.433809611982015009e-03,6.358311307288561087e-03,6.601864489483463133e-03,6.037638151668489428e+01,4.069319236664679096e+01,2.112596636634708247e+01,6.037638151668489428e+01,3.665866207490363422e+02
1.789000000000000057e+01,8.986117048928734391e-03,1.504816121948282341e-02,2.157769926759301252e-02,8.986117048928734391e-03,6.062044170554089020e-03,6.529538048110189105e-03,5.751114911314390099e+01,3.879708269154617284e+01,2.089452175395260625e+01,5.751114911314390099e+01,3.516082606759280225e+02
1.789999999999999858e+01,8.492080982102336029e-03,1.423598834952992734e-02,2.067037107160362569e-02,8.492080982102336029e-03,5.743907367427591310e-03,6.434382722073698352e-03,5.434931828545494881e+01,3.676100715153658172e+01,2.059002471063583428e+01,5.434931828545494881e+01,3.351010504428821264e+02
1.791000000000000014e+01,7.954879080625502571e-03,1.336446756214311124e-02,1.967179915340079230e-02,7.954879080625502571e-03,5.409588481517608669e-03,6.307331591257681058e-03,5.091122611600321335e+01,3.462136628171269592e+01,2.018346109202457939e+01,5.091122611600321335e+01,3.171481604692214660e+02
1.792000000000000171e+01,7.376832937033438523e-03,1.244056979641225934e-02,1.858079767460774773e-02,7.376832937033438523e-03,5.063736859378820815e-03,6.140227878195488390e-03,4.721173079701400610e+01,3.240791590002445588e+01,1.964872921022556440e+01,4.721173079701400610e+01,2.978051277217920756e+02
1.792999999999999972e+01,6.760611544389868825e-03,1.147019352449583050e-02,1.739651241557362005e-02,6.760611544389868825e-03,4.709581980105961678e-03,5.926318891077789544e-03,4.326791388409515804e+01,3.014132467267815585e+01,1.896422045144892721e+01,4.326791388409515804e+01,2.771203770246667091e+02
1.794000000000000128e+01,6.110174374687991038e-03,1.045889257493218087e-02,1.611951163735200060e-02,6.110174374687991038e-03,4.348718200244189834e-03,5.660619062419819728e-03,3.910511599800314286e+01,2.783179648156281516e+01,1.811398099974342202e+01,3.910511599800314286e+01,2.551526804379281543e+02
1.794999999999999929e+01,5.430980548055065922e-03,9.412073117445704171e-03,1.475219687808491248e-02,5.430980548055065922e-03,3.981092569390638249e-03,5.340123760639208308e-03,3.475827550755241901e+01,2.547899244410008635e+01,1.708839603404546637e+01,3.475827550755241901e+01,2.319769919570939294e+02
1.796000000000000085e+01,4.730245117307152816e-03,8.335447344261146668e-03,1.329931799989799920e-02,4.730245117307152816e-03,3.605202226953993852e-03,4.963870655636852536e-03,3.027356875076577936e+01,2.307329425250556199e+01,1.588438609803792900e+01,3.027356875076577936e+01,2.076937473039278075e+02
1.796999999999999886e+01,4.017107954118060396e-03,7.235595420342499570e-03,1.176845576339869900e-02,4.017107954118060396e-03,3.218487466224439174e-03,4.532860343056199434e-03,2.570949090635558676e+01,2.059831978383640916e+01,1.450515309777983752e+01,2.570949090635558676e+01,1.824388913639155021e+02
1.798000000000000043e+01,3.302068618612135058e-03,6.119947834416172155e-03,1.016980888357972221e-02,3.302068618612135058e-03,2.817879215804037097e-03,4.049861049163550053e-03,2.113323915911766449e+01,1.803442698114583820e+01,1.295955535732336017e+01,2.113323915911766449e+01,1.563816644927605921e+02
1.798999999999999844e+01,2.596457580279520113e-03,4.996894240835979620e-03,8.516026235189001412e-03,2.596457580279520113e-03,2.400436660556459507e-03,3.519131994353021792e-03,1.661732851378893017e+01,1.536279462756134073e+01,1.126122238192967018e+01,1.661732851378893017e+01,1.297240365698398250e+02
1.800000000000000000e+01,1.912696628024250197e-03,3.876710860214650604e-03,6.822816409593069308e-03,1.912696628024250197e-03,1.964014232190400625e-03,2.946105549378418703e-03,1.224125841935520143e+01,1.256969108601856355e+01,9.427537758010940294e+00,1.224125841935520143e+01,1.027154617901541087e+02
1.801000000000000156e+01,1.264171750780059564e-03,2.772075352674689512e-03,5.109145000352376814e-03,1.264171750780059564e-03,1.507903601894629948e-03,2.337069647677687302e-03,8.090699204992381155e+00,9.650583052125631056e+00,7.478622872568599256e+00,8.090699204992381155e+00,7.565971538905984062e+01
1.801999999999999957e+01,6.637339507617639241e-04,1.697111669421860021e-03,3.396000532972794517e-03,6.637339507617639241e-04,1.033377718660096097e-03,1.698888863550934497e-03,4.247897284875288726e+00,6.613617399424614796e+00,5.436444363362990195e+00,4.247897284875288726e+00,4.889387714298867849e+01
1.803000000000000114e+01,1.221505848854471639e-04,6.662021601869063444e-04,1.704996917960682366e-03,1.221505848854471639e-04,5.440515753014591805e-04,1.038794757773776022e-03,7.817637432668618214e-01,3.481930081929338616e+00,3.324143224876083380e+00,7.817637432668618214e-01,2.276351115021684990e+01
1.803999999999999915e+01,-3.521940487406361570e-04,-3.061895118498818747e-04,5.807466701276547554e-05,-3.521940487406361570e-04,4.600453689075428235e-05,3.642641788626473434e-04,-2.254041911940071419e+00,2.944290361008273793e-01,1.165645372360471388e+00,-2.254041911940071419e+00,-2.381902510436317399e+00
1.805000000000000071e+01,-7.531837276433006904e-04,-1.205529213652294747e-03,-1.522539036240123586e-03,-7.531837276433006904e-04,-4.523454860089940561e-04,-3.170098225878288396e-04,-4.820375856917124224e+00,-2.895011110457561987e+00,-1.014431432281052370e+00,-4.820375856917124224e+00,-2.618945519896721663e+01
1.805999999999999872e+01,-1.077343910189397513e-03,-2.017946890075784840e-03,-3.015010770288017658e-03,-1.077343910189397513e-03,-9.406029798863873269e-04,-9.970638802122328177e-04,-6.895001025212144086e+00,-6.019859071272878559e+00,-3.190604416679144961e+00,-6.895001025212144086e+00,-4.831639353949250193e+01
1.807000000000000028e+01,-1.324017302740375336e-03,-2.730981071818662509e-03,-4.398530143106025615e-03,-1.324017302740375336e-03,-1.406963769078287173e-03,-1.667549071287363106e-03,-8.473710737538402427e+00,-9.004568122101037631e+00,-5.336157028119561829e+00,-8.473710737538402427e+00,-6.844330766327701099e+01
1.807999999999999829e+01,-1.494864746894953916e-03,-3.333803521429946296e-03,-5.653390061279896413e-03,-1.494864746894953916e-03,-1.838938774534992380e-03,-2.319586539849950117e-03,-9.567134380127704674e+00,-1.176920815702395196e+01,-7.422676927519840540e+00,-9.567134380127704674e+00,-8.627705839401448884e+01
1.808999999999999986e+01,-1.593551210169851266e-03,-3.817712384565919055e-03,-6.761344265707821925e-03,-1.593551210169851266e-03,-2.224161174396067572e-03,-2.943631881141902870e-03,-1.019872774508704794e+01,-1.423463151613483291e+01,-9.419622019654088518e+00,-1.019872774508704794e+01,-1.015589438426279116e+02
1.810000000000000142e+01,-1.625759671308950978e-03,-4.176967613425590017e-03,-7.706355113838206025e-03,-1.625759671308950978e-03,-2.551207942116638823e-03,-3.529387500412616008e-03,-1.040486189637728565e+01,-1.632773082954648913e+01,-1.129404000132037211e+01,-1.040486189637728565e+01,-1.140798981817324318e+02
1.810999999999999943e+01,-1.598359542945499909e-03,-4.408722956713149142e-03,-8.474521815274289535e-03,-1.598359542945499909e-03,-2.810363413767649234e-03,-4.065798858561140393e-03,-1.022950107485119986e+01,-1.798632584811295487e+01,-1.301055634739564937e+01,-1.022950107485119986e+01,-1.236791498110794123e+02
1.812000000000000099e+01,-1.517863030809804732e-03,-4.512102184911086916e-03,-9.053264717494879585e-03,-1.517863030809804732e-03,-2.994239154101282184e-03,-4.541162532583792669e-03,-9.714323397182750952e+00,-1.916313058624820442e+01,-1.453172010426813721e+01,-9.714323397182750952e+00,-1.302275222630972848e+02
1.812999999999999901e+01,-1.389943600994769180e-03,-4.488124612402654215e-03,-9.431486400784786645e-03,-1.389943600994769180e-03,-3.098181011407885252e-03,-4.943361788382132430e-03,-8.895639046366522251e+00,-1.982835847301046428e+01,-1.581875772282282355e+01,-8.895639046366522251e+00,-1.336282657265994374e+02
1.814000000000000057e+01,-1.220175256246460024e-03,-4.340620630009579123e-03,-9.600851336788944479e-03,-1.220175256246460024e-03,-3.120445373763118882e-03,-5.260230706779365356e-03,-7.809121639977344209e+00,-1.997085039208396040e+01,-1.683273826169396870e+01,-7.809121639977344209e+00,-1.338381308812658403e+02
1.814999999999999858e+01,-1.014079145011352948e-03,-4.076237607313717461e-03,-9.556270777367589092e-03,-1.014079145011352948e-03,-3.062158462302364513e-03,-5.480033170053871631e-03,-6.490106528072658421e+00,-1.959781415873513311e+01,-1.753610614417238978e+01,-6.490106528072658421e+00,-1.308720804929405404e+02
1.816000000000000014e+01,-7.759862941405297433e-04,-3.703052509892263908e-03,-9.295082039522974821e-03,-7.759862941405297433e-04,-2.927066215751734056e-03,-5.592029529630710913e-03,-4.966312282499390385e+00,-1.873322378081109818e+01,-1.789449449481827514e+01,-4.966312282499390385e+00,-1.247820916743862938e+02
1.817000000000000171e+01,-5.084841930133196476e-04,-3.229570766027335497e-03,-8.816662880168271016e-03,-5.084841930133196476e-04,-2.721086573014015741e-03,-5.587092114140935518e-03,-3.254298835285245772e+00,-1.741495406728969897e+01,-1.787869476525099444e+01,-3.254298835285245772e+00,-1.156438430034778264e+02
1.817999999999999972e+01,-2.132697275903319581e-04,-2.664985211033970170e-03,-8.123307337747864149e-03,-2.132697275903319581e-04,-2.451715483443638131e-03,-5.458322126713894412e-03,-1.364926256578124608e+00,-1.569097909403928348e+01,-1.746663080548446345e+01,-1.364926256578124608e+00,-1.035676084683056217e+02
1.819000000000000128e+01,1.080526570058780482e-04,-2.019316223930089482e-03,-7.220932832550605932e-03,1.080526570058780482e-04,-2.127368880935967543e-03,-5.201616608620516016e-03,6.915370048376194845e-01,-1.361516083799019228e+01,-1.664517314758565192e+01,6.915370048376194845e-01,-8.870639094221465371e+01
1.819999999999999929e+01,4.542486978752746912e-04,-1.302482859529961734e-03,-6.118618499177165895e-03,4.542486978752746912e-04,-1.756731557405236425e-03,-4.816135639647204161e-03,2.907191666401757857e+00,-1.124308196739351295e+01,-1.541163404687105398e+01,2.907191666401757857e+00,-7.124257304358843612e+01
1.821000000000000085e+01,8.247363643167826466e-04,-5.234255998724489118e-04,-4.828051695758705728e-03,8.247363643167826466e-04,-1.348161964189231558e-03,-4.304626095886257033e-03,5.278312731627408994e+00,-8.628236570811081307e+00,-1.377480350683602239e+01,5.278312731627408994e+00,-5.137418203805908945e+01
1.821999999999999886e+01,1.219002107114777614e-03,3.097999140330685592e-04,-3.363768337903171209e-03,1.219002107114777614e-03,-9.092021930817090550e-04,-3.673568251936239551e-03,7.801613485534576675e+00,-5.818894035722937730e+00,-1.175541840619596634e+01,7.801613485534576675e+00,-2.931809686915298130e+01
1.823000000000000043e+01,1.636069506831358761e-03,1.189827354041058044e-03,-1.743297381830139978e-03,1.636069506831358761e-03,-4.462421527903007168e-04,-2.933124735871197805e-03,1.047084484372069646e+01,-2.855949777857924587e+00,-9.385999154787832310e+00,1.047084484372069646e+01,-5.313312266775199078e+00
1.823999999999999844e+01,2.074710576835954879e-03,2.110349077921947619e-03,1.346233525261006725e-05,2.074710576835954879e-03,3.563850108599274022e-05,-2.096886742669337549e-03,1.327814769175011200e+01,2.280864069503535374e-01,-6.710037576541879822e+00,1.327814769175011200e+01,2.038858956647575127e+01
1.825000000000000000e+01,2.533528690461832409e-03,3.066183356157391876e-03,1.884755084241409315e-03,2.533528690461832409e-03,5.326546656955594670e-04,-1.181428271915982561e-03,1.621458361895572864e+01,3.408989860451580700e+00,-3.780570470131144223e+00,1.621458361895572864e+01,4.752900902782850068e+01
1.826000000000000156e+01,3.010501018194486345e-03,4.052640001911108139e-03,3.846946002826414843e-03,3.010501018194486345e-03,1.042138983716621795e-03,-2.056939990846932964e-04,1.926720651644471261e+01,6.669689495786379041e+00,-6.582207970710185485e-01,1.926720651644471261e+01,7.583602564548023395e+01
1.826999999999999957e+01,3.503106828560740172e-03,5.065336884645501962e-03,5.875077772204462950e-03,3.503106828560740172e-03,1.562230056084761790e-03,8.097408875589609881e-04,2.241988370278873788e+01,9.998272358942475790e+00,2.591170840188675051e+00,2.241988370278873788e+01,1.050279807057596599e+02
1.828000000000000114e+01,4.009438061039638339e-03,6.100921903748024802e-03,7.944413221974023359e-03,4.009438061039638339e-03,2.091483842708386463e-03,1.843491318225998557e-03,2.566040359065368648e+01,1.338549659333367359e+01,5.899172218323195160e+00,2.566040359065368648e+01,1.348352172069316453e+02
1.828999999999999915e+01,4.528675712087639957e-03,7.157155218122778634e-03,1.003136660482489319e-02,4.528675712087639957e-03,2.628479506035138677e-03,2.874211386702114554e-03,2.898352455736089439e+01,1.682226883862488620e+01,9.197476437446766795e+00,2.898352455736089439e+01,1.650098095002976493e+02
1.830000000000000071e+01,5.059940447225552348e-03,8.231400644712345838e-03,1.211282056697788288e-02,5.059940447225552348e-03,3.171460197486793489e-03,3.881419922265537045e-03,3.238361886224353725e+01,2.029734526391547789e+01,1.242054375124971877e+01,3.238361886224353725e+01,1.953045236322262213e+02
1.830999999999999872e+01,5.601176541683252318e-03,9.319195093898965596e-03,1.416544936233663302e-02,5.601176541683252318e-03,3.718018552215713278e-03,4.846254268437667420e-03,3.584752986677281683e+01,2.379531873418056520e+01,1.550801365900053597e+01,3.584752986677281683e+01,2.254525867798617469e+02
1.832000000000000028e+01,6.149703553446132093e-03,1.041455385242168359e-02,1.616666405745332408e-02,6.149703553446132093e-03,4.264850298975551499e-03,5.752110205031640486e-03,3.935810274205524451e+01,2.729504191344353004e+01,1.840675265610125066e+01,3.935810274205524451e+01,2.551796919348000756e+02
1.832999999999999829e+01,6.703408841263401932e-03,1.151103434557511351e-02,1.809616958349321431e-02,6.703408841263401932e-03,4.807625504311711581e-03,6.585135237918100792e-03,4.290181658408577192e+01,3.076880322759495456e+01,2.107243276133792165e+01,4.290181658408577192e+01,2.842291577190559337e+02
1.833999999999999986e+01,7.260848981964342606e-03,1.260186194616869267e-02,1.993641663198141706e-02,7.260848981964342606e-03,5.341012964204350059e-03,7.334554685812724392e-03,4.646943348457179468e+01,3.418248297090784149e+01,2.347057499460071739e+01,4.646943348457179468e+01,3.123674743502410820e+02
1.835000000000000142e+01,7.820450018774615167e-03,1.367930027093591967e-02,2.167212383322145511e-02,7.820450018774615167e-03,5.858850252161304506e-03,7.992823562285535435e-03,5.005088012015753662e+01,3.749664161383235239e+01,2.557703539931371495e+01,5.005088012015753662e+01,3.393736713999107906e+02
1.835999999999999943e+01,8.379819232465736054e-03,1.473424247309070359e-02,2.328985260859862613e-02,8.379819232465736054e-03,6.354423240624967537e-03,8.555610135507922542e-03,5.363084308778071119e+01,4.066830873999979445e+01,2.737795243362535302e+01,5.363084308778071119e+01,3.650313127842175618e+02
1.837000000000000099e+01,8.935242132909164067e-03,1.575605311766981736e-02,2.477768097083890217e-02,8.935242132909164067e-03,6.820810984760653298e-03,9.021627853169084804e-03,5.718554965061864692e+01,4.365319030246818244e+01,2.886920913014107271e+01,5.718554965061864692e+01,3.891238472496837062e+02
1.837999999999999901e+01,9.481251340787999818e-03,1.673250099965934226e-02,2.612484134539882000e-02,9.481251340787999818e-03,7.251249658871342443e-03,9.392340345739477736e-03,6.068000858104319661e+01,4.640799781677659297e+01,3.005548910636633053e+01,6.068000858104319661e+01,4.114304865125583319e+02
1.839000000000000057e+01,1.001081190995427479e-02,1.765028851538221963e-02,2.732185776734393987e-02,1.001081190995427479e-02,7.639476605427944836e-03,9.671569251961720237e-03,6.406919622370736533e+01,4.889265027473884828e+01,3.094902160627750476e+01,6.406919622370736533e+01,4.317326043141711125e+02
1.839999999999999858e+01,1.051611068091625953e-02,1.849614481352962470e-02,2.836118179083750926e-02,1.051611068091625953e-02,7.980034132613365166e-03,9.865036977307884564e-03,6.730310835786406187e+01,5.107221844872553618e+01,3.156811832738523194e+01,6.730310835786406187e+01,4.498303354019245148e+02
1.841000000000000014e+01,1.098879819265503183e-02,1.925731679933667326e-02,2.923719347065204324e-02,1.098879819265503183e-02,8.268518606681641431e-03,9.979876671315369985e-03,7.032830843299220192e+01,5.291851908276250782e+01,3.193560534820918306e+01,7.032830843299220192e+01,4.655472985918917175e+02
1.842000000000000171e+01,1.141928522497480739e-02,1.992102993085767201e-02,2.994516956126131932e-02,1.141928522497480739e-02,8.501744705882864628e-03,1.002413963040364731e-02,7.308342543983876283e+01,5.441116611765033184e+01,3.207724681729167315e+01,7.308342543983876283e+01,4.787155151243422893e+02
1.842999999999999972e+01,1.179631261959525508e-02,2.047410229682232116e-02,3.048042802977204285e-02,1.179631261959525508e-02,8.677789677227066081e-03,1.000632573294972169e-02,7.549640076540963207e+01,5.553785393425322070e+01,3.202024234543910808e+01,7.549640076540963207e+01,4.891634911353058897e+02
1.844000000000000128e+01,1.210776174392397785e-02,2.090367307830622370e-02,3.083862908004480693e-02,1.210776174392397785e-02,8.795911334382245858e-03,9.934956001738583231e-03,7.748967516111345333e+01,5.629383254004637394e+01,3.179185920556346545e+01,7.748967516111345333e+01,4.967261007201698249e+02
1.844999999999999929e+01,1.234206396666724659e-02,2.119843547026406191e-02,3.101663501452968374e-02,1.234206396666724659e-02,8.856371503596815326e-03,9.818199544265621831e-03,7.898920938667038172e+01,5.668077762301961542e+01,3.141823854164999119e+01,7.898920938667038172e+01,5.012646766540199792e+02
1.846000000000000085e+01,1.248908427974735474e-02,2.134929296019627554e-02,3.101285429255637091e-02,1.248908427974735474e-02,8.860208680448920793e-03,9.663561332360095374e-03,7.993013939038307569e+01,5.670533555487309485e+01,3.092339626355230564e+01,7.993013939038307569e+01,5.026766136264254783e+02
1.846999999999999886e+01,1.254021020009429832e-02,2.134920010457843839e-02,3.082683299418503484e-02,1.254021020009429832e-02,8.808989904484140071e-03,9.477632889606596445e-03,8.025734528060351636e+01,5.637753538869849734e+01,3.032842524674110862e+01,8.025734528060351636e+01,5.008899177481293918e+02
1.848000000000000043e+01,1.248825846945914031e-02,2.119281629742917478e-02,3.045872090829921872e-02,1.248825846945914031e-02,8.704557827970034467e-03,9.265904610870043939e-03,7.992485420453849088e+01,5.570917009900821881e+01,2.965089475478414016e+01,7.992485420453849088e+01,4.958547571749925282e+02
1.848999999999999844e+01,1.232795620962625661e-02,2.087674925943500820e-02,2.990938525896812139e-02,1.232795620962625661e-02,8.548793049808751585e-03,9.032635999533113191e-03,7.889891974160804011e+01,5.471227551877601059e+01,2.890443519850596132e+01,7.889891974160804011e+01,4.875468913766700325e+02
1.850000000000000000e+01,1.205699106930631023e-02,2.040041828190943679e-02,2.918119725891830593e-02,1.205699106930631023e-02,8.343427212603126558e-03,8.780778977008869141e-03,7.716474284356038993e+01,5.339793416066000731e+01,2.809849272642838258e+01,7.716474284356038993e+01,4.759835091919463821e+02
1.851000000000000156e+01,1.167655957094495753e-02,1.976650165628809561e-02,2.827845160185293513e-02,1.167655957094495753e-02,8.089942085343138078e-03,8.511949945564839526e-03,7.472998125404772907e+01,5.177562934619608370e+01,2.723823982580748648e+01,7.472998125404772907e+01,4.612315512781539155e+02
1.851999999999999957e+01,1.119050747106432007e-02,1.898006588631896349e-02,2.720651377823713607e-02,1.119050747106432007e-02,7.789558415254643417e-03,8.226447891918172578e-03,7.161924781481164359e+01,4.985317385762972009e+01,2.632463325413815269e+01,7.161924781481164359e+01,4.433911647797385740e+02
1.853000000000000114e+01,1.060394630143843622e-02,1.804722916235505445e-02,2.597054628665034989e-02,1.060394630143843622e-02,7.443282860916618227e-03,7.923317124295295444e-03,6.786525632920599094e+01,4.763701030986635487e+01,2.535461479774494364e+01,6.786525632920599094e+01,4.225706443104518826e+02
1.853999999999999915e+01,9.922884772301743261e-03,1.697486599491962456e-02,2.457531934886145186e-02,9.922884772301743261e-03,7.051981222617881295e-03,7.600453353941827306e-03,6.350646254273115687e+01,4.513267982475444029e+01,2.432145073261384738e+01,6.350646254273115687e+01,3.988817793002983194e+02
1.855000000000000071e+01,9.154544276888231663e-03,1.577101401376345552e-02,2.302576510889849798e-02,9.154544276888231663e-03,6.616469736875223856e-03,7.254751095135042460e-03,5.858908337208467998e+01,4.234540631600143001e+01,2.321520350443213587e+01,5.858908337208467998e+01,3.724490795775547554e+02
1.855999999999999872e+01,8.306893752010756707e-03,1.444451224946448689e-02,2.132680159626265323e-02,8.306893752010756707e-03,6.137618497453730185e-03,6.882289346798166341e-03,5.316412001286884248e+01,3.928075838370387629e+01,2.202332590975413140e+01,5.316412001286884248e+01,3.434046129189805470e+02
1.857000000000000028e+01,7.387601883759908721e-03,1.300404476345341787e-02,1.948259583904392994e-02,7.387601883759908721e-03,5.616442879693509145e-03,6.478551075590512076e-03,4.728065205606341692e+01,3.594523443003846097e+01,2.073136344188963776e+01,4.728065205606341692e+01,3.118717497839745647e+02
1.857999999999999829e+01,6.403773736265290679e-03,1.145793447844601146e-02,1.749660435348221812e-02,6.403773736265290679e-03,5.054160742180720776e-03,6.038669875036206669e-03,4.098415191209785746e+01,3.234662874995661497e+01,1.932374360011586134e+01,4.098415191209785746e+01,2.779635727865110084e+02
1.858999999999999986e+01,5.362363638407210975e-03,9.814580251001445155e-03,1.537227508673307506e-02,5.362363638407210975e-03,4.452216612594234180e-03,5.557694835731629909e-03,3.431912728580614669e+01,2.849418632060309875e+01,1.778462347434121682e+01,3.431912728580614669e+01,2.417938112422513939e+02
1.860000000000000142e+01,4.270064661121125357e-03,8.082346643523264859e-03,1.311320950998787725e-02,4.270064661121125357e-03,3.812281982402139502e-03,5.030862866464612393e-03,2.732841383117520095e+01,2.439860468737369104e+01,1.609876117268676055e+01,2.732841383117520095e+01,2.034773390737069576e+02
1.860999999999999943e+01,3.132779518406807965e-03,6.269009733787966887e-03,1.072287629889264252e-02,3.132779518406807965e-03,3.136230215381158922e-03,4.453866565104675629e-03,2.004978891780357131e+01,2.007187337843941677e+01,1.425237300833496157e+01,2.004978891780357131e+01,1.631221059137338614e+02
1.862000000000000099e+01,1.955838344390139344e-03,4.381926856061387973e-03,8.205032013966360310e-03,1.955838344390139344e-03,2.426088511671248629e-03,3.823105157904972337e-03,1.251736540409689269e+01,1.552696647469599078e+01,1.223393650529591170e+01,1.251736540409689269e+01,1.208348051522663837e+02
1.862999999999999901e+01,7.449678816351738538e-04,2.428958946713078316e-03,5.564865403812982621e-03,7.449678816351738538e-04,1.683991065077904570e-03,3.135906457099904305e-03,4.767794442465112859e+00,1.077754281649859003e+01,1.003490066271969461e+01,4.767794442465112859e+00,7.674071376505018804e+01
1.864000000000000057e+01,-4.930953112294528349e-04,4.190693004846251873e-04,2.809779082221293672e-03,-4.930953112294528349e-04,9.121646117140780764e-04,2.390709781736668430e-03,-3.155809991868498088e+00,5.837853514970099411e+00,7.650271301557339143e+00,-3.155809991868498088e+00,3.099694447397682495e+01
1.864999999999999858e+01,-1.750742904198387398e-03,-1.637783268780219513e-03,-5.058014664716128602e-05,-1.750742904198387398e-03,1.129596354181678849e-04,1.587203122133058145e-03,-1.120475458686967940e+01,7.229416666762744637e-01,5.079049990825786232e+00,-1.120475458686967940e+01,-1.620828878810284834e+01
1.866000000000000014e+01,-3.019953418866577841e-03,-3.731034242981648083e-03,-3.004622640309504399e-03,-3.019953418866577841e-03,-7.110808241150702418e-04,7.264116026721436845e-04,-1.932770188074609763e+01,-4.550917274336449658e+00,2.324517128550859901e+00,-1.932770188074609763e+01,-6.466230607959506926e+01
1.867000000000000171e+01,-4.292742790027276670e-03,-5.849875585260665492e-03,-6.039137919023399026e-03,-4.292742790027276670e-03,-1.557132795233388822e-03,-1.892623337627335339e-04,-2.747355385617457202e+01,-9.965649889493688462e+00,-6.056394680407473086e-01,-2.747355385617457202e+01,-1.141345296411270311e+02
1.867999999999999972e+01,-5.561210353793991090e-03,-7.983208870900208171e-03,-9.139252856829434279e-03,-5.561210353793991090e-03,-2.421998517106217080e-03,-1.156043985929226109e-03,-3.559174626428153942e+01,-1.550079050947978843e+01,-3.699340754973523548e+00,-3.559174626428153942e+01,-1.643756325862045458e+02
1.869000000000000128e+01,-6.816907834260027034e-03,-1.011891753482846434e-02,-1.228774915051015354e-02,-6.816907834260027034e-03,-3.302009700568437310e-03,-2.168831615681689196e-03,-4.362821013926417635e+01,-2.113286208363799901e+01,-6.940261170181405426e+00,-4.362821013926417635e+01,-2.151040001792507610e+02
1.869999999999999929e+01,-8.050312976717674193e-03,-1.224323153376318321e-02,-1.546450639527732242e-02,-8.050312976717674193e-03,-4.192918557045509018e-03,-3.221274861514139207e-03,-5.152200305099311350e+01,-2.683467876509125816e+01,-1.030807955684524480e+01,-5.152200305099311350e+01,-2.659942841187888689e+02
1.871000000000000085e+01,-9.251319870749152505e-03,-1.434110343853267806e-02,-1.864698120974816672e-02,-9.251319870749152505e-03,-5.089783567783525559e-03,-4.305877771215488661e-03,-5.920844717279457825e+01,-3.257461483381456446e+01,-1.377880886788956438e+01,-5.920844717279457825e+01,-3.166856126234961266e+02
1.871999999999999886e+01,-1.041004351552209280e-02,-1.639692118964677231e-02,-2.181103847323576789e-02,-1.041004351552209280e-02,-5.986877674124679513e-03,-5.414117283588995577e-03,-6.662427849934140056e+01,-3.831601711439795110e+01,-1.732517530748478407e+01,-6.662427849934140056e+01,-3.667964127636723788e+02
1.873000000000000043e+01,-1.151691463738807597e-02,-1.839455671394469791e-02,-2.493112551529777857e-02,-1.151691463738807597e-02,-6.877642076556621936e-03,-6.536568801353080660e-03,-7.370825367928368621e+01,-4.401690928996237773e+01,-2.091702016432985900e+01,-7.370825367928368621e+01,-4.159265494007278221e+02
1.873999999999999844e+01,-1.256280093018421161e-02,-2.031749592047204719e-02,-2.798052829726377713e-02,-1.256280093018421161e-02,-7.754694990287835585e-03,-7.663032376791729938e-03,-8.040192595317896007e+01,-4.963004793784214996e+01,-2.452170360573353491e+01,-8.040192595317896007e+01,-4.636610324902639491e+02
1.875000000000000000e+01,-1.353996301552823009e-02,-2.214987331899903253e-02,-3.093252899426878963e-02,-1.353996301552823009e-02,-8.609910303470802440e-03,-8.782655675269757101e-03,-8.665576329938066635e+01,-5.510342594221313561e+01,-2.810449816086322272e+01,-8.665576329938066635e+01,-5.095910622073710670e+02
1.876000000000000156e+01,-1.444244417779573519e-02,-2.387702515688234356e-02,-3.376107839335384248e-02,-1.444244417779573519e-02,-9.434580979086608366e-03,-9.884053236471498916e-03,-9.243164273789270169e+01,-6.038131826615429532e+01,-3.162897035670879831e+01,-9.243164273789270169e+01,-5.533257940822674072e+02
1.876999999999999957e+01,-1.526480823305298613e-02,-2.548445489761731395e-02,-3.643987974417404324e-02,-1.526480823305298613e-02,-1.021964666456432781e-02,-1.095542484655672930e-02,-9.769477269153911436e+01,-6.540573865321169933e+01,-3.505735950898153419e+01,-9.769477269153911436e+01,-5.944736125611971147e+02
1.878000000000000114e+01,-1.600133160088888090e-02,-2.695727181437421530e-02,-3.894194956246714578e-02,-1.600133160088888090e-02,-1.095594021348533439e-02,-1.198467774809293049e-02,-1.024085222456888431e+02,-7.011801736630613391e+01,-3.835096879389737978e+01,-1.024085222456888431e+02,-6.326325252176770846e+02
1.878999999999999915e+01,-1.664754860528992741e-02,-2.828199107611277519e-02,-4.124154896885171701e-02,-1.664754860528992741e-02,-1.163444247082284777e-02,-1.295955789273894182e-02,-1.065443110738555390e+02,-7.446043181326622573e+01,-4.147058525676461471e+01,-1.065443110738555390e+02,-6.674259844316591170e+02
1.880000000000000071e+01,-1.720193530426669670e-02,-2.944850917068253873e-02,-4.331630501441162406e-02,-1.720193530426669670e-02,-1.224657386641584203e-02,-1.386779584372908533e-02,-1.100923859473068660e+02,-7.837807274506138810e+01,-4.437694669993307173e+01,-1.100923859473068660e+02,-6.985422161769040486e+02
1.880999999999999872e+01,-1.766499516435536543e-02,-3.044951633979301950e-02,-4.514678996935519301e-02,-1.766499516435536543e-02,-1.278452117543765407e-02,-1.469727362956217351e-02,-1.130559690518743423e+02,-8.182093552280097981e+01,-4.703127561459895389e+01,-1.130559690518743423e+02,-7.257245405678228281e+02
1.882000000000000028e+01,-1.803743976585536410e-02,-3.127898372727502818e-02,-4.671520205418291244e-02,-1.803743976585536410e-02,-1.324154396141966408e-02,-1.543621832690788426e-02,-1.154396145014743240e+02,-8.474588135308584924e+01,-4.939589864610523051e+01,-1.154396145014743240e+02,-7.487441835019963037e+02
1.882999999999999829e+01,-1.832038522058358418e-02,-3.193260109826560195e-02,-4.800602652976677931e-02,-1.832038522058358418e-02,-1.361221587768201777e-02,-1.607342543150117736e-02,-1.172504654117349361e+02,-8.711818161716490749e+01,-5.143496138080377023e+01,-1.172504654117349361e+02,-7.674108252291108556e+02
1.883999999999999986e+01,-1.851630332575725582e-02,-3.240890516881801686e-02,-4.900741636844168497e-02,-1.851630332575725582e-02,-1.389260184306076104e-02,-1.659851119962366811e-02,-1.185043412848464328e+02,-8.891265179558887155e+01,-5.311523583879574062e+01,-1.185043412848464328e+02,-7.815966867576930781e+02
1.885000000000000142e+01,-1.862795551950110345e-02,-3.270832225525487080e-02,-4.971051144449629283e-02,-1.862795551950110345e-02,-1.408036673575376735e-02,-1.700218918924142203e-02,-1.192189153248070568e+02,-9.011434710882410570e+01,-5.440700540557254783e+01,-1.192189153248070568e+02,-7.912208035176111025e+02
1.885999999999999943e+01,-1.865658809731982753e-02,-3.283136557282071571e-02,-5.010792736076513654e-02,-1.865658809731982753e-02,-1.417477747550088818e-02,-1.727656178794442082e-02,-1.194021638228469016e+02,-9.071857584320568435e+01,-5.528499772142214397e+01,-1.194021638228469016e+02,-7.962172121624241754e+02
1.887000000000000099e+01,-1.860247004609066196e-02,-3.277905456941766771e-02,-5.019446705977793216e-02,-1.860247004609066196e-02,-1.417658452332700575e-02,-1.741541249036026445e-02,-1.190558082949802383e+02,-9.073014094929283146e+01,-5.572931996915284714e+01,-1.190558082949802383e+02,-7.965458076402777579e+02
1.887999999999999901e+01,-1.846700745585059047e-02,-3.255484072676120832e-02,-4.996932158431059701e-02,-1.846700745585059047e-02,-1.408783327091061785e-02,-1.741448085754938868e-02,-1.181888477174437782e+02,-9.016213293382794802e+01,-5.572633874415804200e+01,-1.181888477174437782e+02,-7.922319581862893756e+02
1.889000000000000057e+01,-1.825333938435023257e-02,-3.216500766009833950e-02,-4.943670889260055185e-02,-1.825333938435023257e-02,-1.391166827574810694e-02,-1.727170123250221234e-02,-1.168213720598414938e+02,-8.903467696478787730e+01,-5.526944394400707949e+01,-1.168213720598414938e+02,-7.833764789059093800e+02
1.889999999999999858e+01,-1.796528920467326332e-02,-3.161743845352531918e-02,-4.860482649469873018e-02,-1.796528920467326332e-02,-1.365214924885205586e-02,-1.698738804117341100e-02,-1.149778509099088808e+02,-8.737375519265316370e+01,-5.435964173175491254e+01,-1.149778509099088808e+02,-7.701337435029508924e+02
1.891000000000000014e+01,-1.760681813899752854e-02,-3.092089103006231965e-02,-4.748524445405941791e-02,-1.760681813899752854e-02,-1.331407289106479111e-02,-1.656435342399709826e-02,-1.126836360895841835e+02,-8.521006650281466932e+01,-5.300593095679071354e+01,-1.126836360895841835e+02,-7.526989006475687347e+02
1.892000000000000171e+01,-1.718226252196685538e-02,-3.008506995556940733e-02,-4.609301640532887517e-02,-1.718226252196685538e-02,-1.290280743360255195e-02,-1.600794644975946784e-02,-1.099664801405878762e+02,-8.257796757505633423e+01,-5.122542863923029444e+01,-1.099664801405878762e+02,-7.313096290646235502e+02
1.892999999999999972e+01,-1.669621832869084416e-02,-2.912037084717911464e-02,-4.444637824558091838e-02,-1.669621832869084416e-02,-1.242415251848827049e-02,-1.532600739840180373e-02,-1.068557973036214008e+02,-7.951457611832492489e+01,-4.904322367488577328e+01,-1.068557973036214008e+02,-7.062407912904963041e+02
1.894000000000000128e+01,-1.615331214416204642e-02,-2.803754000934833776e-02,-4.256627537407464690e-02,-1.615331214416204642e-02,-1.188422786518629135e-02,-1.452873536472630914e-02,-1.033811977226370971e+02,-7.605905833719226905e+01,-4.649195316712418702e+01,-1.033811977226370971e+02,-6.777966276808606381e+02
1.894999999999999929e+01,-1.555859714626328487e-02,-2.684799310131667088e-02,-4.047646547968790365e-02,-1.555859714626328487e-02,-1.128939595505338601e-02,-1.362847237837123276e-02,-9.957502173608502005e+01,-7.225213411234166472e+01,-4.361111161078794396e+01,-9.957502173608502005e+01,-6.463148023776439004e+02
1.896000000000000085e+01,-1.491781133807740765e-02,-2.556403861815853898e-02,-3.820345083360986160e-02,-1.491781133807740765e-02,-1.064622728008113133e-02,-1.263941221545132262e-02,-9.547399256369540410e+01,-6.813585459251923737e+01,-4.044611908944423107e+01,-9.547399256369540410e+01,-6.121678987369765537e+02
1.896999999999999886e+01,-1.423661854648654822e-02,-2.419811626380030320e-02,-3.577536288415095883e-02,-1.423661854648654822e-02,-9.961497717313754982e-03,-1.157724662035065563e-02,-9.111435869751390726e+01,-6.375358539080803411e+01,-3.704718918512210024e+01,-9.111435869751390726e+01,-5.757453998203320680e+02
1.898000000000000043e+01,-1.351952611505183657e-02,-2.276171023527912354e-02,-3.322047501066591191e-02,-1.351952611505183657e-02,-9.242184120227286970e-03,-1.045876477538678836e-02,-8.652496713633175318e+01,-5.914997836945463661e+01,-3.346804728123772321e+01,-8.652496713633175318e+01,-5.374289783610722679e+02
1.898999999999999844e+01,-1.276938728029479962e-02,-2.126481232265855364e-02,-3.056623524047679188e-02,-1.276938728029479962e-02,-8.495425042363754023e-03,-9.301422917818238240e-03,-8.172407859388671625e+01,-5.437072027112802886e+01,-2.976455333701836281e+01,-8.172407859388671625e+01,-4.975780566060993237e+02
1.900000000000000000e+01,-1.198732781579416214e-02,-1.971575831255453076e-02,-2.783865856888674203e-02,-1.198732781579416214e-02,-7.728430496760368626e-03,-8.122900256332211272e-03,-7.671889802108263723e+01,-4.946195517926636143e+01,-2.599328082026307740e+01,-7.671889802108263723e+01,-4.565224020618362033e+02
1.901000000000000156e+01,-1.117301557656980027e-02,-1.812135663350947223e-02,-2.506201213547290182e-02,-1.117301557656980027e-02,-6.948341056939671967e-03,-6.940655501963429591e-03,-7.150729969004672171e+01,-4.446938276441390059e+01,-2.221009760628297514e+01,-7.150729969004672171e+01,-4.145603401822307887e+02
1.901999999999999957e+01,-1.032561263780917143e-02,-1.648766826546271824e-02,-2.225916450001481223e-02,-1.032561263780917143e-02,-6.162055627653546808e-03,-5.771496234552093985e-03,-6.608392088197869896e+01,-3.943715601698269779e+01,-1.846878795056669986e+01,-6.608392088197869896e+01,-3.719695945485842685e+02
1.903000000000000114e+01,-9.444637906604552366e-03,-1.482069724665215603e-02,-1.945186897837280701e-02,-9.444637906604552366e-03,-5.376059340047603663e-03,-4.631171731720650983e-03,-6.044568260226913736e+01,-3.440677977630465989e+01,-1.481974954150608248e+01,-6.044568260226913736e+01,-3.290166357602396374e+02
1.903999999999999915e+01,-8.529554856422757320e-03,-1.312582070951404112e-02,-1.665981956236991385e-02,-8.529554856422757320e-03,-4.596265853091283798e-03,-3.533998852855872730e-03,-5.458915108110564773e+01,-2.941610145978421542e+01,-1.130879632913879362e+01,-5.458915108110564773e+01,-2.859421466100859561e+02
1.905000000000000071e+01,-7.579070966712193186e-03,-1.140693483942864170e-02,-1.389946420716741370e-02,-7.579070966712193186e-03,-3.827863872716448512e-03,-2.492529367738771998e-03,-4.850605418695803905e+01,-2.449832878538526870e+01,-7.976093976764070170e+00,-4.850605418695803905e+01,-2.429414308473221524e+02
1.905999999999999872e+01,-6.592125301436151108e-03,-9.667298952254139641e-03,-1.118456447646408100e-02,-6.592125301436151108e-03,-3.075173650817988533e-03,-1.517265524209941360e-03,-4.218960192919136887e+01,-1.968111136523512528e+01,-4.855249677471812575e+00,-4.218960192919136887e+01,-2.001778889156948935e+02
1.907000000000000028e+01,-5.569785200702635775e-03,-7.911342044399803305e-03,-8.527771712676227023e-03,-5.569785200702635775e-03,-2.341556843697167531e-03,-6.164296682764237173e-04,-3.564662528449687073e+01,-1.498596379966187264e+01,-1.972574938484555895e+00,-3.564662528449687073e+01,-1.578154920679299096e+02
1.907999999999999829e+01,-4.515476270434625253e-03,-6.144891097141732574e-03,-5.940685174594577747e-03,-4.515476270434625253e-03,-1.629414826707107321e-03,2.042059225471548264e-04,-2.889904813078160117e+01,-1.042825489092548708e+01,6.534589521508954446e-01,-2.889904813078160117e+01,-1.160215322086685745e+02
1.908999999999999986e+01,-3.433657099063373505e-03,-4.373917153144319878e-03,-3.432494992480836574e-03,-3.433657099063373505e-03,-9.402600540809463725e-04,9.414221606634833039e-04,-2.197540543400559088e+01,-6.017664346118056784e+00,3.012550914123146573e+00,-2.197540543400559088e+01,-7.494155659800149749e+01
1.910000000000000142e+01,-2.329431177549563890e-03,-2.604257509891554339e-03,-1.009674662883596440e-03,-2.329431177549563890e-03,-2.748263323419904494e-04,1.594582847007957899e-03,-1.490835953631720834e+01,-1.758888526988738876e+00,5.102665110425465222e+00,-1.490835953631720834e+01,-3.469374885864144886e+01
1.910999999999999943e+01,-1.209492965023987532e-03,-8.427053228587865971e-04,1.322880818324868825e-03,-1.209492965023987532e-03,3.667876421652009351e-04,2.165586141183655638e-03,-7.740754976153520595e+00,2.347440909857286151e+00,6.929875651787698487e+00,-7.740754976153520595e+00,4.609684756474393907e+00
1.912000000000000099e+01,-8.231981379856704987e-05,9.026151689693020412e-04,3.561350011266125638e-03,-8.231981379856704987e-05,9.849349827678690640e-04,2.658734842296823705e-03,-5.268468083108290845e-01,6.303583889714362343e+00,8.507951495349836080e+00,-5.268468083108290845e-01,4.285406573026010335e+01
1.912999999999999901e+01,1.042868785671965384e-03,2.623086224005915547e-03,5.703610910859562705e-03,1.042868785671965384e-03,1.580217438333950163e-03,3.080524686853647158e-03,6.674360228300578513e+00,1.011339160533728077e+01,9.857678997931671461e+00,6.674360228300578513e+00,7.993629249470859577e+01
1.914000000000000057e+01,2.156582712044822180e-03,4.309877295869243320e-03,7.749230293623922232e-03,2.156582712044822180e-03,2.153294583824421141e-03,3.439352997754678912e-03,1.380212935708686217e+01,1.378108533647629486e+01,1.100592959281497230e+01,1.380212935708686217e+01,1.157674328591343738e+02
1.914999999999999858e+01,3.248554738770419257e-03,5.953269867283588444e-03,9.698423758868241970e-03,3.248554738770419257e-03,2.704715128513169187e-03,3.745153891584653526e-03,2.079075032813068447e+01,1.731017682248428358e+01,1.198449245307089051e+01,2.079075032813068447e+01,1.502562588110575632e+02
1.916000000000000014e+01,4.307780153720634081e-03,7.542547746825035981e-03,1.155151778364016044e-02,4.307780153720634081e-03,3.234767593104401900e-03,4.008970036815124455e-03,2.756979298381205723e+01,2.070251259586817127e+01,1.282870411780839781e+01,2.756979298381205723e+01,1.833030290924658630e+02
1.917000000000000171e+01,5.323259204685903967e-03,9.066619855958340385e-03,1.330909425709607061e-02,5.323259204685903967e-03,3.743360651272436418e-03,4.242474401137730222e-03,3.406885890998978539e+01,2.395750816814359396e+01,1.357591808364073671e+01,3.406885890998978539e+01,2.148068554853223588e+02
1.917999999999999972e+01,6.284109794296938514e-03,1.051405360998707017e-02,1.497151224668205084e-02,6.284109794296938514e-03,4.229943815690131656e-03,4.457458636694980672e-03,4.021830268350040427e+01,2.707164042041684127e+01,1.426386763742393882e+01,4.021830268350040427e+01,2.446614322240235708e+02
1.919000000000000128e+01,7.179299177126338000e-03,1.187276132773222234e-02,1.653806866942160100e-02,7.179299177126338000e-03,4.693462150605884342e-03,4.665307341689378662e-03,4.594751473360856409e+01,3.003815776387765979e+01,1.492898349340601172e+01,4.594751473360856409e+01,2.727439679726767281e+02
1.919999999999999929e+01,7.998406225317767487e-03,1.313074886523108407e-02,1.800722789224384890e-02,7.998406225317767487e-03,5.132342639913316587e-03,4.876479027012764825e-03,5.118979984203371458e+01,3.284699289544522571e+01,1.560473288644084811e+01,5.118979984203371458e+01,2.989245768717593705e+02
1.921000000000000085e+01,8.732848338675018238e-03,1.427737749803525621e-02,1.937739303601710220e-02,8.732848338675018238e-03,5.544529159360237977e-03,5.100015537981845981e-03,5.589022936752011361e+01,3.548498661990551994e+01,1.632004972154190625e+01,5.589022936752011361e+01,3.230857971269026621e+02
1.921999999999999886e+01,9.375776625671896833e-03,1.530334820151102102e-02,2.064645032207790623e-02,9.375776625671896833e-03,5.927571575839124182e-03,5.343102120566885216e-03,6.000497040430013840e+01,3.793645808537039699e+01,1.709792678581403180e+01,6.000497040430013840e+01,3.451180658264536874e+02
1.923000000000000043e+01,9.921194396699202500e-03,1.619993618663263107e-02,2.181063569179122336e-02,9.921194396699202500e-03,6.278741789933428574e-03,5.610699505158592282e-03,6.349564413887489422e+01,4.018394745557394288e+01,1.795423841650749353e+01,6.349564413887489422e+01,3.649014900328689919e+02
1.923999999999999844e+01,1.036449573205406281e-02,1.695964960744292954e-02,2.286491633633888285e-02,1.036449573205406281e-02,6.595153875388866729e-03,5.905266728895953304e-03,6.633277268514599712e+01,4.220898480248875018e+01,1.889685353246705191e+01,6.633277268514599712e+01,3.823158330603054083e+02
1.925000000000000000e+01,1.070410074107730480e-02,1.757800333879248542e-02,2.380459307321586976e-02,1.070410074107730480e-02,6.873902597715180612e-03,6.226589734423384342e-03,6.850624474289475074e+01,4.399297662537715325e+01,1.992508715015483034e+01,6.850624474289475074e+01,3.972729255552801533e+02
1.926000000000000156e+01,1.094170910214066136e-02,1.805394602187370551e-02,2.462567309600494775e-02,1.094170910214066136e-02,7.112236919733044144e-03,6.571727074131242241e-03,7.002693825370023717e+01,4.551831628629147986e+01,2.102952663721997340e+01,7.002693825370023717e+01,4.097243435316350997e+02
1.926999999999999957e+01,1.108098964787949774e-02,1.838873455817299774e-02,2.532381447012114692e-02,1.108098964787949774e-02,7.307744910293499999e-03,6.935079911948149184e-03,7.091833374642878596e+01,4.676956742587839955e+01,2.219225571823407606e+01,7.091833374642878596e+01,4.196404706716238024e+02
1.928000000000000114e+01,1.112699392496576192e-02,1.858550519971624571e-02,2.589409322676022862e-02,1.112699392496576192e-02,7.458511274750483783e-03,7.308588027043982915e-03,7.121276111978087897e+01,4.773447215840309354e+01,2.338748168654074533e+01,7.121276111978087897e+01,4.270041448941741464e+02
1.928999999999999915e+01,1.108688815082562937e-02,1.865012776973553818e-02,2.633217482598152956e-02,1.108688815082562937e-02,7.563239618909908812e-03,7.682047056245991379e-03,7.095608416528402529e+01,4.840473356102341995e+01,2.458255057998717064e+01,7.095608416528402529e+01,4.318301049188838761e+02
1.930000000000000071e+01,1.097009501690164417e-02,1.859144596637632083e-02,2.663498196762636300e-02,1.097009501690164417e-02,7.621350949474676659e-03,8.043536001250042172e-03,7.020860810817052311e+01,4.877664607663793106e+01,2.573931520400013540e+01,7.020860810817052311e+01,4.341737081664257971e+02
1.930999999999999872e+01,1.078694453484454856e-02,1.841999203669511531e-02,2.679993046122215380e-02,1.078694453484454856e-02,7.633047501850566754e-03,8.379938424527038493e-03,6.903644502300511476e+01,4.885150401184363034e+01,2.681580295848652185e+01,6.903644502300511476e+01,4.341112559800058079e+02
1.932000000000000028e+01,1.054746624593283152e-02,1.814677934129501832e-02,2.682431459737531776e-02,1.054746624593283152e-02,7.599313095362186798e-03,8.677535256080299436e-03,6.750378397397011554e+01,4.863560381031799551e+01,2.776811281945695953e+01,6.750378397397011554e+01,4.317225018112352473e+02
1.932999999999999829e+01,1.026170101166714622e-02,1.778354794440993245e-02,2.670618992253235083e-02,1.026170101166714622e-02,7.521846932742786221e-03,8.922641978122418382e-03,6.567488647466973362e+01,4.813982036955383137e+01,2.855245432999173971e+01,6.567488647466973362e+01,4.271014835226459354e+02
1.933999999999999986e+01,9.940398758224805453e-03,1.734336101597106286e-02,2.644562047045499048e-02,9.940398758224805453e-03,7.402962257746257407e-03,9.102259454483927620e-03,6.361855205263875490e+01,4.737895844957604652e+01,2.912723025434856794e+01,6.361855205263875490e+01,4.203742222696901081e+02
1.935000000000000142e+01,9.594484830577376319e-03,1.683996077551975015e-02,2.604466741632892671e-02,9.594484830577376319e-03,7.245475944942373833e-03,9.204706640809176554e-03,6.140470291569521066e+01,4.637104604763118942e+01,2.945506125058936675e+01,6.140470291569521066e+01,4.116924306417473076e+02
1.935999999999999943e+01,9.233911460117287182e-03,1.628649948135384162e-02,2.550670383207364819e-02,9.233911460117287182e-03,7.052588021236554441e-03,9.220204350719806569e-03,5.909703334475063485e+01,4.513656333591394798e+01,2.950465392230337969e+01,5.909703334475063485e+01,4.012147518089038840e+02
1.937000000000000099e+01,8.867467551193572092e-03,1.569521763823090652e-02,2.483659913811895464e-02,8.867467551193572092e-03,6.827750087037334423e-03,9.141381499888048129e-03,5.675179232763886006e+01,4.369760055703893897e+01,2.925242079964175446e+01,5.675179232763886006e+01,3.891054410529586676e+02
1.937999999999999901e+01,8.503284079809153920e-03,1.507782739047979804e-02,2.404150637966681603e-02,8.503284079809153920e-03,6.574543310670644125e-03,8.963678989187017984e-03,5.442101811077858287e+01,4.207707718829212240e+01,2.868377276539845866e+01,5.442101811077858287e+01,3.755456041934074847e+02
1.939000000000000057e+01,8.148489103072826395e-03,1.444507382963448189e-02,2.313070568089016857e-02,8.148489103072826395e-03,6.296584726561655493e-03,8.685631851255686681e-03,5.215033025966609159e+01,4.029814224999459782e+01,2.779402192401819605e+01,5.215033025966609159e+01,3.607274833010366137e+02
1.939999999999999858e+01,7.808010641239262854e-03,1.380546311475376250e-02,2.211447984536663372e-02,7.808010641239262854e-03,5.997452473514499650e-03,8.309016730612871215e-03,4.997126810393127982e+01,3.838369583049279754e+01,2.658885353796118878e+01,4.997126810393127982e+01,3.448314524171557878e+02
1.941000000000000014e+01,7.484357373338084915e-03,1.316497196215615437e-02,2.100383016803285610e-02,7.484357373338084915e-03,5.680614588818069452e-03,7.838858205876701735e-03,4.789988718936374568e+01,3.635593336843564316e+01,2.508434625880544644e+01,4.789988718936374568e+01,3.280205004498145058e+02
1.942000000000000171e+01,7.178940539089019926e-03,1.252831744606677788e-02,1.981161141344592660e-02,7.178940539089019926e-03,5.349376906977757959e-03,7.283293967379148720e-03,4.594521945016973064e+01,3.423601220465764783e+01,2.330654069561327546e+01,4.594521945016973064e+01,3.104633170513219511e+02
1.942999999999999972e+01,6.892948640940045266e-03,1.189982963167296633e-02,1.855313569599870496e-02,6.892948640940045266e-03,5.006880990732921061e-03,6.653306064325738636e-03,4.411487130201629014e+01,3.204403834069069745e+01,2.129057940584236519e+01,4.411487130201629014e+01,2.923484671456481010e+02
1.944000000000000128e+01,6.626424430429927494e-03,1.128257296865830400e-02,1.724490578408840666e-02,6.626424430429927494e-03,4.656148538228376509e-03,5.962332815430102656e-03,4.240911635475153929e+01,2.979935064466160810e+01,1.907946500937632806e+01,4.240911635475153929e+01,2.738637960263683908e+02
1.944999999999999929e+01,6.377095909382073276e-03,1.067722703290188355e-02,1.590300891061331018e-02,6.377095909382073276e-03,4.300131123519810271e-03,5.225781877711426632e-03,4.081341382004526963e+01,2.752083919052678596e+01,1.672250200867656389e+01,4.081341382004526963e+01,2.551702650577458655e+02
1.946000000000000085e+01,6.140558113752133534e-03,1.008229135086229078e-02,1.454275979856748009e-02,6.140558113752133534e-03,3.941733237110157245e-03,4.460468447705189313e-03,3.929957192801365551e+01,2.522709271750500548e+01,1.427349903265660558e+01,3.929957192801365551e+01,2.364004910345258281e+02
1.946999999999999886e+01,5.910864005158905470e-03,9.494667924150402075e-03,1.317867202209118370e-02,5.910864005158905470e-03,3.583803918991496605e-03,3.684004097940781625e-03,3.782952963301699612e+01,2.293634508154557849e+01,1.178881311341050164e+01,3.782952963301699612e+01,2.176640634839192217e+02
1.948000000000000043e+01,5.680502601251811827e-03,8.909597693905464341e-03,1.182375964822517632e-02,5.680502601251811827e-03,3.229095092653652514e-03,2.914161954319711978e-03,3.635521664801159858e+01,2.066620859298337720e+01,9.325318253823077441e+00,3.635521664801159858e+01,1.990402304844541561e+02
1.948999999999999844e+01,5.440836799648191523e-03,8.321021183030793272e-03,1.048926413434748788e-02,5.440836799648191523e-03,2.880184383382601750e-03,2.168242951316694603e-03,3.482135551774842241e+01,1.843318005364865186e+01,6.938377444213422507e+00,3.482135551774842241e+01,1.805787390468314868e+02
1.950000000000000000e+01,5.183670172643772139e-03,7.723053873978865530e-03,9.185520122152878927e-03,5.183670172643772139e-03,2.539383701335093391e-03,1.462466248174013397e-03,3.317548910492013903e+01,1.625205568854459770e+01,4.679891994156842649e+00,3.317548910492013903e+01,1.623223103628647266e+02
1.951000000000000156e+01,4.902368402423018350e-03,7.111036871742242894e-03,7.922442238454964133e-03,4.902368402423018350e-03,2.208668469319224545e-03,8.114053667127212391e-04,3.137515777550731855e+01,1.413547820364303753e+01,2.596497173480707854e+00,3.137515777550731855e+01,1.443213994578931647e+02
1.951999999999999957e+01,4.591597693295019697e-03,6.481235906958380047e-03,6.708726110883954721e-03,4.591597693295019697e-03,1.889638213663360350e-03,2.274902039255746744e-04,2.938622523708812651e+01,1.209368456744550713e+01,7.279686525618389581e-01,2.938622523708812651e+01,1.266236353712864258e+02
1.953000000000000114e+01,4.247257673886342504e-03,5.830755996447348211e-03,5.551348995410139084e-03,4.247257673886342504e-03,1.583498322561005707e-03,-2.794070010372091267e-04,2.718244911287259313e+01,1.013438926439043719e+01,-8.941024033190692055e-01,2.718244911287259313e+01,1.092682079218318876e+02
1.953999999999999915e+01,3.867575925922860352e-03,5.158644623467341546e-03,4.456358093265276252e-03,3.867575925922860352e-03,1.291068697544481194e-03,-7.022865302020652942e-04,2.475248592590630636e+01,8.262839664284680197e+00,-2.247316896646609052e+00,2.475248592590630636e+01,9.230402608063313608e+01
1.955000000000000071e+01,3.453705445068736262e-03,4.466542294147267736e-03,3.429317590905690133e-03,3.453705445068736262e-03,1.012836849078531474e-03,-1.037224703241577603e-03,2.210371484843991041e+01,6.482155834102601766e+00,-3.319119050373048552e+00,2.210371484843991041e+01,7.580025489650837756e+01
1.955999999999999872e+01,3.008820368539076584e-03,3.757866992279553127e-03,2.474409864762914819e-03,3.008820368539076584e-03,7.490466237404765429e-04,-1.283457127516638308e-03,1.925645035865009191e+01,4.793898391939049652e+00,-4.107062808053242975e+00,1.925645035865009191e+01,5.982985782760768245e+01
1.957000000000000028e+01,2.537509054783959345e-03,3.037302627198046508e-03,1.593965652780225846e-03,2.537509054783959345e-03,4.997935724140871623e-04,-1.443336974417820662e-03,1.624005795061734148e+01,3.198678863450157728e+00,-4.618678318137026118e+00,1.624005795061734148e+01,4.446017548779141038e+01
1.957999999999999829e+01,2.046596948605392072e-03,2.311718078705689034e-03,7.895494458288197836e-04,2.046596948605392072e-03,2.651211301002969617e-04,-1.522168632876869359e-03,1.309822047107450871e+01,1.696775232641900555e+00,-4.870939625205982004e+00,1.309822047107450871e+01,2.977216823553128222e+01
1.958999999999999986e+01,1.545510611814195166e-03,1.590641734921340424e-03,6.271973767290907862e-05,1.545510611814195166e-03,4.513112310714525836e-05,-1.527921997248431413e-03,9.891267915610848505e+00,2.888391878857296535e-01,-4.889350391194980716e+00,9.891267915610848505e+00,1.587227013690478827e+01
1.960000000000000142e+01,1.044793893091756605e-03,8.848885844736583978e-04,-5.859486313506305022e-04,1.044793893091756605e-03,-1.599053086180982075e-04,-1.470837215824289008e-03,6.686680915787242441e+00,-1.023393975155828528e+00,-4.706679090637725160e+00,6.686680915787242441e+00,2.869823549981063593e+00
1.960999999999999943e+01,5.545113130356705633e-04,2.050324917233094073e-04,-1.157902307160543461e-03,5.545113130356705633e-04,-3.494788213123611832e-04,-1.362934798883852841e-03,3.548872403428291467e+00,-2.236664456399111600e+00,-4.361391356428328869e+00,3.548872403428291467e+00,-9.147550228197445676e+00
1.962000000000000099e+01,8.423191871633915664e-05,-4.386043358216687492e-04,-1.656055974609811719e-03,8.423191871633915664e-05,-5.228362545380079059e-04,-1.217451638788143078e-03,5.390842797845706302e-01,-3.346152029043250486e+00,-3.895845244122057682e+00,5.390842797845706302e-01,-2.010873898014221695e+01
1.962999999999999901e+01,-3.565918604152572865e-04,-1.035615427563997808e-03,-2.083843908545138582e-03,-3.565918604152572865e-04,-6.790235671487404676e-04,-1.048228480981140773e-03,-2.282187906657646703e+00,-4.345750829751938937e+00,-3.354331139139650642e+00,-2.282187906657646703e+00,-2.994680962664770618e+01
1.964000000000000057e+01,-7.593532650884956886e-04,-1.576317060290552971e-03,-2.445394775749348045e-03,-7.593532650884956886e-04,-8.169637952020572828e-04,-8.690777154587950738e-04,-4.859860896566372546e+00,-5.228568289293166416e+00,-2.781048689468144097e+00,-4.859860896566372546e+00,-3.860843362598304651e+01
1.964999999999999858e+01,-1.117267909644826390e-03,-2.052841658436868524e-03,-2.746003811793210243e-03,-1.117267909644826390e-03,-9.355737487920421334e-04,-6.931621533563417197e-04,-7.150514621726888898e+00,-5.987671992269069321e+00,-2.218118890740293558e+00,-7.150514621726888898e+00,-4.606891651420875178e+01
1.966000000000000014e+01,-1.425340154742097808e-03,-2.459253796094605388e-03,-2.991669659267761228e-03,-1.425340154742097808e-03,-1.033913641352507580e-03,-5.324158631731558400e-04,-9.122176990349425196e+00,-6.617047304656048290e+00,-1.703730762154098688e+00,-9.122176990349425196e+00,-5.232886517147871075e+01
1.967000000000000171e+01,-1.680001916949588501e-03,-2.791345249283052731e-03,-3.188381912969842635e-03,-1.680001916949588501e-03,-1.111343332333464230e-03,-3.970366636867899042e-04,-1.075201226847736713e+01,-7.112597326934171349e+00,-1.270517323797727638e+00,-1.075201226847736713e+01,-5.740538075762779613e+01
1.967999999999999972e+01,-1.879443425028031172e-03,-3.047106137688333338e-03,-3.342182355874939292e-03,-1.879443425028031172e-03,-1.167662712660302166e-03,-2.950762181866059541e-04,-1.202843792017939961e+01,-7.473041361025933860e+00,-9.442438981971390533e-01,-1.202843792017939961e+01,-6.133716953820741935e+01
1.969000000000000128e+01,-2.024006538145976201e-03,-3.227235100265418103e-03,-3.459383428296903921e-03,-2.024006538145976201e-03,-1.203228562119441902e-03,-2.321483280314858184e-04,-1.295364184413424802e+01,-7.700662797564428175e+00,-7.428746497007545635e-01,-1.295364184413424802e+01,-6.419153787419828916e+01
1.969999999999999929e+01,-2.115813320590078598e-03,-3.334850390135021391e-03,-3.546119895945795339e-03,-2.115813320590078598e-03,-1.219037069544942793e-03,-2.112695058107739478e-04,-1.354120525177650336e+01,-7.801837245087633654e+00,-6.760624185944765774e-01,-1.354120525177650336e+01,-6.605731474637585166e+01
1.971000000000000085e+01,-2.158242547619798352e-03,-3.374995639340577867e-03,-3.607833989429319252e-03,-2.158242547619798352e-03,-1.216753091720779514e-03,-2.328383500887413853e-04,-1.381275230476670934e+01,-7.787219787012988448e+00,-7.450827202839724883e-01,-1.381275230476670934e+01,-6.703516443619101040e+01
1.971999999999999886e+01,-2.155937106808909071e-03,-3.354614574116697879e-03,-3.649366560356713529e-03,-2.155937106808909071e-03,-1.198677467307788808e-03,-2.947519862400156503e-04,-1.379799748357701716e+01,-7.671535790769848262e+00,-9.432063559680501363e-01,-1.379799748357701716e+01,-6.723821889094475068e+01
1.973000000000000043e+01,-2.114648232543389714e-03,-3.282305127088004301e-03,-3.674954793081201213e-03,-2.114648232543389714e-03,-1.167656894544614587e-03,-3.926496659931969120e-04,-1.353374868827769362e+01,-7.473004125085533467e+00,-1.256478931178230063e+00,-1.353374868827769362e+01,-6.678969523362437144e+01
1.973999999999999844e+01,-2.040441536093950091e-03,-3.167379120378580482e-03,-3.687645239523644654e-03,-2.040441536093950091e-03,-1.126937584284630391e-03,-5.202661191450641716e-04,-1.305882583100128080e+01,-7.212400539421634171e+00,-1.664851581264205294e+00,-1.305882583100128080e+01,-6.580823385506135992e+01
1.975000000000000000e+01,-1.939269264337087351e-03,-3.019233874150012865e-03,-3.689104581595489124e-03,-1.939269264337087351e-03,-1.079964609812925514e-03,-6.698707074454762593e-04,-1.241132329175735904e+01,-6.911773502802723179e+00,-2.143586263825524085e+00,-1.241132329175735904e+01,-6.440004917515682337e+01
1.976000000000000156e+01,-1.817479154043543429e-03,-2.847630065236155320e-03,-3.680393560537185364e-03,-1.817479154043543429e-03,-1.030150911192611891e-03,-8.327634953010300441e-04,-1.163186658587867761e+01,-6.592965831632715989e+00,-2.664843184963296085e+00,-1.163186658587867761e+01,-6.266902680742407483e+01
1.976999999999999957e+01,-1.682037760846612868e-03,-2.662691568332480486e-03,-3.662488476819923157e-03,-1.682037760846612868e-03,-9.806538074858676176e-04,-9.997969084874426711e-04,-1.076504166941832175e+01,-6.276184367909552364e+00,-3.199350107159816492e+00,-1.076504166941832175e+01,-6.072172843346307047e+01
1.978000000000000114e+01,-1.539594328123395240e-03,-2.473772101331274918e-03,-3.635663867645103249e-03,-1.539594328123395240e-03,-9.341777732078796782e-04,-1.161891766313828331e-03,-9.853403699989730313e+00,-5.978737748530430274e+00,-3.718053652204250881e+00,-9.853403699989730313e+00,-5.865058530217323352e+01
1.978999999999999915e+01,-1.395649404775343126e-03,-2.288451651458627868e-03,-3.598970024020431424e-03,-1.395649404775343126e-03,-8.928022466832847420e-04,-1.310518372561803556e-03,-8.932156190562196230e+00,-5.713934378773021905e+00,-4.193658792197771490e+00,-8.932156190562196230e+00,-5.651924808459897065e+01
1.980000000000000071e+01,-1.255102218329557035e-03,-2.112950057356903673e-03,-3.551066762951274932e-03,-1.255102218329557035e-03,-8.578478390273466380e-04,-1.438116705594371259e-03,-8.032654197309165411e+00,-5.490226169775018761e+00,-4.601973457901988418e+00,-8.032654197309165411e+00,-5.437456147495851866e+01
1.980999999999999872e+01,-1.123167343532396759e-03,-1.952983501127758797e-03,-3.491418524408221313e-03,-1.123167343532396759e-03,-8.298161575953620379e-04,-1.538435023280462517e-03,-7.188270998607339202e+00,-5.310823408610317209e+00,-4.922992074497479997e+00,-7.188270998607339202e+00,-5.226625944514540834e+01
1.982000000000000028e+01,-1.005109723185948316e-03,-1.813533144741172375e-03,-3.420306509965753781e-03,-1.005109723185948316e-03,-8.084234215552240591e-04,-1.606773365224581406e-03,-6.432702228390069443e+00,-5.173909897953434367e+00,-5.141674768718660360e+00,-6.432702228390069443e+00,-5.024486068518648807e+01
1.982999999999999829e+01,-9.053035158583271807e-04,-1.698015781609082779e-03,-3.338142048357856887e-03,-9.053035158583271807e-04,-7.927122657507555984e-04,-1.640126266748774108e-03,-5.793942501493294372e+00,-5.073358500804835636e+00,-5.248404053596076757e+00,-5.793942501493294372e+00,-4.834711516768261674e+01
1.983999999999999986e+01,-8.269831528661213387e-04,-1.608198143652182516e-03,-3.245424306929168938e-03,-8.269831528661213387e-04,-7.812149907860611777e-04,-1.637226163276986422e-03,-5.292692178343176401e+00,-4.999775941030791593e+00,-5.239123722486356272e+00,-5.292692178343176401e+00,-4.659477552558097102e+01
1.985000000000000142e+01,-7.726060233478156602e-04,-1.544759971836548451e-03,-3.143255028273770658e-03,-7.726060233478156602e-04,-7.721539484887327909e-04,-1.598495056437222207e-03,-4.944678549426019920e+00,-4.941785270327890167e+00,-5.115184180599110952e+00,-4.944678549426019920e+00,-4.500494400105905868e+01
1.985999999999999943e+01,-7.440521930376091560e-04,-1.507721768569310903e-03,-3.033638882869295426e-03,-7.440521930376091560e-04,-7.636695755317017466e-04,-1.525917114299984523e-03,-4.761934035440698487e+00,-4.887485283402891234e+00,-4.882934765759950224e+00,-4.761934035440698487e+00,-4.359706225381061984e+01
1.987000000000000099e+01,-7.426629550578573965e-04,-1.496723056768502376e-03,-2.919571874160194029e-03,-7.426629550578573965e-04,-7.540601017106449795e-04,-1.422848817391691653e-03,-4.753042912370287532e+00,-4.825984650948127452e+00,-4.553116215653413512e+00,-4.753042912370287532e+00,-4.239643133691548371e+01
1.987999999999999901e+01,-7.692643603911116738e-04,-1.511276781452727163e-03,-2.805062478293891132e-03,-7.692643603911116738e-04,-7.420124210616154889e-04,-1.293785696841163969e-03,-4.923291906503115101e+00,-4.748879494794339351e+00,-4.140114229891724840e+00,-4.923291906503115101e+00,-4.143685689356753699e+01
1.989000000000000057e+01,-8.238604375798733127e-04,-1.550659622868120167e-03,-2.694765000001929887e-03,-8.238604375798733127e-04,-7.267991852882468547e-04,-1.144105377133809720e-03,-5.272706800511189229e+00,-4.651514785844780064e+00,-3.661137206828191104e+00,-5.272706800511189229e+00,-4.075607637955248208e+01
1.989999999999999858e+01,-9.050148281630504988e-04,-1.613425610021672861e-03,-2.593230931711730958e-03,-9.050148281630504988e-04,-7.084107818586223623e-04,-9.798053216900580974e-04,-5.792094900243522915e+00,-4.533829003895182730e+00,-3.135377029408185745e+00,-5.792094900243522915e+00,-4.038390280064066928e+01
1.991000000000000014e+01,-1.009593190277895689e-03,-1.697188948011878066e-03,-2.504439369348245795e-03,-1.009593190277895689e-03,-6.875957577339823767e-04,-8.072504213363677298e-04,-6.461396417778532353e+00,-4.400612849497487211e+00,-2.583201348276376930e+00,-6.461396417778532353e+00,-4.033563184665718637e+01
1.992000000000000171e+01,-1.133218428681703705e-03,-1.799023701328214975e-03,-2.431964718119606749e-03,-1.133218428681703705e-03,-6.658052726465112699e-04,-6.329410167913917737e-04,-7.252597943562903993e+00,-4.261153744937671739e+00,-2.025411253732453787e+00,-7.252597943562903993e+00,-4.061748882669908767e+01
1.992999999999999972e+01,-1.271043060323454911e-03,-1.916103766637256879e-03,-2.379410985580266043e-03,-1.271043060323454911e-03,-6.450607063138019681e-04,-4.633072189430091636e-04,-8.134675586070111208e+00,-4.128388520408332596e+00,-1.482583100617629324e+00,-8.134675586070111208e+00,-4.123694162128821716e+01
1.994000000000000128e+01,-1.418346734736789438e-03,-2.046119951637704725e-03,-2.350651368817939339e-03,-1.418346734736789438e-03,-6.277732169009152870e-04,-3.045314171802346141e-04,-9.077419102315452903e+00,-4.017748588165857448e+00,-9.745005349767508207e-01,-9.077419102315452903e+00,-4.220900467637417819e+01
1.994999999999999929e+01,-1.570737774377950653e-03,-2.187277719212829107e-03,-2.349675715648011191e-03,-1.570737774377950653e-03,-6.165399448348784540e-04,-1.623979964351820841e-04,-1.005272175601888485e+01,-3.945855646943221995e+00,-5.196735885925827247e-01,-1.005272175601888485e+01,-4.355475297466406914e+01
1.996000000000000085e+01,-1.724028413471193543e-03,-2.337960586845791618e-03,-2.380127977483236391e-03,-1.724028413471193543e-03,-6.139321733745980742e-04,-4.216739063744477309e-05,-1.103378184621563918e+01,-3.929165909597427842e+00,-1.349356500398232739e-01,-1.103378184621563918e+01,-4.529365021755867105e+01
1.996999999999999886e+01,-1.874389602533647068e-03,-2.496678700736579444e-03,-2.445149205568708083e-03,-1.874389602533647068e-03,-6.222890982029323764e-04,5.152949516787136072e-05,-1.199609345621534118e+01,-3.982650228498767042e+00,1.648943845371883543e-01,-1.199609345621534118e+01,-4.744154790053076454e+01
1.998000000000000043e+01,-2.019267373645218869e-03,-2.662811457760447340e-03,-2.548030900775737594e-03,-2.019267373645218869e-03,-6.435440841152284715e-04,1.147805569847097466e-04,-1.292331119132940032e+01,-4.118682138337462106e+00,3.672977823510711892e-01,-1.292331119132940032e+01,-5.002408664194737042e+01
1.998999999999999844e+01,-2.158146508142145658e-03,-2.837264301470714210e-03,-2.692796074011409753e-03,-2.158146508142145658e-03,-6.791177933285685517e-04,1.444682274593044567e-04,-1.381213765210973143e+01,-4.346353877302838953e+00,4.622983278697742615e-01,-1.381213765210973143e+01,-5.308857960462838577e+01
2.000000000000000000e+01,-2.291995886889479622e-03,-3.021884728354791699e-03,-2.883552656795896913e-03,-2.291995886889479622e-03,-7.298888414653120771e-04,1.383320715588947855e-04,-1.466877367609266969e+01,-4.671288585377997293e+00,4.426626289884633136e-01,-1.466877367609266969e+01,-5.669219889744660890e+01
2.001000000000000156e+01,-2.422280530407805530e-03,-3.218501073186227392e-03,-3.123484717141406745e-03,-2.422280530407805530e-03,-7.962205427784218616e-04,9.501635604482064693e-05,-1.550259539460995484e+01,-5.095811473781900247e+00,3.040523393434260702e-01,-1.550259539460995484e+01,-6.088306358714528699e+01
2.001999999999999957e+01,-2.551147652178612467e-03,-3.429172813896349051e-03,-3.415073516417532241e-03,-2.551147652178612467e-03,-8.780251617177365839e-04,1.409929747881680934e-05,-1.632734497394312001e+01,-5.619361034993514359e+00,4.511775193221378988e-02,-1.632734497394312001e+01,-6.570476477101327362e+01
2.003000000000000114e+01,-2.682048488003730552e-03,-3.656916812144253397e-03,-3.760816955407465540e-03,-2.682048488003730552e-03,-9.748683241405228447e-04,-1.039001432632121434e-04,-1.716511032322387464e+01,-6.239157274499346428e+00,-3.324804584422788589e-01,-1.716511032322387464e+01,-7.121024416849650152e+01
2.003999999999999915e+01,-2.819095246971315121e-03,-3.905201627000455967e-03,-4.162744196379163271e-03,-2.819095246971315121e-03,-1.086106380029140846e-03,-2.575425693787073041e-04,-1.804220958061641511e+01,-6.951080832186501191e+00,-8.241362220118633175e-01,-1.804220958061641511e+01,-7.745227990444433885e+01
2.005000000000000071e+01,-2.965921691793440944e-03,-4.176944489494432977e-03,-4.621464261818439799e-03,-2.965921691793440944e-03,-1.211022797700992033e-03,-4.445197723240068219e-04,-1.898189882747802315e+01,-7.750545905286348791e+00,-1.422463271436821941e+00,-1.898189882747802315e+01,-8.446472401260358254e+01
2.005999999999999872e+01,-3.125825772116108941e-03,-4.474763704095256582e-03,-5.136503796340698841e-03,-3.125825772116108941e-03,-1.348937931979147641e-03,-6.617400922454422588e-04,-2.000528494154309556e+01,-8.633202764666544127e+00,-2.117568295185415117e+00,-2.000528494154309556e+01,-9.226816800418517062e+01
2.007000000000000028e+01,-3.302358193892183588e-03,-4.801652734532438349e-03,-5.707100217401221698e-03,-3.302358193892183588e-03,-1.499294540640254761e-03,-9.054474828687833488e-04,-2.113509244090997541e+01,-9.595485060097630026e+00,-2.897431945180106716e+00,-2.113509244090997541e+01,-1.008840283385631409e+02
2.007999999999999829e+01,-3.498462584120309339e-03,-5.160176946694666929e-03,-6.331548684100605368e-03,-3.498462584120309339e-03,-1.661714362574357590e-03,-1.171371737405938439e-03,-2.239016053836997955e+01,-1.063497192047588769e+01,-3.748389559699003115e+00,-2.239016053836997955e+01,-1.103205660556346146e+02
2.008999999999999986e+01,-3.715020711041855037e-03,-5.551015345702175509e-03,-7.005919677231056165e-03,-3.715020711041855037e-03,-1.835994634660320472e-03,-1.454904331528880657e-03,-2.377613255066787090e+01,-1.175036566182605036e+01,-4.655693860892418101e+00,-2.377613255066787090e+01,-1.205465762201590110e+02
2.010000000000000142e+01,-3.950813306274245616e-03,-5.972838796168409257e-03,-7.724129423898153275e-03,-3.950813306274245616e-03,-2.022025489894163641e-03,-1.751290627729744018e-03,-2.528520516015517217e+01,-1.294096313532264730e+01,-5.604130008735181079e+00,-2.528520516015517217e+01,-1.314908949126390212e+02
2.010999999999999943e+01,-4.203265421874367337e-03,-6.422912084966056999e-03,-8.478737859631664542e-03,-4.203265421874367337e-03,-2.219646663091689662e-03,-2.055825774665607543e-03,-2.690089869999595251e+01,-1.420573864378681428e+01,-6.578642478929944026e+00,-2.690089869999595251e+01,-1.430558394681381174e+02
2.012000000000000099e+01,-4.468221678290909202e-03,-6.896689825776849796e-03,-9.260729417945316039e-03,-4.468221678290909202e-03,-2.428468147485940594e-03,-2.364039592168466243e-03,-2.859661874106181756e+01,-1.554219614391002047e+01,-7.564926694939091867e+00,-2.859661874106181756e+01,-1.551112247397327906e+02
2.012999999999999901e+01,-4.739468938261652553e-03,-7.387133280063923162e-03,-1.005898836743061159e-02,-4.739468938261652553e-03,-2.647664341802270609e-03,-2.671855087366688426e-03,-3.033260120487457812e+01,-1.694505178753453123e+01,-8.549936279573403297e+00,-3.033260120487457812e+01,-1.674827678159475397e+02
2.014000000000000057e+01,-5.009480627321473596e-03,-7.885242910655568954e-03,-1.086094880935870380e-02,-5.009480627321473596e-03,-2.875762283334095358e-03,-2.975705898703134844e-03,-3.206067601485742813e+01,-1.840487861333820874e+01,-9.522258875850031501e+00,-3.206067601485742813e+01,-1.799634405121369980e+02
2.014999999999999858e+01,-5.270448250177772222e-03,-8.380913782301106091e-03,-1.165351420109204256e-02,-5.270448250177772222e-03,-3.110465532123333869e-03,-3.272600418790936466e-03,-3.373086880113774555e+01,-1.990697940558933610e+01,-1.047232134013099625e+01,-3.373086880113774555e+01,-1.923305086405742372e+02
2.016000000000000014e+01,-5.514245865643719116e-03,-8.862789156545477359e-03,-1.242291387792402932e-02,-5.514245865643719116e-03,-3.348543290901758243e-03,-3.560124721378551960e-03,-3.529117354011980012e+01,-2.143067706177125231e+01,-1.139239910841136627e+01,-3.529117354011980012e+01,-2.043427491309072366e+02
2.017000000000000171e+01,-5.732265538459867249e-03,-9.318055413690231811e-03,-1.315443727888736258e-02,-5.732265538459867249e-03,-3.585789875230364562e-03,-3.836381865197130772e-03,-3.668649944614315217e+01,-2.294905520147433364e+01,-1.227642196863081914e+01,-3.668649944614315217e+01,-2.157359298487448882e+02
2.017999999999999972e+01,-5.916295599077185663e-03,-9.733358154205387289e-03,-1.383322907721654463e-02,-5.916295599077185663e-03,-3.817062555128201626e-03,-4.099870923011157339e-03,-3.786429183409399002e+01,-2.442920035282049085e+01,-1.311958695363570371e+01,-3.786429183409399002e+01,-2.262392374216505573e+02
2.019000000000000128e+01,-6.059543849976147326e-03,-1.009596032012814205e-02,-1.444527543773457823e-02,-6.059543849976147326e-03,-4.036416470151994729e-03,-4.349315117606436173e-03,-3.878108063984734599e+01,-2.583306540897276449e+01,-1.391780837634059509e+01,-3.878108063984734599e+01,-2.355958632754821167e+02
2.019999999999999929e+01,-6.156908655300048598e-03,-1.039425007319946109e-02,-1.497770453688025000e-02,-6.156908655300048598e-03,-4.237341417899412495e-03,-4.583454463680788904e-03,-3.940421539392031036e+01,-2.711898507455623886e+01,-1.466705428377852449e+01,-3.940421539392031036e+01,-2.435707642567651874e+02
2.021000000000000085e+01,-6.205173788216575802e-03,-1.061825871681405797e-02,-1.541908215873877101e-02,-6.205173788216575802e-03,-4.413084928597482172e-03,-4.800823441924713039e-03,-3.971311224458608535e+01,-2.824374354302388568e+01,-1.536263501415908195e+01,-3.971311224458608535e+01,-2.499584724053071625e+02
2.021999999999999886e+01,-6.203423705056844081e-03,-1.076046394060193104e-02,-1.576000164228085615e-02,-6.203423705056844081e-03,-4.557040235545086956e-03,-4.999537701678925111e-03,-3.970191171236380256e+01,-2.916505750748855519e+01,-1.599852064537255991e+01,-3.970191171236380256e+01,-2.545964695956747335e+02
2.023000000000000043e+01,-6.152783796118034554e-03,-1.081595221882127207e-02,-1.599306736015752156e-02,-6.152783796118034554e-03,-4.663168422703237517e-03,-5.177115141336249490e-03,-3.937781629515541937e+01,-2.984427790530072144e+01,-1.656676845227599770e+01,-3.937781629515541937e+01,-2.573665879581964191e+02
2.023999999999999844e+01,-6.055464686871287264e-03,-1.078186894832133987e-02,-1.611222432098749491e-02,-6.055464686871287264e-03,-4.726404261450052602e-03,-5.330355372666155042e-03,-3.875497399597623627e+01,-3.024898727328033488e+01,-1.705713719253169458e+01,-3.875497399597623627e+01,-2.581832953853647723e+02
2.025000000000000000e+01,-5.914142595522540839e-03,-1.065713412868340808e-02,-1.611243126956538041e-02,-5.914142595522540839e-03,-4.742991533160867239e-03,-5.455297140881972331e-03,-3.785051261134426426e+01,-3.035514581222955144e+01,-1.745695085082231301e+01,-3.785051261134426426e+01,-2.569878278231883542e+02
2.026000000000000156e+01,-5.731614667050629469e-03,-1.044232406054859327e-02,-1.598959020086235250e-02,-5.731614667050629469e-03,-4.710709393497963804e-03,-5.547266140313759225e-03,-3.668233386912402949e+01,-3.014854011838696835e+01,-1.775125164900402908e+01,-3.668233386912402949e+01,-2.537463769095450630e+02
2.026999999999999957e+01,-5.510111722979007219e-03,-1.013907447027778165e-02,-1.574009118210240032e-02,-5.510111722979007219e-03,-4.628962747298774431e-03,-5.601016711824618674e-03,-3.526471502706564820e+01,-2.962536158271215569e+01,-1.792325347783878087e+01,-3.526471502706564820e+01,-2.484399902628497614e+02
2.028000000000000114e+01,-5.251040645499300066e-03,-9.749763783933482197e-03,-1.536072485620580165e-02,-5.251040645499300066e-03,-4.498723138434182131e-03,-5.610961072272319453e-03,-3.360666013119551820e+01,-2.879182808597876431e+01,-1.795507543127142114e+01,-3.360666013119551820e+01,-2.410606909453371145e+02
2.028999999999999915e+01,-4.955926299901052164e-03,-9.278267590725367692e-03,-1.484973796451795856e-02,-4.955926299901052164e-03,-4.322341290824315528e-03,-5.571470373792590872e-03,-3.171792831936673451e+01,-2.766298426127561783e+01,-1.782870519613629057e+01,-3.171792831936673451e+01,-2.316288533303359429e+02
2.030000000000000071e+01,-4.627080039605517212e-03,-8.730358259563857082e-03,-1.420758288691281908e-02,-4.627080039605517212e-03,-4.103278219958339870e-03,-5.477224627348961997e-03,-2.961331225347531060e+01,-2.626098060773337650e+01,-1.752711880751667906e+01,-2.961331225347531060e+01,-2.202042350061760771e+02
2.030999999999999872e+01,-4.266543191604551047e-03,-8.112325851446739594e-03,-1.343590976272953166e-02,-4.266543191604551047e-03,-3.845782659842188547e-03,-5.323583911282792069e-03,-2.730587642626912626e+01,-2.461300902299000626e+01,-1.703546851610493462e+01,-2.730587642626912626e+01,-2.068630618960922050e+02
2.032000000000000028e+01,-3.874863854056149245e-03,-7.429380135228926332e-03,-1.253633080221792061e-02,-3.874863854056149245e-03,-3.554516281172777088e-03,-5.106950666988994275e-03,-2.479912866595935483e+01,-2.274890419950577325e+01,-1.634224213436478124e+01,-2.479912866595935483e+01,-1.916708249994896960e+02
2.032999999999999829e+01,-3.451778982441002213e-03,-6.685929249359559221e-03,-1.151102136615720153e-02,-3.451778982441002213e-03,-3.234150266918557007e-03,-4.825092116797642314e-03,-2.209138548762241427e+01,-2.069856170827876340e+01,-1.544029477375245563e+01,-2.209138548762241427e+01,-1.746907259089608715e+02
2.033999999999999986e+01,-2.997725232009363673e-03,-5.886722387853054843e-03,-1.036411640873225425e-02,-2.997725232009363673e-03,-2.888997155843691170e-03,-4.477394020879199403e-03,-1.918544148485992906e+01,-1.848958179739962304e+01,-1.432766086681343864e+01,-1.918544148485992906e+01,-1.560080524472189722e+02
2.035000000000000142e+01,-2.513897005132975388e-03,-5.036630583177593296e-03,-9.101653312731572756e-03,-2.513897005132975388e-03,-2.522733578044617907e-03,-4.065022729553979461e-03,-1.608894083285104415e+01,-1.614549489948555561e+01,-1.300807273457273361e+01,-1.608894083285104415e+01,-1.357275254007280125e+02
2.035999999999999943e+01,-2.001232252972577706e-03,-4.139456669146127088e-03,-7.730437282930859889e-03,-2.001232252972577706e-03,-2.138224416173549382e-03,-3.590980613784732801e-03,-1.280788641902449676e+01,-1.368463626351071660e+01,-1.149113796411114485e+01,-1.280788641902449676e+01,-1.139509819399390835e+02
2.037000000000000099e+01,-1.460304526758464698e-03,-3.197745747213420579e-03,-6.257794544755498206e-03,-1.460304526758464698e-03,-1.737441220454955882e-03,-3.060048797542077627e-03,-9.345948971254173898e+00,-1.111962381091171714e+01,-9.792156152134648295e+00,-9.345948971254173898e+00,-9.077318680290161979e+01
2.037999999999999901e+01,-8.923613734364069499e-04,-2.213847000843450000e-03,-4.692467102461688085e-03,-8.923613734364069499e-04,-1.321485627407043050e-03,-2.478620101618238085e-03,-5.711112789993004313e+00,-8.457508015405075241e+00,-7.931584325178361539e+00,-5.711112789993004313e+00,-6.630061539172932328e+01
2.039000000000000057e+01,-3.001416968432687148e-04,-1.190876974412535252e-03,-3.045311276916361134e-03,-3.001416968432687148e-04,-8.907352775692665373e-04,-1.854434302503825882e-03,-1.920906859796919885e+00,-5.700705776443306227e+00,-5.934189768012243071e+00,-1.920906859796919885e+00,-4.066740721275741066e+01
2.039999999999999858e+01,3.121557866159640387e-04,-1.329506147254957190e-04,-1.329187216368718852e-03,3.121557866159640387e-04,-4.451064013414597577e-04,-1.196236601643223133e-03,1.997797034342169820e+00,-2.848680968585342477e+00,-3.827957125258313997e+00,1.997797034342169820e+00,-1.403652317850445996e+01
2.041000000000000014e+01,9.392420132594785477e-04,9.548424602334228952e-04,4.414551913928818432e-04,9.392420132594785477e-04,1.560044697394434750e-05,-5.133872688405411062e-04,6.011148884860662456e+00,9.984286063324382399e-02,-1.642839260289731484e+00,6.011148884860662456e+00,1.340445745561252444e+01
2.042000000000000171e+01,1.575009885320551939e-03,2.066326454171812411e-03,2.250871800061337701e-03,1.575009885320551939e-03,4.913165688512604722e-04,1.845453458895252898e-04,1.008006326605153191e+01,3.144426040648066856e+00,5.905451068464808717e-01,1.008006326605153191e+01,4.144510324063823958e+01
2.042999999999999972e+01,2.212743730183838829e-03,3.194071857405489205e-03,4.082247142440509693e-03,2.212743730183838829e-03,9.813281272216503766e-04,8.881752850350204884e-04,1.416155987317656795e+01,6.280500014218562299e+00,2.842160912112065674e+00,1.416155987317656795e+01,6.985266239852158776e+01
2.044000000000000128e+01,2.845442695123625437e-03,4.329391437438600242e-03,5.918033521660104497e-03,2.845442695123625437e-03,1.483948742314974804e-03,1.588642084221504255e-03,1.821083324879120369e+01,9.497271950815838082e+00,5.083654669508813839e+00,1.821083324879120369e+01,9.837527960734756505e+01
2.044999999999999929e+01,3.466378893486133164e-03,5.462661984708170639e-03,7.740542929947146628e-03,3.466378893486133164e-03,1.996283091222037474e-03,2.277880945238975989e-03,2.218482491831125358e+01,1.277621178382104006e+01,7.289219024764722832e+00,2.218482491831125358e+01,1.267507671806910423e+02
2.046000000000000085e+01,4.069647872132836457e-03,6.583765090626273082e-03,9.532567407951655566e-03,4.069647872132836457e-03,2.514117218493436626e-03,2.948802317325382484e-03,2.604574638165015443e+01,1.609035019835799574e+01,9.436167415441223838e+00,2.604574638165015443e+01,1.547167919863481416e+02
2.046999999999999886e+01,4.650148951802678988e-03,7.682100903337616381e-03,1.127747375575025371e-02,4.650148951802678988e-03,3.031951951534937392e-03,3.595372852412637328e-03,2.976095329153714530e+01,1.940449248982359975e+01,1.150519312772043889e+01,2.976095329153714530e+01,1.820119167272435448e+02
2.048000000000000043e+01,5.203101480910913429e-03,8.746269481124859663e-03,1.295886919328099150e-02,5.203101480910913429e-03,3.543168000213946234e-03,4.212599712156131840e-03,3.329984947782984506e+01,2.267627520136925767e+01,1.348031907889962255e+01,3.329984947782984506e+01,2.083693312742962007e+02
2.048999999999999844e+01,5.724059189515080803e-03,9.764357613717663045e-03,1.456078691669540452e-02,5.724059189515080803e-03,4.040298424202582242e-03,4.796429302977741477e-03,3.663397881289651536e+01,2.585790991489652768e+01,1.534857376952877317e+01,3.663397881289651536e+01,2.335213874919654415e+02
2.050000000000000000e+01,6.209679482707350720e-03,1.072507168977408429e-02,1.606865081939926054e-02,6.209679482707350720e-03,4.515392207066733568e-03,5.343579129625176255e-03,3.974194868932704594e+01,2.889851012522709439e+01,1.709945321480056535e+01,3.974194868932704594e+01,2.572197360880641099e+02
2.051000000000000156e+01,6.658133497774837949e-03,1.161858695272565377e-02,1.746991439654589640e-02,6.658133497774837949e-03,4.960453454950815820e-03,5.851327443820242627e-03,4.261205438575895954e+01,3.174690211168521969e+01,1.872424782022477530e+01,4.261205438575895954e+01,2.792496129530068742e+02
2.051999999999999957e+01,7.068422895541937902e-03,1.243633967414639781e-02,1.875362879243723871e-02,7.068422895541937902e-03,5.367916778604459906e-03,6.317289118290840902e-03,4.523790653146840413e+01,3.435466738306854495e+01,2.021532517853069066e+01,4.523790653146840413e+01,2.994236972792028837e+02
2.053000000000000114e+01,7.439473484256244745e-03,1.317057080411361547e-02,1.990977749817342615e-02,7.439473484256244745e-03,5.731097319857370725e-03,6.739206694059810682e-03,4.761263029923996726e+01,3.667902284708717531e+01,2.156546142099139374e+01,4.761263029923996726e+01,3.175713437019555840e+02
2.053999999999999915e+01,7.770060611354857004e-03,1.381462387177707050e-02,2.092940638123159600e-02,7.770060611354857004e-03,6.044563260422213501e-03,7.114782509454525491e-03,4.972838791267108149e+01,3.868520486670216485e+01,2.276730403025448268e+01,4.972838791267108149e+01,3.335426904288831338e+02
2.055000000000000071e+01,8.059333137208695916e-03,1.436374028635342866e-02,2.180531234858242365e-02,8.059333137208695916e-03,6.304407149144732742e-03,7.441572062228994991e-03,5.157973207813565608e+01,4.034820575452629043e+01,2.381303059913278375e+01,5.157973207813565608e+01,3.472229052953841801e+02
2.055999999999999872e+01,8.307023977775737297e-03,1.481543271367412665e-02,2.253238420779563739e-02,8.307023977775737297e-03,6.508408735898389350e-03,7.716951494121510741e-03,5.316495345776471737e+01,4.165381590974968873e+01,2.469424478118883570e+01,5.316495345776471737e+01,3.585390424461097609e+02
2.057000000000000028e+01,8.513030046753895450e-03,1.516910980249596558e-02,2.310727384450574767e-02,8.513030046753895450e-03,6.656079755742070128e-03,7.938164042009782095e-03,5.448339229922493132e+01,4.259891043674925015e+01,2.540212493443130271e+01,5.448339229922493132e+01,3.674532830112163992e+02
2.057999999999999829e+01,8.676866247049139919e-03,1.542544564504322487e-02,2.352788744078815331e-02,8.676866247049139919e-03,6.748579397994084947e-03,8.102441795744928441e-03,5.553194398111449459e+01,4.319090814716214055e+01,2.592781374638376946e+01,5.553194398111449459e+01,3.739519976239812422e+02
2.058999999999999986e+01,8.797551223872298112e-03,1.558605391222639587e-02,2.379324461551166406e-02,8.797551223872298112e-03,6.788502688354097758e-03,8.207190703285268188e-03,5.630432783278271103e+01,4.344641720546622565e+01,2.626301025051285976e+01,5.630432783278271103e+01,3.780412658662853573e+02
2.060000000000000142e+01,8.873814978069239148e-03,1.565337989238660063e-02,2.390359936043038799e-02,8.873814978069239148e-03,6.779564914317361482e-03,8.250219468043787363e-03,5.679241585964312833e+01,4.338921545163111659e+01,2.640070229774011779e+01,5.679241585964312833e+01,3.797470008270430526e+02
2.060999999999999943e+01,8.904053618502561981e-03,1.563026892614494123e-02,2.386025665707855459e-02,8.904053618502561981e-03,6.726215307642379251e-03,8.229987730933613355e-03,5.698594315841639713e+01,4.304777796891122676e+01,2.633596073898756273e+01,5.698594315841639713e+01,3.791090455989455563e+02
2.062000000000000099e+01,8.885977971214291046e-03,1.551918817977901606e-02,2.366503429757740862e-02,8.885977971214291046e-03,6.633210208564725013e-03,8.145846117798392558e-03,5.687025901577145959e+01,4.245254533481423920e+01,2.606670757695485463e+01,5.687025901577145959e+01,3.761685357826216887e+02
2.062999999999999901e+01,8.816647878569458877e-03,1.532182522265833173e-02,2.332006564447967889e-02,8.816647878569458877e-03,6.505177344088872854e-03,7.998240421821347160e-03,5.642654642284453814e+01,4.163313500216878538e+01,2.559436934982831247e+01,5.642654642284453814e+01,3.709621523245248795e+02
2.064000000000000057e+01,8.693269690657652593e-03,1.503948664596360153e-02,2.282834125981706916e-02,8.693269690657652593e-03,6.346216955305948940e-03,7.788854613853467626e-03,5.563692602020897482e+01,4.061578851395807277e+01,2.492433476433109618e+01,5.563692602020897482e+01,3.635311478954944278e+02
2.064999999999999858e+01,8.514103487431121803e-03,1.467369761291597609e-02,2.219437043934013865e-02,8.514103487431121803e-03,6.159594125484854285e-03,7.520672826424162558e-03,5.449026231955917865e+01,3.942140240310306609e+01,2.406615304455732129e+01,5.449026231955917865e+01,3.539334533016586875e+02
2.066000000000000014e+01,8.278769431188000294e-03,1.422633150954901761e-02,2.142428012035525742e-02,8.278769431188000294e-03,5.947562078361017315e-03,7.197948610806239808e-03,5.298412435960320011e+01,3.806439730151051037e+01,2.303343555457996672e+01,5.298412435960320011e+01,3.422458716470810032e+02
2.067000000000000171e+01,7.988256590074706981e-03,1.369958721496321308e-02,2.052566670319100686e-02,7.988256590074706981e-03,5.711330624888506097e-03,6.826079488227793785e-03,5.112484217647812557e+01,3.655251599928644168e+01,2.184345436232894144e+01,5.112484217647812557e+01,3.285624376142804977e+02
2.067999999999999972e+01,7.645030354325069860e-03,1.309620685906157794e-02,1.950760163643894957e-02,7.645030354325069860e-03,5.451176504736508083e-03,6.411394777377371623e-03,4.892819426768044622e+01,3.488752963031365084e+01,2.051646328760758919e+01,4.892819426768044622e+01,3.129965615568050907e+02
2.069000000000000128e+01,7.252761876635401353e-03,1.241943832129903218e-02,1.838031205497991580e-02,7.252761876635401353e-03,5.166676444663630824e-03,5.960873733680883621e-03,4.641767601046657177e+01,3.306672924584723461e+01,1.907479594777882781e+01,4.641767601046657177e+01,2.956776036122778919e+02
2.069999999999999929e+01,6.815589796033567557e-03,1.167261223988545413e-02,1.715443029570713068e-02,6.815589796033567557e-03,4.857022443851886570e-03,5.481818055821676555e-03,4.361977469461483281e+01,3.108494364065207449e+01,1.754181777862936542e+01,4.361977469461483281e+01,2.767396083416888359e+02
2.071000000000000085e+01,6.338008390643697088e-03,1.085938201269848885e-02,1.584088897743193142e-02,6.338008390643697088e-03,4.521373622054791763e-03,4.981506964733442566e-03,4.056325370011965958e+01,2.893679118115066728e+01,1.594082228714701621e+01,4.056325370011965958e+01,2.563226015052520097e+02
2.071999999999999886e+01,5.825637920822164008e-03,9.984855856118940443e-03,1.445172024874313496e-02,5.825637920822164008e-03,4.159217935296776435e-03,4.466864392624194519e-03,3.728408269326185120e+01,2.661899478589936763e+01,1.429396605639742290e+01,3.728408269326185120e+01,2.345911306066759323e+02
2.073000000000000043e+01,5.285311722011612826e-03,9.056035366997490163e-03,1.300020220244109577e-02,5.285311722011612826e-03,3.770723644985877337e-03,3.944166835443605607e-03,3.382599502087432342e+01,2.413263132790961407e+01,1.262133387341953750e+01,3.382599502087432342e+01,2.117398806666104178e+02
2.073999999999999844e+01,4.723663716889480411e-03,8.080698096899359070e-03,1.149951503658473186e-02,4.723663716889480411e-03,3.357034380009878659e-03,3.418816939685372785e-03,3.023144778809267308e+01,2.148502003206322186e+01,1.094021420699319336e+01,3.023144778809267308e+01,1.879700460814472649e+02
2.075000000000000000e+01,4.145746966386715943e-03,7.066191301520306431e-03,9.961392578792577571e-03,4.145746966386715943e-03,2.920444335133590488e-03,2.895201277272271140e-03,2.653278058487498114e+01,1.869084374485498046e+01,9.264644087271268091e+00,2.653278058487498114e+01,1.634648052510036678e+02
2.076000000000000156e+01,3.555172627670076177e-03,6.019592456763337047e-03,8.396233899360559458e-03,3.555172627670076177e-03,2.464419829093260871e-03,2.376641442597222410e-03,2.275310481708848798e+01,1.577228690619686979e+01,7.605252616311111602e+00,2.275310481708848798e+01,1.383919330187894161e+02
2.076999999999999957e+01,2.955081122505137138e-03,4.948563200183300065e-03,6.814000666310050282e-03,2.955081122505137138e-03,1.993482077678162927e-03,1.865437466126750217e-03,1.891251918403287746e+01,1.275828529714024206e+01,5.969399891605601027e+00,1.891251918403287746e+01,1.129206131183361634e+02
2.078000000000000114e+01,2.348660103821753956e-03,3.861647764287991572e-03,5.224641276097583519e-03,2.348660103821753956e-03,1.512987660466237616e-03,1.362993511809591947e-03,1.503142466445922487e+01,9.683121026983920743e+00,4.361579237790694563e+00,1.503142466445922487e+01,8.722837478770151165e+01
2.078999999999999915e+01,1.739259440850508169e-03,2.768099914580037565e-03,3.638108729826255126e-03,1.739259440850508169e-03,1.028840473729529395e-03,8.700088152462175616e-04,1.113126042144325289e+01,6.584579031868988075e+00,2.784028208787896030e+00,1.113126042144325289e+01,6.149960298630040256e+01
2.080000000000000071e+01,1.130562323710830380e-03,1.677729846363255070e-03,2.064441906992807441e-03,1.130562323710830380e-03,5.471675226524246906e-04,3.867120606295523701e-04,7.235598871749314043e+00,3.501872144975517909e+00,1.237478594014567612e+00,7.235598871749314043e+00,3.592484883221820269e+01
2.080999999999999872e+01,5.265417021161920624e-04,6.005320435834388083e-04,5.136470344210907575e-04,5.265417021161920624e-04,7.399034146724674590e-05,-8.688500916234805083e-05,3.369866893543629338e+00,4.735381853903791738e-01,-2.780320293195137626e-01,3.369866893543629338e+00,1.069611914884348458e+01
2.082000000000000028e+01,-6.882706292520155875e-05,-4.539101173029985010e-04,-1.004649208081777973e-03,-6.882706292520155875e-05,-3.850830543777969558e-04,-5.507390907787794183e-04,-4.404932027212900003e-01,-2.464531548017900420e+00,-1.762365090492094222e+00,-4.404932027212900003e-01,-1.400216952369385481e+01
2.082999999999999829e+01,-6.514785352331103679e-04,-1.476601132375121844e-03,-2.481155488055968548e-03,-6.514785352331103679e-04,-8.251225971420114757e-04,-1.004554355680846705e-03,-4.169462625491906493e+00,-5.280784621708873416e+00,-3.214573938178709511e+00,-4.169462625491906493e+00,-3.799446355613847004e+01
2.083999999999999986e+01,-1.216805969307021206e-03,-2.458874365656655778e-03,-3.906481938518362694e-03,-1.216805969307021206e-03,-1.242068396349634571e-03,-1.447607572861706916e-03,-7.787558203564935333e+00,-7.949237736637661200e+00,-4.632344233157462021e+00,-7.787558203564935333e+00,-6.110742052008017566e+01
2.085000000000000142e+01,-1.759622584682512441e-03,-3.392450916675610832e-03,-5.271083145186906092e-03,-1.759622584682512441e-03,-1.632828331993098391e-03,-1.878632228511295261e-03,-1.126158454196808023e+01,-1.045010132475582942e+01,-6.011623131236144779e+00,-1.126158454196808023e+01,-8.316992699388015353e+01
2.085999999999999943e+01,-2.274663825336279907e-03,-4.269943908315234661e-03,-6.565711825560879324e-03,-2.274663825336279907e-03,-1.995280082978954754e-03,-2.295767917245644663e-03,-1.455784848215219185e+01,-1.276979253106530976e+01,-7.346457335186062920e+00,-1.455784848215219185e+01,-1.040222950452106829e+02
2.087000000000000099e+01,-2.757062815281844000e-03,-5.085256664290845226e-03,-7.781831387717630041e-03,-2.757062815281844000e-03,-2.328193849009001226e-03,-2.696574723426784816e-03,-1.764520201780380049e+01,-1.490044063365760785e+01,-8.629039114965712187e+00,-1.764520201780380049e+01,-1.235240452992813545e+02
2.087999999999999901e+01,-3.202727629562650974e-03,-5.833825645290932616e-03,-8.911932282319838527e-03,-3.202727629562650974e-03,-2.631098015728281642e-03,-3.078106637028905912e-03,-2.049745682920096712e+01,-1.683902730066100162e+01,-9.849941238492498030e+00,-2.049745682920096712e+01,-1.415592761050634181e+02
2.089000000000000057e+01,-3.608830672367585157e-03,-6.512945143231929808e-03,-9.949978875144370113e-03,-3.608830672367585157e-03,-2.904114470864344651e-03,-3.437033731912440306e-03,-2.309651630315254422e+01,-1.858633261353180544e+01,-1.099850794211980975e+01,-2.309651630315254422e+01,-1.580440705764124800e+02
2.089999999999999858e+01,-3.973972841632207598e-03,-7.121762588763938875e-03,-1.089156271793457684e-02,-3.973972841632207598e-03,-3.147789747131731278e-03,-3.769800129170637962e-03,-2.543342618644612685e+01,-2.014585438164307973e+01,-1.206336041334604126e+01,-2.543342618644612685e+01,-1.729279229443057488e+02
2.091000000000000014e+01,-4.297623972789692097e-03,-7.660557897982821912e-03,-1.173336139978889935e-02,-4.297623972789692097e-03,-3.362933925193129815e-03,-4.072803501806077434e-03,-2.750479342585402875e+01,-2.152277712123603237e+01,-1.303297120577944845e+01,-2.750479342585402875e+01,-1.861816252586085056e+02
2.092000000000000171e+01,-4.579542225693416894e-03,-8.130008664823362360e-03,-1.247259020955674216e-02,-4.579542225693416894e-03,-3.550466439129945466e-03,-4.342581544733379803e-03,-2.930907024443786923e+01,-2.272298521043165209e+01,-1.389626094314681559e+01,-2.930907024443786923e+01,-1.977849491940490054e+02
2.092999999999999972e+01,-4.819866264284387684e-03,-8.531140721513300051e-03,-1.310713195866759252e-02,-4.819866264284387684e-03,-3.711274457228912367e-03,-4.575991237154292471e-03,-3.084714409142008051e+01,-2.375215652626503982e+01,-1.464317195889373657e+01,-3.084714409142008051e+01,-2.077274177297366009e+02
2.094000000000000128e+01,-5.019368484685017562e-03,-8.865469154983113970e-03,-1.363583728299411733e-02,-5.019368484685017562e-03,-3.846100670298096408e-03,-4.770368128011003364e-03,-3.212395830198411062e+01,-2.461504428990781790e+01,-1.526517800963521054e+01,-3.212395830198411062e+01,-2.160125418045814172e+02
2.094999999999999929e+01,-5.179318247532530527e-03,-9.134791264163989039e-03,-1.405844664017784004e-02,-5.179318247532530527e-03,-3.955473016631458512e-03,-4.923655376013851004e-03,-3.314763678420819559e+01,-2.531502730644133337e+01,-1.575569720324432410e+01,-3.314763678420819559e+01,-2.226550838816815485e+02
2.096000000000000085e+01,-5.301459630911702775e-03,-9.341140259333913232e-03,-1.437563580216898694e-02,-5.301459630911702775e-03,-4.039680628422210457e-03,-5.034495542835073709e-03,-3.392934163783489510e+01,-2.585395602190214603e+01,-1.611038573707223520e+01,-3.392934163783489510e+01,-2.276810501904278397e+02
2.096999999999999886e+01,-5.388326790976546120e-03,-9.487128186791232709e-03,-1.458941004057232385e-02,-5.388326790976546120e-03,-4.098801395814686589e-03,-5.102281853781091142e-03,-3.448529146224989717e+01,-2.623232893321399573e+01,-1.632730193209949121e+01,-3.448529146224989717e+01,-2.311347669826901665e+02
2.098000000000000043e+01,-5.443023501691891981e-03,-9.575803713627454791e-03,-1.470297323886733155e-02,-5.443023501691891981e-03,-4.132780211935562810e-03,-5.127169525239876763e-03,-3.483535041082810579e+01,-2.644979335638760176e+01,-1.640694248076760431e+01,-3.483535041082810579e+01,-2.330762587439499498e+02
2.098999999999999844e+01,-5.468173613893522605e-03,-9.609707660576904259e-03,-1.471975876862581870e-02,-5.468173613893522605e-03,-4.141534046683381654e-03,-5.110051108048914437e-03,-3.499631112891854201e+01,-2.650581789877364258e+01,-1.635216354575652531e+01,-3.499631112891854201e+01,-2.335628777203461368e+02
2.100000000000000000e+01,-5.465211591091899586e-03,-9.590260193177938680e-03,-1.464276197345969546e-02,-5.465211591091899586e-03,-4.125048602086039094e-03,-5.052501780281756782e-03,-3.497735418298815802e+01,-2.640031105335064865e+01,-1.616800569690162348e+01,-3.497735418298815802e+01,-2.326370127997212762e+02
2.101000000000000156e+01,-5.434932406704514642e-03,-9.518384922764596898e-03,-1.447508608205380284e-02,-5.434932406704514642e-03,-4.083452516060082256e-03,-4.956701159289205946e-03,-3.478356740290889348e+01,-2.613409610278452533e+01,-1.586144370972545836e+01,-3.478356740290889348e+01,-2.303373216462566404e+02
2.101999999999999957e+01,-5.378439522532294827e-03,-9.395521725229515758e-03,-1.422086011133637772e-02,-5.378439522532294827e-03,-4.017082202697220931e-03,-4.825338386106861957e-03,-3.442201294420668489e+01,-2.570932609726221330e+01,-1.544108283554195893e+01,-3.442201294420668489e+01,-2.267172656310325465e+02
2.103000000000000114e+01,-5.297055226504585219e-03,-9.223600850630503736e-03,-1.388510836271120846e-02,-5.297055226504585219e-03,-3.926545624125918517e-03,-4.661507512080704727e-03,-3.390115344962934785e+01,-2.512989199440587740e+01,-1.491682403865825535e+01,-3.390115344962934785e+01,-2.218436084480804311e+02
2.103999999999999915e+01,-5.191221717847372026e-03,-9.003986167160299772e-03,-1.347258620749842463e-02,-5.191221717847372026e-03,-3.812764449312927746e-03,-4.468600040338124857e-03,-3.322381899422317986e+01,-2.440169247560273647e+01,-1.429952012908199954e+01,-3.322381899422317986e+01,-2.157750947967237494e+02
2.105000000000000071e+01,-5.059903620076336775e-03,-8.736868575796481740e-03,-1.298706865657947053e-02,-5.059903620076336775e-03,-3.676964955720144965e-03,-4.250200080782988790e-03,-3.238338316848855669e+01,-2.353257571660892822e+01,-1.360064025850556391e+01,-3.238338316848855669e+01,-2.085497974308091500e+02
2.105999999999999872e+01,-4.901494266930833503e-03,-8.422112395669974910e-03,-1.243209770676485283e-02,-4.901494266930833503e-03,-3.520618128739141407e-03,-4.009985311094877922e-03,-3.136956330835733553e+01,-2.253195602393050478e+01,-1.283195299550360957e+01,-3.136956330835733553e+01,-2.002004169833743390e+02
2.107000000000000028e+01,-4.715395048630920301e-03,-8.060761512040498164e-03,-1.181239668617801476e-02,-4.715395048630920301e-03,-3.345366463409577863e-03,-3.751635174137516598e-03,-3.017852831123789059e+01,-2.141034536582129988e+01,-1.200523255724005267e+01,-3.017852831123789059e+01,-1.907823187028977259e+02
2.107999999999999829e+01,-4.502589117976863939e-03,-7.655564483763832931e-03,-1.113431190286523660e-02,-4.502589117976863939e-03,-3.152975365786968992e-03,-3.478747419101403671e-03,-2.881657035505192965e+01,-2.017904234103660244e+01,-1.113199174112449086e+01,-2.881657035505192965e+01,-1.803828133116390688e+02
2.108999999999999986e+01,-4.264792740555631463e-03,-7.210104148108589794e-03,-1.040486882413490903e-02,-4.264792740555631463e-03,-2.945311407552958331e-03,-3.194764676026319236e-03,-2.729467353955604025e+01,-1.884999300833893443e+01,-1.022324696328422178e+01,-2.729467353955604025e+01,-1.691037405335375752e+02
2.110000000000000142e+01,-4.003612094959773694e-03,-6.727935835049722937e-03,-9.630848825809864081e-03,-4.003612094959773694e-03,-2.724323740089949243e-03,-2.902912990760141143e-03,-2.562311740774255142e+01,-1.743567193657567671e+01,-9.289321570432452546e+00,-2.562311740774255142e+01,-1.570443327442520172e+02
2.110999999999999943e+01,-3.720842990192645573e-03,-6.212860769358202750e-03,-8.819014485938952291e-03,-3.720842990192645573e-03,-2.492017779165557178e-03,-2.606153716580749541e-03,-2.381339513723293067e+01,-1.594891378665956516e+01,-8.339691893058398975e+00,-2.381339513723293067e+01,-1.443060024508527022e+02
2.112000000000000099e+01,-3.419069393984032305e-03,-5.669502479739286366e-03,-7.976651974581718679e-03,-3.419069393984032305e-03,-2.250433085755254060e-03,-2.307149494842432313e-03,-2.188204412149780609e+01,-1.440277174883362576e+01,-7.382878383495783403e+00,-2.188204412149780609e+01,-1.310030827614816644e+02
2.112999999999999901e+01,-3.101340952102898865e-03,-5.102972919952149938e-03,-7.111217629182113066e-03,-3.101340952102898865e-03,-2.001631967849251074e-03,-2.008244709229963128e-03,-1.984858209345855329e+01,-1.281044459423520721e+01,-6.426383069535882342e+00,-1.984858209345855329e+01,-1.172562292716889232e+02
2.114000000000000057e+01,-2.770503312855993397e-03,-4.518189794377865283e-03,-6.229650187911123065e-03,-2.770503312855993397e-03,-1.747686481521871886e-03,-1.711460393533257782e-03,-1.773122120227835907e+01,-1.118519348173997940e+01,-5.476673259306425123e+00,-1.773122120227835907e+01,-1.031792638299742890e+02
2.114999999999999858e+01,-2.429306643389074222e-03,-3.919961819865327990e-03,-5.338464604817984988e-03,-2.429306643389074222e-03,-1.490655176476253767e-03,-1.418502784952656998e-03,-1.554756251769007491e+01,-9.540193129448024223e+00,-4.539208911848502837e+00,-1.554756251769007491e+01,-8.888089367695980059e+01
2.116000000000000014e+01,-2.080871886162204577e-03,-3.313430086880088214e-03,-4.444214000053255294e-03,-2.080871886162204577e-03,-1.232558200717883638e-03,-1.130783913173167080e-03,-1.331758007143811007e+01,-7.888372484594455614e+00,-3.618508522154134432e+00,-1.331758007143811007e+01,-7.447338323456010301e+01
2.117000000000000171e+01,-1.728619364368467722e-03,-2.703978977134602942e-03,-3.553431186708451775e-03,-1.728619364368467722e-03,-9.753596127661352203e-04,-8.494522095738488328e-04,-1.106316393195819359e+01,-6.242301521703265799e+00,-2.718247070636316209e+00,-1.106316393195819359e+01,-6.007113757289332767e+01
2.117999999999999972e+01,-1.375986879004887807e-03,-2.096941722137891755e-03,-2.672372703825721344e-03,-1.375986879004887807e-03,-7.209548431330039479e-04,-5.754309816878295895e-04,-8.806316025631282685e+00,-4.614110996051225655e+00,-1.841379141401054742e+00,-8.806316025631282685e+00,-4.578541848925068791e+01
2.119000000000000128e+01,-1.026502919959841045e-03,-1.497664249830286780e-03,-1.807126749880485226e-03,-1.026502919959841045e-03,-4.711613298704457348e-04,-3.094625000501984458e-04,-6.569618687742982743e+00,-3.015432511170852869e+00,-9.902800001606349989e-01,-6.569618687742982743e+00,-3.172599359722341461e+01
2.119999999999999929e+01,-6.836922022307959784e-04,-9.114052894224438078e-04,-9.635606982704027863e-04,-6.836922022307959784e-04,-2.277130871916478293e-04,-5.215540884795897853e-05,-4.375630094277093818e+00,-1.457363758026546163e+00,-1.668973083134687174e-01,-4.375630094277093818e+00,-1.799967348185132465e+01
2.121000000000000085e+01,-3.503450066777156796e-04,-3.425944991644857261e-04,-1.466275678253183717e-04,-3.503450066777156796e-04,7.750507513229953557e-06,1.959669313391673544e-04,-2.242208042737380502e+00,4.960324808467170277e-02,6.270941802853355895e-01,-2.242208042737380502e+00,-4.696531843102119019e+00
2.121999999999999886e+01,-2.787572481115531544e-05,2.058440081272210672e-04,6.402640924721816939e-04,-2.787572481115531544e-05,2.337197329383763759e-04,4.344200843449606267e-04,-1.784046387913940102e-01,1.495806290805608896e+00,1.390144269903873964e+00,-1.784046387913940102e-01,8.122637765754266326e+00
2.123000000000000043e+01,2.833674683867666274e-04,7.322440850515038761e-04,1.394962018941651007e-03,2.833674683867666274e-04,4.488766166647372487e-04,6.627179338901471308e-04,1.813551797675306387e+00,2.872810346654318447e+00,2.120697388448470999e+00,1.813551797675306387e+00,2.042117859833428639e+01
2.123999999999999844e+01,5.831847502447741211e-04,1.235347263423049787e-03,2.115689285145101566e-03,5.831847502447741211e-04,6.521625131782756660e-04,8.803420217220517784e-04,3.732382401566554542e+00,4.173840084340964651e+00,2.817094469510565524e+00,3.732382401566554542e+00,3.216995086625425415e+01
2.125000000000000000e+01,8.709854096969492279e-04,1.713808985648295445e-03,2.800533300996212345e-03,8.709854096969492279e-04,8.428235759513462173e-04,1.086724315347916900e-03,5.574306622060475114e+00,5.394070886088615957e+00,3.477517809113334302e+00,5.574306622060475114e+00,4.333768595178727878e+01
2.126000000000000156e+01,1.145919592078299383e-03,2.166342247951603614e-03,3.447587461568013632e-03,1.145919592078299383e-03,1.020422655873304231e-03,1.281245213616410018e-03,7.333885389301116220e+00,6.530704997589147354e+00,4.099984683572512445e+00,7.333885389301116220e+00,5.389372521138832894e+01
2.126999999999999957e+01,1.407172226392352067e-03,2.591994840966150692e-03,4.055241486358588179e-03,1.407172226392352067e-03,1.184822614573798625e-03,1.463246645392437487e-03,9.005902248911052510e+00,7.582864733272311142e+00,4.682389265255800126e+00,9.005902248911052510e+00,6.381346874231748956e+01
2.128000000000000114e+01,1.653889720065540147e-03,2.990037107177287087e-03,4.622095500093011816e-03,1.653889720065540147e-03,1.336147387111746940e-03,1.632058392915724729e-03,1.058489420841945616e+01,8.551343277515179864e+00,5.222586857330319354e+00,1.058489420841945616e+01,7.307647302979486881e+01
2.128999999999999915e+01,1.884878070030016279e-03,3.359598510954390441e-03,5.146632813516475481e-03,1.884878070030016279e-03,1.474720440924374163e-03,1.787034302562085040e-03,1.206321964819210457e+01,9.438210821915994586e+00,5.718509768198671850e+00,1.206321964819210457e+01,8.165982071492031480e+01
2.130000000000000071e+01,2.098661246820226946e-03,3.699643748249929753e-03,5.627237540085059352e-03,2.098661246820226946e-03,1.600982501429702807e-03,1.927593791835129598e-03,1.343143197964945301e+01,1.024628800915009741e+01,6.168300133872414825e+00,1.343143197964945301e+01,8.953806036801589130e+01
2.130999999999999872e+01,2.293835114935383838e-03,4.009236005197252574e-03,6.062499289196669056e-03,2.293835114935383838e-03,1.715400890261868736e-03,2.053263283999416482e-03,1.468054473558645689e+01,1.097856569767595936e+01,6.570442508798132408e+00,1.468054473558645689e+01,9.668865882618163710e+01
2.132000000000000028e+01,2.468827408160233303e-03,4.287207920593041378e-03,6.450920028280095891e-03,2.468827408160233303e-03,1.818380512432808075e-03,2.163712107687054513e-03,1.580049541222549259e+01,1.163763527956997201e+01,6.923878744598574109e+00,1.580049541222549259e+01,1.030860283091821117e+02
2.132999999999999829e+01,2.621275081730508379e-03,4.531447439438829154e-03,6.790225147293990800e-03,2.621275081730508379e-03,1.910172357708320775e-03,2.258777707855161646e-03,1.677616052307525507e+01,1.222510308933325263e+01,7.228088665136517044e+00,1.677616052307525507e+01,1.086880568326350840e+02
2.133999999999999986e+01,2.748601083251827996e-03,4.739385148541820809e-03,7.077860706170800709e-03,2.748601083251827996e-03,1.990784065289992813e-03,2.338475557628979899e-03,1.759104693281170029e+01,1.274101801785595356e+01,7.483121784412735344e+00,1.759104693281170029e+01,1.134455602052411649e+02
2.135000000000000142e+01,2.849621497383963975e-03,4.909549291165499728e-03,7.312539888826582492e-03,2.849621497383963975e-03,2.059927793781535753e-03,2.402990597661082764e-03,1.823757758325736944e+01,1.318353788020182904e+01,7.689569912515464623e+00,1.823757758325736944e+01,1.173320561279239911e+02
2.135999999999999943e+01,2.924632695396021942e-03,5.041667651429958263e-03,7.494317499315173749e-03,2.924632695396021942e-03,2.117034956033936322e-03,2.452649847885215485e-03,1.871764925053454220e+01,1.354902371861719246e+01,7.848479513232689442e+00,1.871764925053454220e+01,1.203454574471532794e+02
2.137000000000000099e+01,2.973492807791197536e-03,5.134806334082617912e-03,7.622685234824658554e-03,2.973492807791197536e-03,2.161313526291420376e-03,2.487878900742040642e-03,1.903035396986366479e+01,1.383240656826509074e+01,7.961212482374530275e+00,1.903035396986366479e+01,1.224719190615098512e+02
2.137999999999999901e+01,2.994902462245050204e-03,5.186704951378107685e-03,7.695851613424420715e-03,2.994902462245050204e-03,2.191802489133057481e-03,2.509146662046313030e-03,1.916737575836832264e+01,1.402753593045156855e+01,8.029269318548202250e+00,1.916737575836832264e+01,1.236725430221042785e+02
2.139000000000000057e+01,2.988291082761940654e-03,5.195719048481369645e-03,7.712622253361270039e-03,2.988291082761940654e-03,2.207427965719428991e-03,2.516903204879900394e-03,1.912506292967642096e+01,1.412753898060434565e+01,8.054090255615681926e+00,1.912506292967642096e+01,1.239200764976893367e+02
2.139999999999999858e+01,2.955039543796088471e-03,5.162138912041361848e-03,7.673655442942866993e-03,2.955039543796088471e-03,2.207099368245273377e-03,2.511516530901505145e-03,1.891225308029496688e+01,1.412543595676974917e+01,8.036852898884816909e+00,1.891225308029496688e+01,1.232236258078486060e+02
2.141000000000000014e+01,2.896894992019386026e-03,5.086733268992767697e-03,7.579948654361665095e-03,2.896894992019386026e-03,2.189838276973381671e-03,2.493215385368897398e-03,1.854012794892407001e+01,1.401496497262964347e+01,7.978289233180471562e+00,1.854012794892407001e+01,1.216001464642025525e+02
2.142000000000000171e+01,2.814557861495937605e-03,4.969446030916467062e-03,7.431491364165741971e-03,2.814557861495937605e-03,2.154888169420529458e-03,2.462045333249274909e-03,1.801317031357400111e+01,1.379128428429138786e+01,7.878545066397679264e+00,1.801317031357400111e+01,1.190489989927891941e+02
2.142999999999999972e+01,2.708908976631817407e-03,4.810696758096835897e-03,7.228540407179102380e-03,2.708908976631817407e-03,2.101787781465018490e-03,2.417843649082266483e-03,1.733701745044363207e+01,1.345144180137611833e+01,7.737099677063252301e+00,1.733701745044363207e+01,1.155766767866490170e+02
2.144000000000000128e+01,2.582276359961534640e-03,4.612712542296119184e-03,6.972949249054520050e-03,2.582276359961534640e-03,2.030436182334584543e-03,2.360236706758400867e-03,1.652656870375382070e+01,1.299479156694134119e+01,7.552757461626883106e+00,1.652656870375382070e+01,1.112223531969661394e+02
2.144999999999999929e+01,2.437232369304218396e-03,4.378384037711792812e-03,6.667046183568446291e-03,2.437232369304218396e-03,1.941151668407574415e-03,2.288662145856653479e-03,1.559828716354699729e+01,1.242337067780847626e+01,7.323718866741291578e+00,1.559828716354699729e+01,1.060361301242902954e+02
2.146000000000000085e+01,2.275096254601239286e-03,4.109781734733093661e-03,6.312197781965417191e-03,2.275096254601239286e-03,1.834685480131854375e-03,2.202416047232323530e-03,1.456061602944793165e+01,1.174198707284386778e+01,7.047731351143434964e+00,1.456061602944793165e+01,1.000510033603056996e+02
2.146999999999999886e+01,2.096577273656657740e-03,3.808751851108583761e-03,5.909474100209481835e-03,2.096577273656657740e-03,1.712174577451926021e-03,2.100722249100898074e-03,1.341809455140260887e+01,1.095791729569232587e+01,6.722311197122873949e+00,1.341809455140260887e+01,9.329496913265342073e+01
2.148000000000000043e+01,1.903002554044445514e-03,3.478065737747275399e-03,5.460883839470615127e-03,1.903002554044445514e-03,1.575063183702829885e-03,1.982818101723339728e-03,1.217921634588445201e+01,1.008040437569811054e+01,6.345017925514687462e+00,1.217921634588445201e+01,8.581391594129175360e+01
2.148999999999999844e+01,1.696152234844959484e-03,3.121172035524509732e-03,4.969221508506596434e-03,1.696152234844959484e-03,1.425019800679550247e-03,1.848049472982086702e-03,1.085537430300774098e+01,9.120126724349121972e+00,5.913758313542677669e+00,1.085537430300774098e+01,7.766777802269862718e+01
2.150000000000000000e+01,1.477717198217869555e-03,2.741567996830415830e-03,4.437535326281174218e-03,1.477717198217869555e-03,1.263850798612546275e-03,1.695967329450758388e-03,9.457390068594365928e+00,8.088645111120296605e+00,5.427095454242427230e+00,9.457390068594365928e+00,6.891939190187126485e+01
2.151000000000000156e+01,1.249543859283498183e-03,2.342957204166913956e-03,3.869375417744974448e-03,1.249543859283498183e-03,1.093413344883415773e-03,1.526418213578060491e-03,7.997080699414388150e+00,6.997845407253860728e+00,4.884538283449793461e+00,7.997080699414388150e+00,5.963839317035412790e+01
2.151999999999999957e+01,1.013783375116579163e-03,1.929323656166170376e-03,3.268945197184795499e-03,1.013783375116579163e-03,9.155402810495912123e-04,1.339621541018625123e-03,6.488213600746107090e+00,5.859457798717383703e+00,4.286788931259600588e+00,6.488213600746107090e+00,4.990338099216927503e+01
2.153000000000000114e+01,7.725402050097605238e-04,1.504521846185488633e-03,2.640749730514563732e-03,7.725402050097605238e-04,7.319816411757281089e-04,1.136227884329075099e-03,4.944257312062467768e+00,4.684682503524659758e+00,3.635929229853040123e+00,4.944257312062467768e+00,3.979460713632050073e+01
2.153999999999999915e+01,5.280479090953149992e-04,1.072412667127947087e-03,1.989766707417288828e-03,5.280479090953149992e-04,5.443647580326320878e-04,9.173540402893417406e-04,3.379506618210016189e+00,3.483934451408845501e+00,2.935532928925893792e+00,3.379506618210016189e+00,2.939692199563426556e+01
2.155000000000000071e+01,2.832257092154014263e-04,6.374107912317082290e-04,1.322003513763810771e-03,2.832257092154014263e-04,3.541850820163068027e-04,6.845927225321025425e-04,1.812644538978569031e+00,2.266784524904363440e+00,2.190696712102728316e+00,1.812644538978569031e+00,1.881037732795698147e+01
2.155999999999999872e+01,4.139561471204724805e-05,2.042282952239143359e-04,6.442254566243888056e-04,4.139561471204724805e-05,1.628326805118670878e-04,4.399971614004744968e-04,2.649319341571023667e-01,1.042129155275949293e+00,1.407990916481518306e+00,2.649319341571023667e-01,8.145156017743708787e+00
2.157000000000000028e+01,-1.943752295292218229e-04,-2.227361564740077315e-04,-3.669301955476455526e-05,-1.943752295292218229e-04,-2.836092694478590864e-05,1.860431369192431898e-04,-1.244001468987019576e+00,-1.815099324466298292e-01,5.953380381415782630e-01,-1.244001468987019576e+00,-2.490520089876213206e+00
2.157999999999999829e+01,-4.210203174892800148e-04,-6.390882801370212233e-04,-7.135157439921394496e-04,-4.210203174892800148e-04,-2.180679626477412085e-04,-7.442746385511822636e-05,-2.694530031931392067e+00,-1.395634960945543845e+00,-2.381678843363783105e-01,-2.694530031931392067e+00,-1.298499863163994128e+01
2.158999999999999986e+01,-6.350587285243500897e-04,-1.039957845489368395e-03,-1.378234217189284669e-03,-6.350587285243500897e-04,-4.048991169650183056e-04,-3.382763716999162736e-04,-4.064375862555840158e+00,-2.591354348576117239e+00,-1.082484389439732020e+00,-4.064375862555840158e+00,-2.321464380171506647e+01
2.160000000000000142e+01,-8.334041610249322577e-04,-1.420742208335347033e-03,-2.022888263049267728e-03,-8.334041610249322577e-04,-5.873380473104147749e-04,-6.021460547139206951e-04,-5.333786630559566255e+00,-3.758963502786654587e+00,-1.926867375084546197e+00,-5.333786630559566255e+00,-3.305885252529230200e+01
2.160999999999999943e+01,-1.014427947655012225e-03,-1.778135570687151314e-03,-2.640674259633019917e-03,-1.014427947655012225e-03,-7.637076230321390886e-04,-8.625386889458686035e-04,-6.492338864992078129e+00,-4.887728787405690056e+00,-2.760123804626779531e+00,-6.492338864992078129e+00,-4.242057437107364137e+01
2.162000000000000099e+01,-1.177580895332817120e-03,-2.109765091341716300e-03,-3.225658086409278775e-03,-1.177580895332817120e-03,-9.321841960088991796e-04,-1.115892995067562475e-03,-7.536517730130029236e+00,-5.965978854456954750e+00,-3.570857584216200031e+00,-7.536517730130029236e+00,-5.122006250640954761e+01
2.162999999999999901e+01,-1.322276570712001362e-03,-2.413117228540443294e-03,-3.771773969678813340e-03,-1.322276570712001362e-03,-1.090840657828441931e-03,-1.358656741138370046e-03,-8.462570052556808164e+00,-6.981380210102027917e+00,-4.347701571642784479e+00,-8.462570052556808164e+00,-5.937495550290486790e+01
2.164000000000000057e+01,-1.447822944564104534e-03,-2.685519657990240346e-03,-4.272873471178937829e-03,-1.447822944564104534e-03,-1.237696713426135811e-03,-1.587353813188697484e-03,-9.266066845210268355e+00,-7.921258965927268747e+00,-5.079532202203831837e+00,-9.266066845210268355e+00,-6.680057404002410237e+01
2.164999999999999858e+01,-1.554180348543920780e-03,-2.924960685068487068e-03,-4.723606127493047355e-03,-1.554180348543920780e-03,-1.370780336524566288e-03,-1.798645442424560287e-03,-9.946754230681092324e+00,-8.772994153757224467e+00,-5.755665415758592474e+00,-9.946754230681092324e+00,-7.342624140059072602e+01
2.166000000000000014e+01,-1.642094333770925153e-03,-3.130304502130283953e-03,-5.119690562346378322e-03,-1.642094333770925153e-03,-1.488210168359358800e-03,-1.989386060216094369e-03,-1.050940373613392076e+01,-9.524545077499896095e+00,-6.366035392691501649e+00,-1.050940373613392076e+01,-7.919995261897595640e+01
2.167000000000000171e+01,-1.712566885234488578e-03,-3.300857014955528926e-03,-5.457532171209073142e-03,-1.712566885234488578e-03,-1.588290129721040347e-03,-2.156675156253544216e-03,-1.096042806550072690e+01,-1.016505683021465778e+01,-6.901360500011341159e+00,-1.096042806550072690e+01,-8.408053618718017219e+01
2.167999999999999972e+01,-1.766644018747498502e-03,-3.436243421672821076e-03,-5.734150310927580915e-03,-1.766644018747498502e-03,-1.669599402925322574e-03,-2.297906889254759839e-03,-1.130652171998399069e+01,-1.068543617872206397e+01,-7.353302045615231819e+00,-1.130652171998399069e+01,-8.803577983296386833e+01
2.169000000000000128e+01,-1.805539949172079578e-03,-3.536609585595545599e-03,-5.947428554570336097e-03,-1.805539949172079578e-03,-1.731069636423466021e-03,-2.410818968974790498e-03,-1.155545567470131019e+01,-1.107884567311018209e+01,-7.714620700719329704e+00,-1.155545567470131019e+01,-9.104676614559247128e+01
2.169999999999999929e+01,-1.830450564448444107e-03,-3.602494756524484473e-03,-6.096036481927438050e-03,-1.830450564448444107e-03,-1.772044192076040366e-03,-2.493541725402953577e-03,-1.171488361247004306e+01,-1.134108282928665901e+01,-7.979333521289451170e+00,-1.171488361247004306e+01,-9.310589988913845616e+01
2.171000000000000085e+01,-1.842227516275541299e-03,-3.634537335395182298e-03,-6.179184683117808739e-03,-1.842227516275541299e-03,-1.792309819119640999e-03,-2.544647347722626442e-03,-1.179025610416346481e+01,-1.147078284236570234e+01,-8.142871512712405391e+00,-1.179025610416346481e+01,-9.421173137772471762e+01
2.171999999999999886e+01,-1.841550298591689092e-03,-3.633647462172421693e-03,-6.196845543832941658e-03,-1.841550298591689092e-03,-1.792097163580732601e-03,-2.563198081660519965e-03,-1.178592191098680964e+01,-1.146942184691668842e+01,-8.202233861313663610e+00,-1.178592191098680964e+01,-9.437273285765147079e+01
2.173000000000000043e+01,-1.829492714997638407e-03,-3.601554164484634113e-03,-6.150345318360336128e-03,-1.829492714997638407e-03,-1.772061449486995706e-03,-2.548791153875702015e-03,-1.170875337598488564e+01,-1.134119327671677269e+01,-8.156131692402246003e+00,-1.170875337598488564e+01,-9.361823503531169877e+01
2.173999999999999844e+01,-1.807761916296835459e-03,-3.541020447573163185e-03,-6.042618231666869316e-03,-1.807761916296835459e-03,-1.733258531276327726e-03,-2.501597784093706131e-03,-1.156967626429974771e+01,-1.109285460016849711e+01,-8.005112909099858953e+00,-1.156967626429974771e+01,-9.200293132070432023e+01
2.175000000000000000e+01,-1.778297705791709012e-03,-3.455416292714648743e-03,-5.877810041417967819e-03,-1.778297705791709012e-03,-1.677118586922939731e-03,-2.422393748703319076e-03,-1.138110531706693784e+01,-1.073355895630681367e+01,-7.751659995850620710e+00,-1.138110531706693784e+01,-8.959897280767312111e+01
2.176000000000000156e+01,-1.742721607016351490e-03,-3.348128627309821404e-03,-5.660707700429628425e-03,-1.742721607016351490e-03,-1.605407020293469914e-03,-2.312579073119807021e-03,-1.115341828490464948e+01,-1.027460492987820828e+01,-7.400253033983382522e+00,-1.115341828490464948e+01,-8.648482874629871731e+01
2.176999999999999957e+01,-1.702106314361405718e-03,-3.222269952017089122e-03,-5.396454223894132582e-03,-1.702106314361405718e-03,-1.520163637655683403e-03,-2.174184271877043460e-03,-1.089348041191299643e+01,-9.729047280996374170e+00,-6.957389670006539184e+00,-1.089348041191299643e+01,-8.273975208874773557e+01
2.178000000000000114e+01,-1.656856865314368724e-03,-3.080475674115328716e-03,-5.090335941156217715e-03,-1.656856865314368724e-03,-1.423618808800959992e-03,-2.009860267040888999e-03,-1.060388393801195939e+01,-9.111160376326143506e+00,-6.431552854530845131e+00,-1.060388393801195939e+01,-7.843979150660683786e+01
2.178999999999999915e+01,-1.606459532430800155e-03,-2.924546889160010901e-03,-4.747395801610485196e-03,-1.606459532430800155e-03,-1.318087356729210746e-03,-1.822848912450474295e-03,-1.028134100755712055e+01,-8.435759083066947994e+00,-5.833116519841517800e+00,-1.028134100755712055e+01,-7.365064983139676258e+01
2.180000000000000071e+01,-1.549540060613342762e-03,-2.755384438390468937e-03,-4.372315505936964948e-03,-1.549540060613342762e-03,-1.205844377777126174e-03,-1.616931067546496011e-03,-9.917056387925393679e+00,-7.717404017773607627e+00,-5.174179416148787070e+00,-9.917056387925393679e+00,-6.842591946554335891e+01
2.180999999999999872e+01,-1.484558627940291966e-03,-2.573559424425907183e-03,-3.969909140865050291e-03,-1.484558627940291966e-03,-1.089000796485615217e-03,-1.396349716439143109e-03,-9.501175218817868640e+00,-6.969605097507937330e+00,-4.468319092605257836e+00,-9.501175218817868640e+00,-6.281729822679319142e+01
2.182000000000000028e+01,-1.410488274820390509e-03,-2.379893989586096339e-03,-3.545601130864426288e-03,-1.410488274820390509e-03,-9.694057147657058303e-04,-1.165707141278329948e-03,-9.027124958850500036e+00,-6.204196574500516981e+00,-3.730262852090656001e+00,-9.027124958850500036e+00,-5.688475315632501861e+01
2.182999999999999829e+01,-1.326686184077080066e-03,-2.175275980839342857e-03,-3.105113536819454831e-03,-1.326686184077080066e-03,-8.485897967622627915e-04,-9.298375559801119739e-04,-8.490791578093311642e+00,-5.430974699278482198e+00,-2.975480179136358316e+00,-8.490791578093311642e+00,-5.069173936952445558e+01
2.183999999999999986e+01,-1.232207294513076824e-03,-1.959947450546008999e-03,-2.653606554173096928e-03,-1.232207294513076824e-03,-7.277401560329321752e-04,-6.936591036270879293e-04,-7.886126684883691951e+00,-4.657536998610765977e+00,-2.219709131606681485e+00,-7.886126684883691951e+00,-4.429011844530342046e+01
2.185000000000000142e+01,-1.125485278301732641e-03,-1.733174574322283393e-03,-2.195185509530681641e-03,-1.125485278301732641e-03,-6.076892960205507524e-04,-4.620109352083982476e-04,-7.203105781131088570e+00,-3.889211494531524593e+00,-1.478434992666874503e+00,-7.203105781131088570e+00,-3.771225680498846344e+01
2.185999999999999943e+01,-1.004604467665730664e-03,-1.493516654166952883e-03,-1.732998780432302684e-03,-1.004604467665730664e-03,-4.889121865012222186e-04,-2.394821262653498012e-04,-6.429468593060676085e+00,-3.129037993607822088e+00,-7.663428040491193638e-01,-6.429468593060676085e+00,-3.097454817215285061e+01
2.187000000000000099e+01,-8.676304622704367588e-04,-1.239166238588038961e-03,-1.269406062385037724e-03,-8.676304622704367588e-04,-3.715357763176022022e-04,-3.023982379699876287e-05,-5.552834958530795006e+00,-2.377828968432654122e+00,-9.676743615039604118e-02,-5.552834958530795006e+00,-2.408229408934153781e+01
2.187999999999999901e+01,-7.128626086111214399e-04,-9.682280530215855085e-04,-8.060925350600263483e-04,-7.128626086111214399e-04,-2.553654444104640686e-04,1.621355179615591603e-04,-4.562320695111177216e+00,-1.634338844226969956e+00,5.188336574769892851e-01,-4.562320695111177216e+00,-1.703347764558347421e+01
2.189000000000000057e+01,-5.392893002813426307e-04,-6.792226408145898104e-04,-3.444230103354995517e-04,-5.392893002813426307e-04,-1.399333405332471797e-04,3.347996304790902588e-04,-3.451451521800593003e+00,-8.955733794127819225e-01,1.071358817533088814e+00,-3.451451521800593003e+00,-9.826998251040858889e+00
2.189999999999999858e+01,-3.469884336121317205e-04,-3.715628781029989823e-04,1.142073956388564061e-04,-3.469884336121317205e-04,-2.457444449086726174e-05,4.857702737418554155e-04,-2.220725975117642914e+00,-1.572764447415504752e-01,1.554464875973937232e+00,-2.220725975117642914e+00,-2.470612631655765057e+00
2.191000000000000014e+01,-1.369151460316621175e-04,-4.544118230278112780e-05,5.685799658065611830e-04,-1.369151460316621175e-04,9.147396372888099651e-05,6.140211481093423582e-04,-8.762569346026375383e-01,5.854333678648383499e-01,1.964867673949895588e+00,-8.762569346026375383e-01,5.022132321636290087e+00
2.192000000000000171e+01,8.973004249034310887e-05,2.986997616127633963e-04,1.018236233181734176e-03,8.973004249034310887e-05,2.089697191224202874e-04,7.195364715689707251e-04,5.742722719381958552e-01,1.337406202383489839e+00,2.302516709020706376e+00,5.742722719381958552e-01,1.264258555002717799e+01
2.192999999999999972e+01,3.317665283919163702e-04,6.603486402799038039e-04,1.463669458328267390e-03,3.317665283919163702e-04,3.285821118879874336e-04,8.033208180483635864e-04,2.123305781708264561e+00,2.102925516083119728e+00,2.570626617754763643e+00,2.123305781708264561e+00,2.039057374663844158e+01
2.194000000000000128e+01,5.875878304898686988e-04,1.038419889072624393e-03,1.905781494497289525e-03,5.875878304898686988e-04,4.508320585827556943e-04,8.673616054246651320e-04,3.760562115135159811e+00,2.885325174929636471e+00,2.775557137358928284e+00,3.760562115135159811e+00,2.826433328227117414e+01
2.194999999999999929e+01,8.545840906878956989e-04,1.430628703386376682e-03,2.345173133011811944e-03,8.545840906878956989e-04,5.760446126984809833e-04,9.145444296254352616e-04,5.469338180402532501e+00,3.686685521270278265e+00,2.926542174801392893e+00,5.469338180402532501e+00,3.624769762942261053e+01
2.196000000000000085e+01,1.129077867231214824e-03,1.833381879847423897e-03,2.781905662007964387e-03,1.129077867231214824e-03,7.043040126162090735e-04,9.485237821605404900e-04,7.226098350279775318e+00,4.507545680743738181e+00,3.035276102913729623e+00,7.226098350279775318e+00,4.430676040181172937e+01
2.196999999999999886e+01,1.406496332793594683e-03,2.241907808083645585e-03,3.215461447324139722e-03,1.406496332793594683e-03,8.354114752900509023e-04,9.735536392404941369e-04,9.001576529879006472e+00,5.346633441856325497e+00,3.115371645569581460e+00,9.001576529879006472e+00,5.239074485191473940e+01
2.198000000000000043e+01,1.681240441134136893e-03,2.650086191840639576e-03,3.644370300485451700e-03,1.681240441134136893e-03,9.688457507065026831e-04,9.942841086448121236e-04,1.075993882325847650e+01,6.200612804521616894e+00,3.181709147663398962e+00,1.075993882325847650e+01,6.042678232633048196e+01
2.198999999999999844e+01,1.946614900573322452e-03,3.050337157363127057e-03,4.065868808490824896e-03,1.946614900573322452e-03,1.103722256789804604e-03,1.015531651127697839e-03,1.245833536366926353e+01,7.063822443454749411e+00,3.249701283608632973e+00,1.245833536366926353e+01,6.831557727219794174e+01
2.200000000000000000e+01,2.195524634148668386e-03,3.434281406233802205e-03,4.476312807988820468e-03,2.195524634148668386e-03,1.238756772085133819e-03,1.042031401755018263e-03,1.405135765855147767e+01,7.928043341344856110e+00,3.334500485616058274e+00,1.405135765855147767e+01,7.594170445653716683e+01
2.201000000000000156e+01,2.421616950442083242e-03,3.793873683209762759e-03,4.872054955569859146e-03,2.421616950442083242e-03,1.372256732767679517e-03,1.078181272360096386e-03,1.549834848282933208e+01,8.782443089713149575e+00,3.450180071552308547e+00,1.549834848282933208e+01,8.319291493228436707e+01
2.201999999999999957e+01,2.619863741136443068e-03,4.122025313643700936e-03,5.249814440033204535e-03,2.619863741136443068e-03,1.502161572507257868e-03,1.127789126389503599e-03,1.676712794327323408e+01,9.613834064046450578e+00,3.608925204446411517e+00,1.676712794327323408e+01,8.996966163529828009e+01
2.203000000000000114e+01,2.786393060734206582e-03,4.412524959360165228e-03,5.606360895393579930e-03,2.786393060734206582e-03,1.626131898625958645e-03,1.193835936033414702e-03,1.783291558869892057e+01,1.040724415120613600e+01,3.820274995306927046e+00,1.783291558869892057e+01,9.618130420563595351e+01
2.203999999999999915e+01,2.918361005599283148e-03,4.660032897742552756e-03,5.938301556236130069e-03,2.918361005599283148e-03,1.741671892143269607e-03,1.278268658493577313e-03,1.867751043583541204e+01,1.114670010971692626e+01,4.090459707179447513e+00,1.867751043583541204e+01,1.017440107581953441e+02
2.205000000000000071e+01,3.014186530795021513e-03,4.860458404614222128e-03,6.242294648595012561e-03,3.014186530795021513e-03,1.846271873819200614e-03,1.381836243980790434e-03,1.929079379708813846e+01,1.181613999244288316e+01,4.421875980738529499e+00,1.929079379708813846e+01,1.065864293108086542e+02
2.205999999999999872e+01,3.073491497736241789e-03,5.011051207745148214e-03,6.515031995563693237e-03,3.073491497736241789e-03,1.937559710008906425e-03,1.503980787818545023e-03,1.967034558551194579e+01,1.240038214405700145e+01,4.812738521019344518e+00,1.967034558551194579e+01,1.106503987517648682e+02
2.207000000000000028e+01,3.096549914186395511e-03,5.109990326149876222e-03,6.752783647044757233e-03,3.096549914186395511e-03,2.013440411963480711e-03,1.642793320894881011e-03,1.981791945079293171e+01,1.288601863656627700e+01,5.256938626863619568e+00,1.981791945079293171e+01,1.138826301426684893e+02
2.207999999999999829e+01,3.084063663006580795e-03,5.156265889054405770e-03,6.951305905691517947e-03,3.084063663006580795e-03,2.072202226047824974e-03,1.795040016637112178e-03,1.973800744324211820e+01,1.326209424670608072e+01,5.744128053238759080e+00,1.973800744324211820e+01,1.162326892295608616e+02
2.208999999999999986e+01,3.037605998527202408e-03,5.150190852045313447e-03,7.106450970619801813e-03,3.037605998527202408e-03,2.112584853518111039e-03,1.956260118574488366e-03,1.944067839057409586e+01,1.352054306251591065e+01,6.260032379438362327e+00,1.944067839057409586e+01,1.176637614975851136e+02
2.210000000000000142e+01,2.959931278943797595e-03,5.093750317874712850e-03,7.214682783084130566e-03,2.959931278943797595e-03,2.133819038930915256e-03,2.120932465209417715e-03,1.894356018524030461e+01,1.365644184915785786e+01,6.786983888670136800e+00,1.894356018524030461e+01,1.181609577692048845e+02
2.210999999999999943e+01,2.854556227881519925e-03,4.990195909353675047e-03,7.272899411418010107e-03,2.854556227881519925e-03,2.135639681472155122e-03,2.282703502064335060e-03,1.826915985844172852e+01,1.366809396142179267e+01,7.304651206605871749e+00,1.826915985844172852e+01,1.177257150794081753e+02
2.212000000000000099e+01,2.725094463046727217e-03,4.843357286990121295e-03,7.278023250908862915e-03,2.725094463046727217e-03,2.118262823943394078e-03,2.434665963918741620e-03,1.744060456349905408e+01,1.355688207323772154e+01,7.790931084539972851e+00,1.744060456349905408e+01,1.163652531638302321e+02
2.212999999999999901e+01,2.575081365476671828e-03,4.657403131289460270e-03,7.227077083366943711e-03,2.575081365476671828e-03,2.082321765812788442e-03,2.569673952077483441e-03,1.648052073905070003e+01,1.332685930120184636e+01,8.222956646647947565e+00,1.648052073905070003e+01,1.140910100607014783e+02
2.214000000000000057e+01,2.408366035676603491e-03,4.437141835550968173e-03,7.117819289822148975e-03,2.408366035676603491e-03,2.028775799874364683e-03,2.680677454271180801e-03,1.541354262833026212e+01,1.298416511919593397e+01,8.578167853667778786e+00,1.541354262833026212e+01,1.109276268035819157e+02
2.214999999999999858e+01,2.229502783811209473e-03,4.188319527362157658e-03,6.949377686221067454e-03,2.229502783811209473e-03,1.958816743550948185e-03,2.761058158858909796e-03,1.426881781639174029e+01,1.253642715872606850e+01,8.835386108348512124e+00,1.426881781639174029e+01,1.069218932503989663e+02
2.216000000000000014e+01,2.043518012038764761e-03,3.917308708012738269e-03,6.722257588165132629e-03,2.043518012038764761e-03,1.873790695973973509e-03,2.804948880152394360e-03,1.307851527704809413e+01,1.199226045423343123e+01,8.975836416487661396e+00,1.307851527704809413e+01,1.021398364433075585e+02
2.217000000000000171e+01,1.855021181190402843e-03,3.630153198325470308e-03,6.437673690616646863e-03,1.855021181190402843e-03,1.775132017135067465e-03,2.807520492291176555e-03,1.187213555961857736e+01,1.136084490966443106e+01,8.984065575331765530e+00,1.187213555961857736e+01,9.665113813384432717e+01
2.217999999999999972e+01,1.667424514074319604e-03,3.331719386412641381e-03,6.096941603943260672e-03,1.667424514074319604e-03,1.664294872338321777e-03,2.765222217530619291e-03,1.067151689007564563e+01,1.065148718296526020e+01,8.848711096097980899e+00,1.067151689007564563e+01,9.051514550741666199e+01
2.219000000000000128e+01,1.483024696019248634e-03,3.025703592928600128e-03,5.701666830378804111e-03,1.483024696019248634e-03,1.542678896909351494e-03,2.675963237450203983e-03,9.491358054523191257e+00,9.873144940219850341e+00,8.563082359840652913e+00,9.491358054523191257e+00,8.378275606375107998e+01
2.219999999999999929e+01,1.303650726744503500e-03,2.715216580993040901e-03,5.254442943452890258e-03,1.303650726744503500e-03,1.411565854248537401e-03,2.539226362459849357e-03,8.343364651164822732e+00,9.034021467190639143e+00,8.125524359871517888e+00,8.343364651164822732e+00,7.650873143468093929e+01
2.221000000000000085e+01,1.130856999160476757e-03,2.402943059749575345e-03,4.759051329092730750e-03,1.130856999160476757e-03,1.272086060589098589e-03,2.356108269343155405e-03,7.237484794627051521e+00,8.141350787770230468e+00,7.539546461898097185e+00,7.237484794627051521e+00,6.875514613288612509e+01
2.221999999999999886e+01,9.654114896411331980e-04,2.090625492930367566e-03,4.219910667903800303e-03,9.654114896411331980e-04,1.125214003289234368e-03,2.129285174973432736e-03,6.178633533703252745e+00,7.201369621051100012e+00,6.813712559914984368e+00,6.178633533703252745e+00,6.058114714400800693e+01
2.223000000000000043e+01,8.069462070070642767e-04,1.778725423964081388e-03,3.641632349269020505e-03,8.069462070070642767e-04,9.717792169570171109e-04,1.862906925304939117e-03,5.164455724845211648e+00,6.219386988524909121e+00,5.961302160975805009e+00,5.164455724845211648e+00,5.203543462303778000e+01
2.223999999999999844e+01,6.542711017052032845e-04,1.466757211332679178e-03,3.029183185891177847e-03,6.542711017052032845e-04,8.124861096274758930e-04,1.562425974558498670e-03,4.187335050913301160e+00,5.199911101615845688e+00,4.999763118587195798e+00,4.187335050913301160e+00,4.316102781334902971e+01
2.225000000000000000e+01,5.056946073354085273e-04,1.153640029834351400e-03,2.388010786504672894e-03,5.056946073354085273e-04,6.479454224989428723e-04,1.234370756670321494e-03,3.236445486946614380e+00,4.146850703993234077e+00,3.949986421345028642e+00,3.236445486946614380e+00,3.399984783685462730e+01
2.226000000000000156e+01,3.588442176094448766e-04,8.375572143076065500e-04,1.723632692591831441e-03,3.588442176094448766e-04,4.787129966981616734e-04,8.860754782842248907e-04,2.296602992700447210e+00,3.063763178868234682e+00,2.835441530509519747e+00,2.296602992700447210e+00,2.458742310623460625e+01
2.226999999999999957e+01,2.105684759210390221e-04,5.158921722898163111e-04,1.041272207685624328e-03,2.105684759210390221e-04,3.053236963687772890e-04,5.253800353958080170e-04,1.347638245894649645e+00,1.954071656760174580e+00,1.681216113266585710e+00,1.347638245894649645e+00,1.494877804776423069e+01
2.228000000000000114e+01,5.737031630233064216e-05,1.856860490255726206e-04,3.460005186501973417e-04,5.737031630233064216e-05,1.283157327232419920e-04,1.603144696246247211e-04,3.671700243349161341e-01,8.212206894287487069e-01,5.130063027987991076e-01,3.671700243349161341e-01,5.104191049687392123e+00
2.228999999999999915e+01,-1.041803971534480903e-04,-1.559310130949030323e-04,-3.571486007453826962e-04,-1.041803971534480903e-04,-5.175061594145494203e-05,-2.012175876504796639e-04,-6.667545417820677223e-01,-3.312039420253116151e-01,-6.438962804815349106e-01,-6.667545417820677223e-01,-4.925564292866742022e+00
2.230000000000000071e+01,-2.774267421663316967e-04,-5.117066039731616410e-04,-1.063449141482747341e-03,-2.774267421663316967e-04,-2.342798618068299443e-04,-5.517425375095856999e-04,-1.775531149864522762e+00,-1.499391115563711629e+00,-1.765576120030674323e+00,-1.775531149864522762e+00,-1.512149515637672614e+01
2.230999999999999872e+01,-4.653832679731906069e-04,-8.840194082915442311e-04,-1.768514069540010579e-03,-4.653832679731906069e-04,-4.186361403183536242e-04,-8.844946612484663479e-04,-2.978452915028420023e+00,-2.679271298037463112e+00,-2.830382915995092397e+00,-2.978452915028420023e+00,-2.546432138718292748e+01
2.232000000000000028e+01,-6.700323360396259059e-04,-1.274170827859630924e-03,-2.467827714763983372e-03,-6.700323360396259059e-04,-6.041384918200050184e-04,-1.193656886904352447e-03,-4.288206950653606242e+00,-3.866486347648032229e+00,-3.819702038093927943e+00,-4.288206950653606242e+00,-3.592318600918669347e+01
2.232999999999999829e+01,-8.920312136249186966e-04,-1.682077445591578530e-03,-3.156632252862937547e-03,-8.920312136249186966e-04,-7.900462319666598336e-04,-1.474554807271359017e-03,-5.708999767199479436e+00,-5.056295884586623046e+00,-4.718575383268349022e+00,-5.708999767199479436e+00,-4.645161310516336073e+01
2.233999999999999986e+01,-1.131223602758592598e-03,-2.106763638013983871e-03,-3.830559791031477607e-03,-1.131223602758592598e-03,-9.755400352553912722e-04,-1.723796153017493737e-03,-7.239831057654992463e+00,-6.243456225634504086e+00,-5.516147689655979569e+00,-7.239831057654992463e+00,-5.699830491883643191e+01
2.235000000000000142e+01,-1.386902881737125557e-03,-2.546616278837957742e-03,-4.485966709680755220e-03,-1.386902881737125557e-03,-1.159713397100832185e-03,-1.939350430842797478e-03,-8.876178443117604289e+00,-7.422165741445326148e+00,-6.205921378696952040e+00,-8.876178443117604289e+00,-6.751279668977964832e+01
2.235999999999999943e+01,-1.657181525236647336e-03,-2.998754340162886316e-03,-5.119320745891569983e-03,-1.657181525236647336e-03,-1.341572814926238980e-03,-2.120566405728683667e-03,-1.060596176151454273e+01,-8.586066015527929807e+00,-6.785812498331787346e+00,-1.060596176151454273e+01,-7.793352082612278764e+01
2.237000000000000099e+01,-1.938629407770421252e-03,-3.458661770643305274e-03,-5.726789635045758525e-03,-1.938629407770421252e-03,-1.520032362872884022e-03,-2.268127864402453252e-03,-1.240722820973069673e+01,-9.728207122386457684e+00,-7.258009166087850517e+00,-1.240722820973069673e+01,-8.818033349461501302e+01
2.237999999999999901e+01,-2.227155963851268957e-03,-3.921062525024015047e-03,-6.305013070371939983e-03,-2.227155963851268957e-03,-1.693906561172746090e-03,-2.383950545347924936e-03,-1.425379816864812099e+01,-1.084100199150557486e+01,-7.628641745113359462e+00,-1.425379816864812099e+01,-9.817032571580116951e+01
2.239000000000000057e+01,-2.519061906317466779e-03,-4.380988253700449260e-03,-6.852014133157232657e-03,-2.519061906317466779e-03,-1.861926347382982481e-03,-2.471025879456783397e-03,-1.612199620043178783e+01,-1.191632862325108810e+01,-7.907282814261707315e+00,-1.612199620043178783e+01,-1.078368229138337426e+02
2.239999999999999858e+01,-2.810816145473076129e-03,-4.833604159279288569e-03,-7.366824516859885735e-03,-2.810816145473076129e-03,-2.022788013806212440e-03,-2.533220357580597167e-03,-1.798922333102768789e+01,-1.294584328835975917e+01,-8.106305144257911266e+00,-1.798922333102768789e+01,-1.171241152909360892e+02
2.241000000000000014e+01,-3.098094588256354674e-03,-5.273306952959665346e-03,-7.848348906582166759e-03,-3.098094588256354674e-03,-2.175212364703310673e-03,-2.575041953622501413e-03,-1.982780536484067113e+01,-1.392135913410118775e+01,-8.240134251592005299e+00,-1.982780536484067113e+01,-1.259678962516015872e+02
2.242000000000000171e+01,-3.375593542445354343e-03,-5.693580274782086142e-03,-8.294966452871964727e-03,-3.375593542445354343e-03,-2.317986732336731800e-03,-2.601386178089878584e-03,-2.160379867165026724e+01,-1.483511508695508319e+01,-8.324435769887610803e+00,-2.160379867165026724e+01,-1.342900485854788997e+02
2.242999999999999972e+01,-3.637967575314096039e-03,-6.087957039856534483e-03,-8.705231327032957045e-03,-3.637967575314096039e-03,-2.449989464542438444e-03,-2.617274287176422562e-03,-2.328299248201021499e+01,-1.567993257307160526e+01,-8.375277718964552420e+00,-2.328299248201021499e+01,-1.420146083221391109e+02
2.244000000000000128e+01,-3.881024674662827620e-03,-6.451244891728998010e-03,-9.078840818618554367e-03,-3.881024674662827620e-03,-2.570220217066170390e-03,-2.627595926889556358e-03,-2.483855791784209543e+01,-1.644940938922349005e+01,-8.408306966046581010e+00,-2.483855791784209543e+01,-1.490888228193364853e+02
2.244999999999999929e+01,-4.102177246057379587e-03,-6.780032300841135062e-03,-9.416900865055385580e-03,-4.102177246057379587e-03,-2.677855054783755476e-03,-2.636868564214250518e-03,-2.625393437476722980e+01,-1.713827235061603460e+01,-8.437979405485600992e+00,-2.625393437476722980e+01,-1.554905583926066015e+02
2.246000000000000085e+01,-4.299723431205808126e-03,-7.072040440014579384e-03,-9.721066352348926506e-03,-4.299723431205808126e-03,-2.772317008808771258e-03,-2.649025912334347123e-03,-2.751822995971717134e+01,-1.774282885637613560e+01,-8.476882919469911570e+00,-2.751822995971717134e+01,-1.612138252066896484e+02
2.246999999999999886e+01,-4.471537803001516230e-03,-7.324862835889057316e-03,-9.992108940312726534e-03,-4.471537803001516230e-03,-2.853325032887541086e-03,-2.667246104423669217e-03,-2.861784193920970409e+01,-1.826128021048026184e+01,-8.535187534155742384e+00,-2.861784193920970409e+01,-1.662429290515371179e+02
2.248000000000000043e+01,-4.614535922193005457e-03,-7.535422314739299680e-03,-1.022924938614070377e-02,-4.614535922193005457e-03,-2.920886392546294223e-03,-2.693827071401404087e-03,-2.953302990203523493e+01,-1.869367291229628236e+01,-8.620246628484492746e+00,-2.953302990203523493e+01,-1.705408483284480212e+02
2.248999999999999844e+01,-4.725369196870768049e-03,-7.700599809107057207e-03,-1.043071197020426465e-02,-4.725369196870768049e-03,-2.975230612236289159e-03,-2.730112161097207439e-03,-3.024236285997291418e+01,-1.904147591831225128e+01,-8.736358915511063472e+00,-3.024236285997291418e+01,-1.740605930813886744e+02
2.250000000000000000e+01,-4.801048706910015368e-03,-7.817756915699657083e-03,-1.059422176924944108e-02,-4.801048706910015368e-03,-3.016708208789641715e-03,-2.776464853549783993e-03,-3.072671172422409924e+01,-1.930693253625370787e+01,-8.884687531359308110e+00,-3.072671172422409924e+01,-1.767549953755113279e+02
2.251000000000000156e+01,-4.838497731621946817e-03,-7.884165428941448603e-03,-1.071645352846438588e-02,-4.838497731621946817e-03,-3.045667697319501786e-03,-2.832288099522937280e-03,-3.096638548238045985e+01,-1.949227326284481165e+01,-9.063321918473398853e+00,-3.096638548238045985e+01,-1.785659419910960253e+02
2.251999999999999957e+01,-4.834150309650848097e-03,-7.896460560376553431e-03,-1.079254163847100621e-02,-4.834150309650848097e-03,-3.062310250725705334e-03,-2.896081078094452782e-03,-3.093856198176542804e+01,-1.959878560464451525e+01,-9.267459449902249347e+00,-3.093856198176542804e+01,-1.794144211089365797e+02
2.253000000000000114e+01,-4.784914241903270339e-03,-7.851454341658150454e-03,-1.081697848815537863e-02,-4.784914241903270339e-03,-3.066540099754880115e-03,-2.965524146497228175e-03,-3.062345114818092995e+01,-1.962585663843123385e+01,-9.489677268791130160e+00,-3.062345114818092995e+01,-1.792169551662098854e+02
2.253999999999999915e+01,-4.689555315402516369e-03,-7.747411094385790904e-03,-1.078499343673155857e-02,-4.689555315402516369e-03,-3.057855778983274535e-03,-3.037582342345767662e-03,-3.001315401857610610e+01,-1.957027698549295636e+01,-9.720263495506456408e+00,-3.001315401857610610e+01,-1.779110834987265548e+02
2.255000000000000071e+01,-4.548846956204574341e-03,-7.584163464257470677e-03,-1.069278287059561433e-02,-4.548846956204574341e-03,-3.035316508052896337e-03,-3.108619406338143654e-03,-2.911262051970927445e+01,-1.942602565153853789e+01,-9.947582100282058803e+00,-2.911262051970927445e+01,-1.754586848145896170e+02
2.255999999999999872e+01,-4.364727135404890095e-03,-7.362307535702721992e-03,-1.053682453256811133e-02,-4.364727135404890095e-03,-2.997580400297831897e-03,-3.174516996865389337e-03,-2.793425366659129594e+01,-1.918451456190612348e+01,-1.015845438996924521e+01,-2.793425366659129594e+01,-1.718316678553999850e+02
2.257000000000000028e+01,-4.139816151538823312e-03,-7.082809027282447809e-03,-1.031360531295883419e-02,-4.139816151538823312e-03,-2.942992875743624497e-03,-3.230796285676386381e-03,-2.649482336984846853e+01,-1.883515440475919789e+01,-1.033854811416443553e+01,-2.649482336984846853e+01,-1.670055776663162987e+02
2.257999999999999829e+01,-3.877566417483743148e-03,-6.747278901693280588e-03,-1.002001991810291467e-02,-3.877566417483743148e-03,-2.869712484209537440e-03,-3.272741016409634086e-03,-2.481642507189595648e+01,-1.836615989894103862e+01,-1.047277125251082985e+01,-2.481642507189595648e+01,-1.609660686700434553e+02
2.258999999999999986e+01,-3.582388074029416430e-03,-6.358257413584843427e-03,-9.653779995019659901e-03,-3.582388074029416430e-03,-2.775869339555426998e-03,-3.295522581434816474e-03,-2.292728367378826348e+01,-1.776556377315473156e+01,-1.054567226059141305e+01,-2.292728367378826348e+01,-1.537155591226032243e+02
2.260000000000000142e+01,-3.259611968761177980e-03,-5.919360072848708215e-03,-9.213688882316188253e-03,-3.259611968761177980e-03,-2.659748104087530235e-03,-3.294328809467480038e-03,-2.086151660007153907e+01,-1.702238786616019439e+01,-1.054185219029593590e+01,-2.086151660007153907e+01,-1.452772699695830170e+02
2.260999999999999943e+01,-2.915436037710788901e-03,-5.435419288654091442e-03,-8.699918085618181876e-03,-2.915436037710788901e-03,-2.519983250943302541e-03,-3.264498796964090434e-03,-1.865879064134905008e+01,-1.612789280603713493e+01,-1.044639615028508928e+01,-1.865879064134905008e+01,-1.356992387930138193e+02
2.262000000000000099e+01,-2.556519579676736886e-03,-4.912268275230126900e-03,-8.113934320552917273e-03,-2.556519579676736886e-03,-2.355748695553390015e-03,-3.201666045322790373e-03,-1.636172530993111707e+01,-1.507679165154169532e+01,-1.024533134503292864e+01,-1.636172530993111707e+01,-1.250515449195172266e+02
2.262999999999999901e+01,-2.189079307979369896e-03,-4.355992270500929318e-03,-7.457903345868042641e-03,-2.189079307979369896e-03,-2.166912962521559422e-03,-3.101911075367113323e-03,-1.401010757106796767e+01,-1.386824296013798019e+01,-9.926115441174761855e+00,-1.401010757106796767e+01,-1.134133979171421345e+02
2.264000000000000057e+01,-1.818162136978548416e-03,-3.772290617430880486e-03,-6.734212973358633114e-03,-1.818162136978548416e-03,-1.954128480452331854e-03,-2.961922355927752628e-03,-1.163623767666270936e+01,-1.250642227489492342e+01,-9.478151538968807799e+00,-1.163623767666270936e+01,-1.008624344715793200e+02
2.264999999999999858e+01,-1.447603088151408913e-03,-3.166443244030824750e-03,-5.945604381196707179e-03,-1.447603088151408913e-03,-1.718840155879415837e-03,-2.779161137165882429e-03,-9.264659764169017819e+00,-1.100057699762826147e+01,-8.893315638930824107e+00,-9.264659764169017819e+00,-8.747565720218432261e+01
2.266000000000000014e+01,-1.080258059442929484e-03,-2.543477368873532131e-03,-5.095499857293296977e-03,-1.080258059442929484e-03,-1.463219309430602647e-03,-2.552022488419764847e-03,-6.913651580434748922e+00,-9.364603580355856494e+00,-8.166471962943248286e+00,-6.913651580434748922e+00,-7.333418137120156644e+01
2.267000000000000171e+01,-7.180221290053127436e-04,-1.908059162885569109e-03,-4.188041435860013866e-03,-7.180221290053127436e-04,-1.190037033880256365e-03,-2.279982272974444973e-03,-4.595341625634001836e+00,-7.616237016833641071e+00,-7.295943273518224359e+00,-4.595341625634001836e+00,-5.852256574795760002e+01
2.267999999999999972e+01,-3.617062486526839964e-04,-1.264196256289641836e-03,-3.227914508198398858e-03,-3.617062486526839964e-04,-9.024900076369578392e-04,-1.963718251908757022e-03,-2.314919991377177411e+00,-5.775936048876530116e+00,-6.283898406108022527e+00,-2.314919991377177411e+00,-4.312426333908518927e+01
2.269000000000000128e+01,-1.105608344360376602e-05,-6.150494904725578582e-04,-2.220242561009535577e-03,-1.105608344360376602e-05,-6.039934070289540956e-04,-1.605193070536977719e-03,-7.075893403906410861e-02,-3.865557804985306323e+00,-5.136617825718328589e+00,-7.075893403906410861e-02,-2.721880369422810020e+01
2.269999999999999929e+01,3.349876932340909233e-04,3.702601126532082364e-05,-1.170661668154503654e-03,3.349876932340909233e-04,-2.979616819687700997e-04,-1.207687679419824477e-03,2.143921236698181687e+00,-1.906954764600128582e+00,-3.864600574143438383e+00,2.143921236698181687e+00,-1.088290230613615961e+01
2.271000000000000085e+01,6.778754989114098902e-04,6.902723203266679895e-04,-8.550362419834024361e-05,6.778754989114098902e-04,1.239682141525809932e-05,-7.757759445250082602e-04,4.338403193033022909e+00,7.933965705765183563e-02,-2.482483022480026502e+00,4.338403193033022909e+00,5.805779482831944449e+00
2.271999999999999886e+01,1.019034009639046764e-03,1.343279555359552574e-03,1.028044743572210191e-03,1.019034009639046764e-03,3.242455457205058091e-04,-3.152348117873423824e-04,6.521817661689899737e+00,2.075171492611237234e+00,-1.008751397719495735e+00,6.521817661689899737e+00,2.276471326974492371e+01
2.273000000000000043e+01,1.359496732310023137e-03,1.994721848942845790e-03,2.161832699843687158e-03,1.359496732310023137e-03,6.352251166328226530e-04,1.671108509008413685e-04,8.700779086784148575e+00,4.065440746450065035e+00,5.347547228826923238e-01,8.700779086784148575e+00,3.990292366835071647e+01
2.273999999999999844e+01,1.699570677762072450e-03,2.643056005808176387e-03,3.306660178409320631e-03,1.699570677762072450e-03,9.434853280461039365e-04,6.636041726011442446e-04,1.087725233767726429e+01,6.038306099495065027e+00,2.123533352323661472e+00,1.087725233767726429e+01,5.711727536848798081e+01
2.275000000000000000e+01,2.038756951267585611e-03,3.286398448072143895e-03,4.452421334231870288e-03,2.038756951267585611e-03,1.247641496804558284e-03,1.166022886159726393e-03,1.304804448811254858e+01,7.984905579549172572e+00,3.731273235711124237e+00,1.304804448811254858e+01,7.429266991011853349e+01
2.276000000000000156e+01,2.376127710850933685e-03,3.922797175347751512e-03,5.588678918210396307e-03,2.376127710850933685e-03,1.546669464496817827e-03,1.665881742862644795e-03,1.520721734944597614e+01,9.898684572779634649e+00,5.330821577160463676e+00,1.520721734944597614e+01,9.131017049815821451e+01
2.276999999999999957e+01,2.710704653460850513e-03,4.550470396690322120e-03,6.705222930795481755e-03,2.710704653460850513e-03,1.839765743229471607e-03,2.154752534105159635e-03,1.734850978214944206e+01,1.177450075666861906e+01,6.895208109136510721e+00,1.734850978214944206e+01,1.080546559438637217e+02
2.278000000000000114e+01,3.041146098538299262e-03,5.167339193388876054e-03,7.791921180324290486e-03,3.041146098538299262e-03,2.126193094850576792e-03,2.624581986935414432e-03,1.946333503064511561e+01,1.360763580704369069e+01,8.398662358193325517e+00,1.946333503064511561e+01,1.244088995876463883e+02
2.278999999999999915e+01,3.365140268392258476e-03,5.770257753131001130e-03,8.838245487188462965e-03,3.365140268392258476e-03,2.405117484738742654e-03,3.067987734057461835e-03,2.153689771771045258e+01,1.539275190232795332e+01,9.817560748983877872e+00,2.153689771771045258e+01,1.402416311070668371e+02
2.280000000000000071e+01,3.679692319955346971e-03,6.355140259648162787e-03,9.833653972189266082e-03,3.679692319955346971e-03,2.675447939692815816e-03,3.478513712541103295e-03,2.355003084771422195e+01,1.712286681403402255e+01,1.113124388013152988e+01,2.355003084771422195e+01,1.554124246256393462e+02
2.280999999999999872e+01,3.982178420343836407e-03,6.917891049213313777e-03,1.076872015785951438e-02,3.982178420343836407e-03,2.935712628869477370e-03,3.850829108646200601e-03,2.548594189020055367e+01,1.878856082476465517e+01,1.232265314766784137e+01,2.548594189020055367e+01,1.697914675878991488e+02
2.282000000000000028e+01,4.270598116842318388e-03,7.454600949774144343e-03,1.163546058229939645e-02,4.270598116842318388e-03,3.184002832931825955e-03,4.180859632525252105e-03,2.733182794779083835e+01,2.037761813076368611e+01,1.337875082408080729e+01,2.733182794779083835e+01,1.832645907079059953e+02
2.282999999999999829e+01,4.542688892895359667e-03,7.960672303779565973e-03,1.242651798576359552e-02,4.542688892895359667e-03,3.417983410884206305e-03,4.465845681984029550e-03,2.907320891453030143e+01,2.187509382965891902e+01,1.429070618234889523e+01,2.907320891453030143e+01,1.957170267796143435e+02
2.283999999999999986e+01,4.795513680817408038e-03,8.430462681575170980e-03,1.313479021445528548e-02,4.795513680817408038e-03,3.634949000757762942e-03,4.704327532880114501e-03,3.069128755723141211e+01,2.326367360484968216e+01,1.505384810521636574e+01,3.069128755723141211e+01,2.070264278018923960e+02
2.285000000000000142e+01,5.026232973297754293e-03,8.858154502947367809e-03,1.375421713684705713e-02,5.026232973297754293e-03,3.831921529649613516e-03,4.896062633899689320e-03,3.216789102910562548e+01,2.452429778975752583e+01,1.566740042847900583e+01,3.216789102910562548e+01,2.170787677420264572e+02
2.285999999999999943e+01,5.232674851672863836e-03,9.238471992661381749e-03,1.428035669181705082e-02,5.232674851672863836e-03,4.005797140988517913e-03,5.041884699155669072e-03,3.348911905070632855e+01,2.563710170232651464e+01,1.613403103729813992e+01,3.348911905070632855e+01,2.257807553709929493e+02
2.287000000000000099e+01,5.412815345634417429e-03,9.566346181506511087e-03,1.470986453557131084e-02,5.412815345634417429e-03,4.153530835872093659e-03,5.143518354064799750e-03,3.464201821206027176e+01,2.658259734958139830e+01,1.645925873300735987e+01,3.464201821206027176e+01,2.330516228839470614e+02
2.287999999999999901e+01,5.564163699930260894e-03,9.836489124449523946e-03,1.503985480048412350e-02,5.564163699930260894e-03,4.272325424519263053e-03,5.203365676034599555e-03,3.561064767955367216e+01,2.734288271692328465e+01,1.665077016331071746e+01,3.561064767955367216e+01,2.388129016793630228e+02
2.289000000000000057e+01,5.683798883027008607e-03,1.004359526670139079e-02,1.526787684717598181e-02,5.683798883027008607e-03,4.359796383674382179e-03,5.224281580474591027e-03,3.637631285137285175e+01,2.790269685551604439e+01,1.671770105751869195e+01,3.637631285137285175e+01,2.429901322932227572e+02
2.289999999999999858e+01,5.768397653272314476e-03,1.018249412906434281e-02,1.539184803728831444e-02,5.768397653272314476e-03,4.414096475792028337e-03,5.209353908223971624e-03,3.691774498094281398e+01,2.825021744506898003e+01,1.666993250631670875e+01,3.691774498094281398e+01,2.455136847969855012e+02
2.291000000000000014e+01,5.813986961920580669e-03,1.024797222495436345e-02,1.540967387260068489e-02,5.813986961920580669e-03,4.433985263033782785e-03,5.161701647646321431e-03,3.720951655629171739e+01,2.837750568341621005e+01,1.651744527246822969e+01,3.720951655629171739e+01,2.463134025365284572e+02
2.292000000000000171e+01,5.816154645818048807e-03,1.023498996217286731e-02,1.531929124708650627e-02,5.816154645818048807e-03,4.418835316354818507e-03,5.084301284913638960e-03,3.722338973323551414e+01,2.828054602467083711e+01,1.626976411172364578e+01,3.722338973323551414e+01,2.453210996088899947e+02
2.292999999999999972e+01,5.770735303190856896e-03,1.013932042430372785e-02,1.511916787693775611e-02,5.770735303190856896e-03,4.368585121112870950e-03,4.979847452634028268e-03,3.693270594042148502e+01,2.795894477512237586e+01,1.593551184842888979e+01,3.693270594042148502e+01,2.424814876919182609e+02
2.294000000000000128e+01,5.674153187320975060e-03,9.957809951728339992e-03,1.480846050419436233e-02,5.674153187320975060e-03,4.283656764407364932e-03,4.850650552466022336e-03,3.631458039885423972e+01,2.741540329220713446e+01,1.552208176789127236e+01,3.631458039885423972e+01,2.377561963768579290e+02
2.294999999999999929e+01,5.523531912918664202e-03,9.688383803521070925e-03,1.438695494593229644e-02,5.523531912918664202e-03,4.164851890602406723e-03,4.698571142411225518e-03,3.535060424267945223e+01,2.665505209985540347e+01,1.503542765571592099e+01,3.535060424267945223e+01,2.311232519947523372e+02
2.296000000000000085e+01,5.317196475617693395e-03,9.330438588320118243e-03,1.385542727690485844e-02,5.317196475617693395e-03,4.013242112702424848e-03,4.524988688584740196e-03,3.403005744395323973e+01,2.568474952129551880e+01,1.447996380347116840e+01,3.403005744395323973e+01,2.225843123061598021e+02
2.296999999999999886e+01,5.055001359906208941e-03,8.885075241999947082e-03,1.321587621436076491e-02,5.055001359906208941e-03,3.830073882093738141e-03,4.330800972360817833e-03,3.235200870339973989e+01,2.451247284539992322e+01,1.385856311155461640e+01,3.235200870339973989e+01,2.121691339810628278e+02
2.298000000000000043e+01,4.737833071249623711e-03,8.354527082827620243e-03,1.247097697714463077e-02,4.737833071249623711e-03,3.616694011577996533e-03,4.116449894317010527e-03,3.032213165599759108e+01,2.314684167409917848e+01,1.317263966181443280e+01,3.032213165599759108e+01,1.999248389757336213e+02
2.298999999999999844e+01,4.367459585299608010e-03,7.741951896324412649e-03,1.162392107894154661e-02,4.367459585299608010e-03,3.374492311024804639e-03,3.881969182617133959e-03,2.795174134591749038e+01,2.159675079055875102e+01,1.242230138437482800e+01,2.795174134591749038e+01,1.859123805625532100e+02
2.300000000000000000e+01,3.947819163166477706e-03,7.052698819787166576e-03,1.067974856421780722e-02,3.947819163166477706e-03,3.104879656620688870e-03,3.627049744430640640e-03,2.526604264426545754e+01,1.987122980237240810e+01,1.160655918217804938e+01,2.526604264426545754e+01,1.702314948864477344e+02
2.301000000000000156e+01,3.486055487396200712e-03,6.295392185093203266e-03,9.646511989654377520e-03,3.486055487396200712e-03,2.809336697697002554e-03,3.351119804561174254e-03,2.231075511933568478e+01,1.797975486526081568e+01,1.072358337459575850e+01,2.231075511933568478e+01,1.530422800775767769e+02
2.301999999999999957e+01,2.991216199196807587e-03,5.480747081428302692e-03,8.534186301846786310e-03,2.991216199196807587e-03,2.489530882231495105e-03,3.053439220418483618e-03,1.914378367485957000e+01,1.593299764628156900e+01,9.771005505339147135e+00,1.914378367485957000e+01,1.345433604794408495e+02
2.303000000000000114e+01,2.471984423844443036e-03,4.619429865890767491e-03,7.352638502550876663e-03,2.471984423844443036e-03,2.147445442046324454e-03,2.733208636660109173e-03,1.582070031260443521e+01,1.374365082909647739e+01,8.746267637312350018e+00,1.582070031260443521e+01,1.149318563370397897e+02
2.303999999999999915e+01,1.936196305735090510e-03,3.721664962384799418e-03,6.111358217153721115e-03,1.936196305735090510e-03,1.785468656649708908e-03,2.389693254768921696e-03,1.239165635670457988e+01,1.142699940255813651e+01,7.647018415260549595e+00,1.239165635670457988e+01,9.439702252356980239e+01
2.305000000000000071e+01,1.391764716131830247e-03,2.798205259307690561e-03,4.820564091406627331e-03,1.391764716131830247e-03,1.406440543175860314e-03,2.022358832098936771e-03,8.907294183243713803e+00,9.001219476325506008e+00,6.471548262716597222e+00,8.907294183243713803e+00,7.314018576685745643e+01
2.305999999999999872e+01,8.466802161304232827e-04,1.860351229607147636e-03,3.491366773840676088e-03,8.466802161304232827e-04,1.013671013476724354e-03,1.631015544233528451e-03,5.418753383234708565e+00,6.487494486251035752e+00,5.219249741547290711e+00,5.418753383234708565e+00,5.137649283309909976e+01
2.307000000000000028e+01,3.079730654200271028e-04,9.188934633815906390e-04,2.134857172642036505e-03,3.079730654200271028e-04,6.109203979615634821e-04,1.215963709260445974e-03,1.971027618688173444e+00,3.909890546954006396e+00,3.891083869633427117e+00,1.971027618688173444e+00,2.931600610582682265e+01
2.307999999999999829e+01,-2.186965529929070214e-04,-1.637014669003638678e-05,7.617634426641542921e-04,-2.186965529929070214e-04,2.023264063028706481e-04,7.781335893541906383e-04,-1.399657939154604902e+00,1.294889000338372176e+00,2.490027485933409945e+00,-1.399657939154604902e+00,7.155775641351532101e+00
2.308999999999999986e+01,-7.286798298092519999e-04,-9.363965019382625848e-04,-6.171866944152895216e-04,-7.286798298092519999e-04,-2.077166721290105850e-04,3.192098075229730632e-04,-4.663550910779212799e+00,-1.329386701625667744e+00,1.021471384073513899e+00,-4.663550910779212799e+00,-1.491439868499410082e+01
2.310000000000000142e+01,-1.218358273721716414e-03,-1.833067844074046625e-03,-1.991337797835359552e-03,-1.218358273721716414e-03,-6.147095703523302104e-04,-1.582699537613129273e-04,-7.797492951818984608e+00,-3.934141250254913125e+00,-5.064638520362013674e-01,-7.797492951818984608e+00,-3.671429416233029741e+01
2.310999999999999943e+01,-1.685425618401573816e-03,-2.699645627672104479e-03,-3.350497796051973062e-03,-1.685425618401573816e-03,-1.014220009270530663e-03,-6.508521683798685828e-04,-1.078672395777007154e+01,-6.491008059331396574e+00,-2.082726938815579576e+00,-1.078672395777007154e+01,-5.808137686775113906e+01
2.312000000000000099e+01,-2.128541754350613512e-03,-3.530602606006610650e-03,-4.684752316485117987e-03,-2.128541754350613512e-03,-1.402060851655997139e-03,-1.154149710478507337e-03,-1.362266722784392670e+01,-8.973189450598381356e+00,-3.693279073531223311e+00,-1.362266722784392670e+01,-7.886740725592059675e+01
2.312999999999999901e+01,-2.546805878075262750e-03,-4.321255608507461841e-03,-5.984131638229404394e-03,-2.546805878075262750e-03,-1.774449730432199092e-03,-1.662876029721942553e-03,-1.629955761968168204e+01,-1.135647827476607397e+01,-5.321203295110215947e+00,-1.629955761968168204e+01,-9.893171756867391764e+01
2.314000000000000057e+01,-2.939985421619118085e-03,-5.068119867132884863e-03,-7.239054735458403354e-03,-2.939985421619118085e-03,-2.128134445513766779e-03,-2.170934868325518491e-03,-1.881590669836235463e+01,-1.362006045128810783e+01,-6.946991578641659615e+00,-1.881590669836235463e+01,-1.181488761848763716e+02
2.314999999999999858e+01,-3.308911305438476912e-03,-5.769397312047686195e-03,-8.440962697834973605e-03,-3.308911305438476912e-03,-2.460486006609209284e-03,-2.671565385787287410e-03,-2.117703235480625068e+01,-1.574711044229893986e+01,-8.549009234519319378e+00,-2.117703235480625068e+01,-1.364194560948735102e+02
2.316000000000000014e+01,-3.655004321921506271e-03,-6.424561667184616222e-03,-9.582100519569376751e-03,-3.655004321921506271e-03,-2.769557345263109951e-03,-3.157538852384760529e-03,-2.339202766029763936e+01,-1.772516700968390424e+01,-1.010412432763123292e+01,-2.339202766029763936e+01,-1.536639569928383366e+02
2.317000000000000171e+01,-3.979422961330842008e-03,-7.033514151080897184e-03,-1.065491342508719484e-02,-3.979422961330842008e-03,-3.054091189750055176e-03,-3.621399274006297658e-03,-2.546830695251738774e+01,-1.954618361440035201e+01,-1.158847767682015295e+01,-2.546830695251738774e+01,-1.698089047312136586e+02
2.317999999999999972e+01,-4.282911810472937383e-03,-7.596378886188115930e-03,-1.165211526627016152e-02,-4.282911810472937383e-03,-3.313467075715178546e-03,-4.055736380082045588e-03,-2.741063558702679970e+01,-2.120618928457714247e+01,-1.297835641626254599e+01,-2.741063558702679970e+01,-1.847855438635994574e+02
2.319000000000000128e+01,-4.566147877331512561e-03,-8.113747175166254044e-03,-1.256722316723588376e-02,-4.566147877331512561e-03,-3.547599297834741483e-03,-4.453475992069629713e-03,-2.922334641492167862e+01,-2.270463550614234549e+01,-1.425112317462281553e+01,-2.922334641492167862e+01,-1.985373152870605225e+02
2.319999999999999929e+01,-4.829660714105243197e-03,-8.586465341639013676e-03,-1.339463596681720638e-02,-4.829660714105243197e-03,-3.756804627533770480e-03,-4.808170625178192700e-03,-3.090982857027355735e+01,-2.404354961621613285e+01,-1.538614600057021597e+01,-3.090982857027355735e+01,-2.110185725611797238e+02
2.321000000000000085e+01,-5.073287967080124423e-03,-9.014936425762018826e-03,-1.412920878188387956e-02,-5.073287967080124423e-03,-3.941648458681894403e-03,-5.114272356121860735e-03,-3.246904298931279698e+01,-2.522655013556412484e+01,-1.636567153958995391e+01,-3.246904298931279698e+01,-2.221837939934006272e+02
2.321999999999999886e+01,-5.295762762685672295e-03,-9.398535206114874696e-03,-1.476590543596318847e-02,-5.295762762685672295e-03,-4.102772443429202401e-03,-5.367370229848313773e-03,-3.389288168118829958e+01,-2.625774363794689492e+01,-1.717558473551460452e+01,-3.389288168118829958e+01,-2.319786301639493900e+02
2.323000000000000043e+01,-5.494670537402339752e-03,-9.735383496524035660e-03,-1.529975920757449537e-02,-5.494670537402339752e-03,-4.240712959121695907e-03,-5.564375711050459708e-03,-3.516589143937497397e+01,-2.714056293837885292e+01,-1.780600227536147173e+01,-3.516589143937497397e+01,-2.403373699593458923e+02
2.323999999999999844e+01,-5.666780060307834849e-03,-1.002250996131907705e-02,-1.572615209689978699e-02,-5.666780060307834849e-03,-4.355729901011242203e-03,-5.703642135580709940e-03,-3.626739238597014037e+01,-2.787667136647194965e+01,-1.825165483385827159e+01,-3.626739238597014037e+01,-2.471871557589010990e+02
2.325000000000000000e+01,-5.808745395794223491e-03,-1.025641942130403085e-02,-1.604142746353444046e-02,-5.808745395794223491e-03,-4.447674025509807359e-03,-5.785008042230409611e-03,-3.717597053308303146e+01,-2.846511376326276732e+01,-1.851202573513731053e+01,-3.717597053308303146e+01,-2.524593300944493421e+02
2.326000000000000156e+01,-5.917745717686861626e-03,-1.043366726993502289e-02,-1.624342696370971798e-02,-5.917745717686861626e-03,-4.515921552248161261e-03,-5.809759693774695088e-03,-3.787357259319591662e+01,-2.890189793438823074e+01,-1.859123102007902517e+01,-3.787357259319591662e+01,-2.561001046429895496e+02
2.326999999999999957e+01,-5.991535232554802762e-03,-1.055092463016960198e-02,-1.633143916224740963e-02,-5.991535232554802762e-03,-4.559389397614799222e-03,-5.780514532077807646e-03,-3.834582548835074078e+01,-2.918009214473471502e+01,-1.849764650264898336e+01,-3.834582548835074078e+01,-2.580706924072032962e+02
2.328000000000000114e+01,-6.028218641321951392e-03,-1.060484236687518796e-02,-1.630587614384133507e-02,-6.028218641321951392e-03,-4.576623725553236564e-03,-5.701033776966147118e-03,-3.858059930446049179e+01,-2.929039184354071423e+01,-1.824330808629166967e+01,-3.858059930446049179e+01,-2.583428977028786448e+02
2.328999999999999915e+01,-6.026520764075253209e-03,-1.059246983390344649e-02,-1.616844786025294078e-02,-6.026520764075253209e-03,-4.565949069828193277e-03,-5.575978026349494299e-03,-3.856973289008161743e+01,-2.922207404690043830e+01,-1.784312968431838087e+01,-3.856973289008161743e+01,-2.569048098639012778e+02
2.330000000000000071e+01,-5.986457564026636743e-03,-1.051213018144472183e-02,-1.592275446342264131e-02,-5.986457564026636743e-03,-4.525672617418085089e-03,-5.410624281977919475e-03,-3.831332840977047738e+01,-2.896430475147574413e+01,-1.731399770232934188e+01,-3.831332840977047738e+01,-2.537748925907266937e+02
2.330999999999999872e+01,-5.909474738468747587e-03,-1.036380880510890876e-02,-1.557437501015531550e-02,-5.909474738468747587e-03,-4.454334066640161169e-03,-5.210566205046406746e-03,-3.782063832619998323e+01,-2.850773802649703015e+01,-1.667381185614850025e+01,-3.782063832619998323e+01,-2.490065646265365160e+02
2.332000000000000028e+01,-5.797831731422054685e-03,-1.014880272789463363e-02,-1.513022377867632648e-02,-5.797831731422054685e-03,-4.350970996472578942e-03,-4.981421050781692852e-03,-3.710612308110115265e+01,-2.784621437742450567e+01,-1.594054736250141779e+01,-3.710612308110115265e+01,-2.426786544630812159e+02
2.332999999999999829e+01,-5.654136236926313348e-03,-9.869495186657802760e-03,-1.459806116278234561e-02,-5.654136236926313348e-03,-4.215358949731489412e-03,-4.728565976124542852e-03,-3.618647191632840787e+01,-2.697829727828153068e+01,-1.513141112359853757e+01,-3.618647191632840787e+01,-2.348885409546254266e+02
2.333999999999999986e+01,-5.481451195248733879e-03,-9.529648695975060507e-03,-1.398657196663712597e-02,-5.481451195248733879e-03,-4.048197500726326628e-03,-4.456923270662065464e-03,-3.508128764959189994e+01,-2.590846400464848998e+01,-1.426215446611860926e+01,-3.508128764959189994e+01,-2.257557183610770153e+02
2.335000000000000142e+01,-5.283105020230196604e-03,-9.134329766621651636e-03,-1.330513889488347395e-02,-5.283105020230196604e-03,-3.851224746391455032e-03,-4.170809128261822318e-03,-3.381187212947325804e+01,-2.464783837690531243e+01,-1.334658921043783053e+01,-3.381187212947325804e+01,-2.154188991504491923e+02
2.335999999999999943e+01,-5.061714965020898405e-03,-8.688950980782938344e-03,-1.256280523020478906e-02,-5.061714965020898405e-03,-3.627236015762039939e-03,-3.873854249421850721e-03,-3.239497577613374801e+01,-2.321431050087705472e+01,-1.239633359814992275e+01,-3.239497577613374801e+01,-2.040168596254821978e+02
2.337000000000000099e+01,-4.818517470989151785e-03,-8.198500444147688304e-03,-1.176749748121581202e-02,-4.818517470989151785e-03,-3.379982973158536519e-03,-3.568997037068123712e-03,-3.083851181433057320e+01,-2.163189102821463194e+01,-1.142079051861799499e+01,-3.083851181433057320e+01,-1.916735800834895826e+02
2.337999999999999901e+01,-4.553942728143973995e-03,-7.667902280637340501e-03,-1.092644457025228159e-02,-4.553942728143973995e-03,-3.113959552493366506e-03,-3.258542289614941093e-03,-2.914523346012143179e+01,-1.992934113595754653e+01,-1.042733532676781216e+01,-2.914523346012143179e+01,-1.785057297685403910e+02
2.339000000000000057e+01,-4.268513969801524498e-03,-7.102628548422462544e-03,-1.004690021888634925e-02,-4.268513969801524498e-03,-2.834114578620938046e-03,-2.944271670463886707e-03,-2.731848940672975701e+01,-1.813833330317400439e+01,-9.421669345484437130e+00,-2.731848940672975701e+01,-1.646354761661645796e+02
2.339999999999999858e+01,-3.962722830552260767e-03,-6.508252976362224537e-03,-9.135840845599971227e-03,-3.962722830552260767e-03,-2.545530145809963771e-03,-2.627587869237746690e-03,-2.536142611553447068e+01,-1.629139293318376858e+01,-8.408281181560790074e+00,-2.536142611553447068e+01,-1.501833006908370862e+02
2.341000000000000014e+01,-3.636338697528678724e-03,-5.889422711851971526e-03,-8.199094826618525886e-03,-3.636338697528678724e-03,-2.253084014323292802e-03,-2.309672114766554360e-03,-2.327256766418354417e+01,-1.441973769166907360e+01,-7.390950767252974174e+00,-2.327256766418354417e+01,-1.352497683693167687e+02
2.342000000000000171e+01,-3.288550187162972514e-03,-5.249665148511839692e-03,-7.241299327264663806e-03,-3.288550187162972514e-03,-1.961114961348867178e-03,-1.991634178752824114e-03,-2.104672119784302353e+01,-1.255113575263274939e+01,-6.373229372009037164e+00,-2.104672119784302353e+01,-1.199132589674544249e+02
2.342999999999999972e+01,-2.918912353149190515e-03,-4.592043535084834593e-03,-6.266679072746041655e-03,-2.918912353149190515e-03,-1.673131181935644078e-03,-1.674635537661207062e-03,-1.868103906015481996e+01,-1.070803956438812143e+01,-5.358833720515862709e+00,-1.868103906015481996e+01,-1.042437370351764088e+02
2.344000000000000128e+01,-2.527837387038735055e-03,-3.919442469885610868e-03,-5.279412804399985677e-03,-2.527837387038735055e-03,-1.391605082846875813e-03,-1.359970334514374810e-03,-1.617815927704790369e+01,-8.906272530220004313e+00,-4.351905070445999613e+00,-1.617815927704790369e+01,-8.830901063314172461e+01
2.344999999999999929e+01,-2.116374704959324716e-03,-3.234249330223398777e-03,-4.283344032611650920e-03,-2.116374704959324716e-03,-1.117874625264074061e-03,-1.049094702388252143e-03,-1.354479811173967896e+01,-7.154397601690074104e+00,-3.357103047642406857e+00,-1.354479811173967896e+01,-7.216889628321648331e+01
2.346000000000000085e+01,-1.686346118113455023e-03,-2.538500789613326505e-03,-3.282102606355827810e-03,-1.686346118113455023e-03,-8.521546714998714817e-04,-7.436018167425013058e-04,-1.079261515592611254e+01,-5.453789897599177650e+00,-2.379525813576004012e+00,-1.079261515592611254e+01,-5.587779260130388082e+01
2.346999999999999886e+01,-1.241048998295571229e-03,-1.834713087064743621e-03,-2.279860141040141678e-03,-1.241048998295571229e-03,-5.936640887691723920e-04,-4.451470539753980566e-04,-7.942713589091655813e+00,-3.799450168122703531e+00,-1.424470572721273864e+00,-7.942713589091655813e+00,-3.949990298980689829e+01
2.348000000000000043e+01,-7.854147531139617222e-04,-1.126282014495258443e-03,-1.281616436847193147e-03,-7.854147531139617222e-04,-3.408672613812967211e-04,-1.553344223519347034e-04,-5.026654419929355022e+00,-2.181550472840299015e+00,-4.970701515261910508e-01,-5.026654419929355022e+00,-2.311582513288753660e+01
2.348999999999999844e+01,-3.252030977151843969e-04,-4.170029716384550541e-04,-2.925840352538476683e-04,-3.252030977151843969e-04,-9.179987392327065713e-05,1.244189363846073858e-04,-2.081299825377179946e+00,-5.875191931089321917e-01,3.981405964307436207e-01,-2.081299825377179946e+00,-6.812035266166104996e+00
2.350000000000000000e+01,1.337769604911137015e-04,2.893493335106246049e-04,6.823694475087704360e-04,1.337769604911137015e-04,1.555723730195109034e-04,3.930201139981458311e-04,8.561725471431277379e-01,9.956631873248698028e-01,1.257664364794066625e+00,8.561725471431277379e-01,9.328500297786192164e+00
2.351000000000000156e+01,5.858199708289741877e-04,9.888275282617178547e-04,1.638646757735009400e-03,5.858199708289741877e-04,4.030075574327436671e-04,6.498192294732915448e-04,3.749247813305434995e+00,2.579248367569559441e+00,2.079421534314533027e+00,3.749247813305434995e+00,2.522375314556858328e+01
2.351999999999999957e+01,1.025430283370981762e-03,1.677116366022487256e-03,2.571807734764596128e-03,1.025430283370981762e-03,6.516860826515054935e-04,8.946913687421088716e-04,6.562753813574283335e+00,4.170790928969634770e+00,2.863012379974748445e+00,6.562753813574283335e+00,4.078967136755599654e+01
2.353000000000000114e+01,1.447778008237258140e-03,2.349761637678821329e-03,3.477829248127035401e-03,1.447778008237258140e-03,9.019836294415631891e-04,1.128067610448214072e-03,9.265779252718452597e+00,5.772695228426004022e+00,3.609816353434284864e+00,9.265779252718452597e+00,5.594487250373622089e+01
2.353999999999999915e+01,1.848980205467431331e-03,3.002323961905700375e-03,4.353230928336178363e-03,1.848980205467431331e-03,1.153343756438269044e-03,1.350906966430477987e-03,1.183347331499156141e+01,7.381400041204921436e+00,4.322902292577529337e+00,1.183347331499156141e+01,7.061332694632204721e+01
2.355000000000000071e+01,2.225797810088785394e-03,3.630054350426510906e-03,5.194662255146230596e-03,2.225797810088785394e-03,1.404256540337725512e-03,1.564607904719719691e-03,1.424510598456822663e+01,8.987241858161443275e+00,5.006745295103103288e+00,1.424510598456822663e+01,8.471727941349831781e+01
2.355999999999999872e+01,2.575314292288245679e-03,4.227645228362340683e-03,5.998510093783125663e-03,2.575314292288245679e-03,1.652330936074095005e-03,1.770864865420784980e-03,1.648201147064477112e+01,1.057491799087420858e+01,5.666767569346512268e+00,1.648201147064477112e+01,9.817109109259646971e+01
2.357000000000000028e+01,2.895227821614696634e-03,4.789675473186616808e-03,6.761156555866775289e-03,2.895227821614696634e-03,1.894447651571920174e-03,1.971481082680158481e-03,1.852945805833405757e+01,1.212446497006028956e+01,6.308739464576507139e+00,1.852945805833405757e+01,1.108879874789125495e+02
2.357999999999999829e+01,3.184376503450601567e-03,5.311362193975661949e-03,7.479516092536444942e-03,3.184376503450601567e-03,2.126985690525060382e-03,2.168153898560782993e-03,2.038000962208385047e+01,1.361270841936038600e+01,6.938092475394505243e+00,2.038000962208385047e+01,1.227924315505162269e+02
2.358999999999999986e+01,3.442712793580768489e-03,5.788820678736037069e-03,8.151073083713256812e-03,3.442712793580768489e-03,2.346107885155268580e-03,2.362252404977219743e-03,2.203336187891691722e+01,1.501509046499371891e+01,7.559207695927103288e+00,2.203336187891691722e+01,1.338229801195132040e+02
2.360000000000000142e+01,3.670813139551635206e-03,6.218885944546939312e-03,8.773495030163606934e-03,3.670813139551635206e-03,2.548072804995304107e-03,2.554609085616667621e-03,2.349320409313046554e+01,1.630766595196994473e+01,8.174749073973336166e+00,2.349320409313046554e+01,1.439268573572212517e+02
2.360999999999999943e+01,3.869718116007234057e-03,6.599254067152053593e-03,9.344600700693365958e-03,3.869718116007234057e-03,2.729535951144819537e-03,2.745346633541312364e-03,2.476619594244629852e+01,1.746903008732684626e+01,8.785109227332199566e+00,2.476619594244629852e+01,1.530610057713160472e+02
2.362000000000000099e+01,4.041284852638648076e-03,6.929101643788185098e-03,9.862860101085370312e-03,4.041284852638648076e-03,2.887816791149537023e-03,2.933758457297185214e-03,2.586422305688734724e+01,1.848202746335703850e+01,9.388027063350993018e+00,2.586422305688734724e+01,1.612028327507861150e+02
2.362999999999999901e+01,4.188163595401151081e-03,7.209279875728284888e-03,1.032753700686288127e-02,4.188163595401151081e-03,3.021116280327133807e-03,3.118257131134596384e-03,2.680424701056736581e+01,1.933514419409365814e+01,9.978422819630708318e+00,2.680424701056736581e+01,1.683534420728751968e+02
2.364000000000000057e+01,4.312793524057114206e-03,7.441450906163534461e-03,1.073785030364237010e-02,4.312793524057114206e-03,3.128657382106420255e-03,3.296399397478835640e-03,2.760187855396553047e+01,2.002340724548108852e+01,1.054847807193227460e+01,2.760187855396553047e+01,1.745212916141366861e+02
2.364999999999999858e+01,4.416397027668357046e-03,7.627110103781285962e-03,1.109209928806814335e-02,4.416397027668357046e-03,3.210713076112928915e-03,3.464989184286857392e-03,2.826494097707748665e+01,2.054856368712274417e+01,1.108796538971794376e+01,2.826494097707748665e+01,1.797044101617545095e+02
2.366000000000000014e+01,4.499334189058226338e-03,7.767847096892242960e-03,1.138809915351752730e-02,4.499334189058226338e-03,3.268512907834016622e-03,3.620252056625284341e-03,2.879573880997264723e+01,2.091848261013770482e+01,1.158480658120091000e+01,2.879573880997264723e+01,1.838970840039337986e+02
2.367000000000000171e+01,4.562246640001752819e-03,7.866307646007326959e-03,1.162437486061069884e-02,4.562246640001752819e-03,3.304061006005574140e-03,3.758067214603371883e-03,2.919837849601121960e+01,2.114599043843567472e+01,1.202581508673078936e+01,2.919837849601121960e+01,1.871105520635330492e+02
2.367999999999999972e+01,4.606208443814381603e-03,7.926115429829926062e-03,1.180035340514387285e-02,4.606208443814381603e-03,3.319906986015544459e-03,3.874237975313946786e-03,2.947973404041204049e+01,2.124740471049948454e+01,1.239756152100462927e+01,2.947973404041204049e+01,1.893741008157484771e+02
2.369000000000000128e+01,4.631913285636494147e-03,7.950800827883922062e-03,1.191557951604285334e-02,4.631913285636494147e-03,3.318887542247427914e-03,3.964778688158931280e-03,2.964424502807356276e+01,2.124088027038353843e+01,1.268729180210858054e+01,2.964424502807356276e+01,1.907172513016970470e+02
2.369999999999999929e+01,4.639629889328135588e-03,7.943481192643694899e-03,1.196967594190793786e-02,4.639629889328135588e-03,3.303851303315559311e-03,4.026194749264242964e-03,2.969363129170006843e+01,2.114464834121957892e+01,1.288382319764557771e+01,2.969363129170006843e+01,1.911663084916956734e+02
2.371000000000000085e+01,4.630046970747361476e-03,7.907448495435554642e-03,1.196318152829072001e-02,4.630046970747361476e-03,3.277401524688193166e-03,4.055733032855165371e-03,2.963230061278311211e+01,2.097536975800443670e+01,1.297834570513652963e+01,2.963230061278311211e+01,1.907580482277722354e+02
2.371999999999999886e+01,4.604272892473314401e-03,7.845965245163200388e-03,1.189754828787157291e-02,4.604272892473314401e-03,3.241692352689885988e-03,4.051583042708372523e-03,2.946734651182921283e+01,2.074683105721527099e+01,1.296506573666679252e+01,2.946734651182921283e+01,1.895377299171338166e+02
2.373000000000000043e+01,4.562888308630590889e-03,7.761172982859297631e-03,1.177418677422323832e-02,4.562888308630590889e-03,3.198284674228706742e-03,4.013013791363940694e-03,2.920248517523578258e+01,2.046902191506372404e+01,1.284164413236461044e+01,2.920248517523578258e+01,1.875394536679923476e+02
2.373999999999999844e+01,4.505975486477794417e-03,7.654033573049633110e-03,1.159447039277251151e-02,4.505975486477794417e-03,3.148058086571838693e-03,3.940436819722878403e-03,2.883824311345788516e+01,2.014757175405976852e+01,1.260939782311321089e+01,2.883824311345788516e+01,1.847856380718926061e+02
2.375000000000000000e+01,4.434291722158474440e-03,7.525489886935750328e-03,1.136088163877072531e-02,4.434291722158474440e-03,3.091198164777275888e-03,3.835391751834974980e-03,2.837946702181423575e+01,1.978366825457456457e+01,1.227325360587192016e+01,2.837946702181423575e+01,1.813091666467821597e+02
2.376000000000000156e+01,4.349413879885490747e-03,7.376690739520327771e-03,1.107714823714233722e-02,4.349413879885490747e-03,3.027276859634837024e-03,3.700457497622009449e-03,2.783624883126714167e+01,1.937457190166295717e+01,1.184146399239043035e+01,2.783624883126714167e+01,1.771568541759615982e+02
2.376999999999999957e+01,4.252481061214547983e-03,7.207884286973803567e-03,1.074698297484149440e-02,4.252481061214547983e-03,2.955403225759255584e-03,3.539098687867690829e-03,2.721587879177310754e+01,1.891458064485923529e+01,1.132511580117661154e+01,2.721587879177310754e+01,1.723667257134268596e+02
2.378000000000000114e+01,4.143728686589157224e-03,7.018131288091750478e-03,1.037359297994003629e-02,4.143728686589157224e-03,2.874402601502593253e-03,3.355461691848285813e-03,2.651986359417060513e+01,1.839617664961659571e+01,1.073747741391451527e+01,2.651986359417060513e+01,1.669605529731051661e+02
2.378999999999999915e+01,4.023380068861796485e-03,6.806387853158304968e-03,9.960525251268068439e-03,4.023380068861796485e-03,2.783007784296508483e-03,3.154137398109763471e-03,2.574963244071549795e+01,1.781124981949765385e+01,1.009323967395124377e+01,2.574963244071549795e+01,1.609623658024931956e+02
2.380000000000000071e+01,3.891968506257048425e-03,6.572028575395974515e-03,9.511938059963136183e-03,3.891968506257048425e-03,2.680060069138926089e-03,2.939909484567161668e-03,2.490859844004511103e+01,1.715238444248912586e+01,9.407710350614916450e+00,2.490859844004511103e+01,1.544060796994474458e+02
2.380999999999999872e+01,3.749703655974596320e-03,6.314402449396045759e-03,9.031909608894083882e-03,3.749703655974596320e-03,2.564698793421449439e-03,2.717507159498038123e-03,2.399810339823741501e+01,1.641407227789727585e+01,8.696022910393722327e+00,2.399810339823741501e+01,1.473245957595852360e+02
2.382000000000000028e+01,3.596623595919509666e-03,6.033137694936264832e-03,8.524517602374544895e-03,3.596623595919509666e-03,2.436514099016755166e-03,2.491379907438280063e-03,2.301839101388486242e+01,1.559369023370723362e+01,7.972415703802496090e+00,2.301839101388486242e+01,1.397534908541837808e+02
2.382999999999999829e+01,3.433598208434275861e-03,5.729261115271221637e-03,7.994770146364828245e-03,3.433598208434275861e-03,2.295662906836945776e-03,2.265509031093606608e-03,2.197502853397936562e+01,1.469224260375645308e+01,7.249628899499541035e+00,2.197502853397936562e+01,1.317507001117060668e+02
2.383999999999999986e+01,3.262300519171205254e-03,5.405253370572700618e-03,7.448520855417805307e-03,3.262300519171205254e-03,2.142952851401495364e-03,2.043267484845104690e-03,2.087872332269571274e+01,1.371489824896957010e+01,6.538455951504334784e+00,2.087872332269571274e+01,1.233962325695088396e+02
2.385000000000000142e+01,3.084100605294817516e-03,5.063974424588564560e-03,6.891309947682565211e-03,3.084100605294817516e-03,1.979873819293747044e-03,1.827335523094000651e-03,1.973824387388683377e+01,1.267119244347998119e+01,5.847473673900801749e+00,1.973824387388683377e+01,1.147707299738028439e+02
2.385999999999999943e+01,2.899796096535670140e-03,4.708350522132705163e-03,6.328025188285200942e-03,2.899796096535670140e-03,1.808554425597035022e-03,1.619674666152495779e-03,1.855869501782828834e+01,1.157474832382102470e+01,5.182958931687986492e+00,1.855869501782828834e+01,1.059492068200118950e+02
2.387000000000000099e+01,2.710308098423453230e-03,4.341959464201210726e-03,5.763516536459141644e-03,2.710308098423453230e-03,1.631651365777757497e-03,1.421557072257930918e-03,1.734597182991010200e+01,1.044256874097764864e+01,4.548982631225379158e+00,1.734597182991010200e+01,9.701256960633938320e+01
2.387999999999999901e+01,2.516728920371758167e-03,3.968922389556105851e-03,5.202565101079616172e-03,2.516728920371758167e-03,1.452193469184347684e-03,1.233642711523510321e-03,1.610706509037925116e+01,9.294038202779825397e+00,3.947656676875233028e+00,1.610706509037925116e+01,8.804627991010292476e+01
2.389000000000000057e+01,2.319746526950220572e-03,3.593136173475927880e-03,4.649229277364097350e-03,2.319746526950220572e-03,1.273389646525707308e-03,1.056093103888169470e-03,1.484637777248141077e+01,8.149693737764525991e+00,3.379497932442142361e+00,1.484637777248141077e+01,7.912670832806423959e+01
2.389999999999999858e+01,2.119781014928556924e-03,3.218192240992473734e-03,4.106899980500956261e-03,2.119781014928556924e-03,1.098411226063916810e-03,8.887077395084825270e-04,1.356659849554276498e+01,7.029831846809067919e+00,2.843864766427143920e+00,1.356659849554276498e+01,7.032088532633693490e+01
2.391000000000000014e+01,1.917567700623423223e-03,2.847744272839248733e-03,3.578812309499796243e-03,1.917567700623423223e-03,9.301765722158255104e-04,7.310680366605475100e-04,1.227243328398990840e+01,5.953130062181283044e+00,2.339417717313752032e+00,1.227243328398990840e+01,6.169494319045483621e+01
2.392000000000000171e+01,1.714051828748792972e-03,2.485216102029982280e-03,3.067890273993365523e-03,1.714051828748792972e-03,7.711642732811893088e-04,5.826741719633832424e-04,1.096993170399227502e+01,4.935451348999611909e+00,1.864557350282826320e+00,1.096993170399227502e+01,5.330982120982413619e+01
2.392999999999999972e+01,1.509921482383600518e-03,2.133185109526944487e-03,2.576247099002930679e-03,1.509921482383600518e-03,6.232636271433439693e-04,4.430619894759861913e-04,9.663497487255042984e+00,3.988887213717401181e+00,1.417798366323155701e+00,9.663497487255042984e+00,4.521054920188680626e+01
2.394000000000000128e+01,1.305712073258994679e-03,1.793380214554136194e-03,2.105270141027212275e-03,1.305712073258994679e-03,4.876681412951415148e-04,3.118899264730760814e-04,8.356557268857566001e+00,3.121076104288905917e+00,9.980477647138434882e-01,8.356557268857566001e+00,3.742704341358094666e+01
2.394999999999999929e+01,1.102268502969009321e-03,1.467095084162594936e-03,1.656084478513939568e-03,1.102268502969009321e-03,3.648265811935856150e-04,1.889893943513446320e-04,7.054518419001659879e+00,2.334890119638947770e+00,6.047660619243028224e-01,7.054518419001659879e+00,2.998252380169473241e+01
2.396000000000000085e+01,9.010051077060910862e-04,1.155469965340340764e-03,1.229846279213658855e-03,9.010051077060910862e-04,2.544648576342496780e-04,7.437631387331809091e-05,5.766432689318983229e+00,1.628575088859197884e+00,2.380042043946178909e-01,5.766432689318983229e+00,2.289903594771839579e+01
2.396999999999999886e+01,7.040300104700902015e-04,8.597116268006786167e-04,8.279377720743285674e-04,7.040300104700902015e-04,1.556816163305884152e-04,-3.177385472635004936e-05,4.505792067008576929e+00,9.963623445157658853e-01,-1.016763351243201580e-01,4.505792067008576929e+00,1.620143422920006770e+01
2.398000000000000043e+01,5.139724588404809280e-04,5.810802709337977356e-04,4.518993983080835824e-04,5.139724588404809280e-04,6.710781209331680760e-05,-1.291808726257141532e-04,3.289423736579077939e+00,4.294899973972275964e-01,-4.133787924022853111e-01,3.289423736579077939e+00,9.916604824722060840e+00
2.398999999999999844e+01,3.331367949635071217e-04,3.202386955784107124e-04,1.027044365595651207e-04,3.331367949635071217e-04,-1.289809938509640930e-05,-2.175342590188455918e-04,2.132075487766445399e+00,-8.254783606461701950e-02,-6.961096288603059179e-01,2.132075487766445399e+00,4.060254068524567828e+00
2.400000000000000000e+01,1.628499752038049017e-04,7.679174461475419113e-05,-2.197843460398699034e-04,1.628499752038049017e-04,-8.605823058905071054e-05,-2.965760906546241081e-04,1.042239841304351433e+00,-5.507726757699245024e-01,-9.490434900947971597e-01,1.042239841304351433e+00,-1.372728973681110354e+00
2.401000000000000156e+01,4.220476725901040439e-06,-1.497834620925265548e-04,-5.159642358432828865e-04,4.220476725901040439e-06,-1.540039388184275893e-04,-3.661807737507563046e-04,2.701105104576665902e-02,-9.856252084379365508e-01,-1.171778476002420133e+00,2.701105104576665902e-02,-6.391177900183769189e+00
2.401999999999999957e+01,-1.407346178235100147e-04,-3.588477836895269304e-04,-7.852692367631508661e-04,-1.407346178235100147e-04,-2.181131658660169156e-04,-4.264214530736239357e-04,-9.007015540704641499e-01,-1.395924261542508260e+00,-1.364548649835596539e+00,-9.007015540704641499e-01,-1.098352339634570640e+01
2.403000000000000114e+01,-2.697146301766580349e-04,-5.490728757935323719e-04,-1.026686801168561793e-03,-2.697146301766580349e-04,-2.793582456168743370e-04,-4.776139253750294206e-04,-1.726173633130611451e+00,-1.787892771947995785e+00,-1.528364561200094229e+00,-1.726173633130611451e+00,-1.512729289883610484e+01
2.403999999999999915e+01,-3.820141538772385526e-04,-7.202216707214231187e-04,-1.240552930583697141e-03,-3.820141538772385526e-04,-3.382075168441845661e-04,-5.203312598622740221e-04,-2.444890584814326751e+00,-2.164528107802781154e+00,-1.665060031559276954e+00,-2.444890584814326751e+00,-1.882343617252915280e+01
2.405000000000000071e+01,-4.790587589153284549e-04,-8.736825003868690671e-04,-1.429069079320702826e-03,-4.790587589153284549e-04,-3.946237414715406122e-04,-5.553865789338337591e-04,-3.065976057058102278e+00,-2.525591945417859918e+00,-1.777237052588267918e+00,-3.065976057058102278e+00,-2.210641516519268990e+01
2.405999999999999872e+01,-5.630064592664635196e-04,-1.011156264514563065e-03,-1.594942844544740366e-03,-5.630064592664635196e-04,-4.481498052480995453e-04,-5.837865800301773010e-04,-3.603241339305366608e+00,-2.868158753587837229e+00,-1.868117056096567419e+00,-3.603241339305366608e+00,-2.501855144696931177e+01
2.407000000000000028e+01,-6.354735097901300376e-04,-1.133507886489734228e-03,-1.740170264286577733e-03,-6.354735097901300376e-04,-4.980343766996041905e-04,-6.066623777968435053e-04,-4.067030462656831880e+00,-3.187420010877466847e+00,-1.941319608949899189e+00,-4.067030462656831880e+00,-2.758731024745259219e+01
2.407999999999999829e+01,-6.976537644180807107e-04,-1.241018211992775096e-03,-1.866204489895953444e-03,-6.976537644180807107e-04,-5.433644475746943854e-04,-6.251862779031783484e-04,-4.464984092275716243e+00,-3.477532464478044094e+00,-2.000596089290170632e+00,-4.464984092275716243e+00,-2.982933793813179335e+01
2.408999999999999986e+01,-7.507808577401446897e-04,-1.333979215043395311e-03,-1.974462991266465357e-03,-7.507808577401446897e-04,-5.831983573032506214e-04,-6.404837762230700463e-04,-4.804997489536925848e+00,-3.732469486740804143e+00,-2.049548083913824037e+00,-4.804997489536925848e+00,-3.176104518057466208e+01
2.410000000000000142e+01,-7.958856036259931302e-04,-1.412577726846678695e-03,-2.066127722241559161e-03,-7.958856036259931302e-04,-6.166921232206855645e-04,-6.535499953948804668e-04,-5.093667863206356117e+00,-3.946829588612387418e+00,-2.091359985263617549e+00,-5.093667863206356117e+00,-3.339557231124708636e+01
2.410999999999999943e+01,-8.335316960351125612e-04,-1.476734035255875639e-03,-2.141912872732505344e-03,-8.335316960351125612e-04,-6.432023392207630776e-04,-6.651788374766297047e-04,-5.334602854624720614e+00,-4.116494971012883752e+00,-2.128572279925215138e+00,-5.334602854624720614e+00,-3.473901031668846429e+01
2.412000000000000099e+01,-8.643825342414138222e-04,-1.526743051980185674e-03,-2.202654460639732158e-03,-8.643825342414138222e-04,-6.623605177387718521e-04,-6.759114086595464834e-04,-5.532048219145048407e+00,-4.239107313528140075e+00,-2.162916507710548775e+00,-5.532048219145048407e+00,-3.580221612115121133e+01
2.412999999999999901e+01,-8.899162280562352822e-04,-1.564047389119569949e-03,-2.250055762244003096e-03,-8.899162280562352822e-04,-6.741311610633346670e-04,-6.860083731244331472e-04,-5.695463859559906084e+00,-4.314439430805341757e+00,-2.195226793998186210e+00,-5.695463859559906084e+00,-3.661539025309030393e+01
2.414000000000000057e+01,-9.120984050722711570e-04,-1.590955909514125055e-03,-2.286405060173491658e-03,-9.120984050722711570e-04,-6.788575044418538977e-04,-6.954491506593666033e-04,-5.837429792462535794e+00,-4.344688028427865056e+00,-2.225437282109973047e+00,-5.837429792462535794e+00,-3.722266530900112258e+01
2.414999999999999858e+01,-9.323136441843953232e-04,-1.609588249560971402e-03,-2.313547050086068105e-03,-9.323136441843953232e-04,-6.772746053765760785e-04,-7.039588005250967031e-04,-5.966807322780129930e+00,-4.334557474410086542e+00,-2.252668161680309478e+00,-5.966807322780129930e+00,-3.766209887661158007e+01
2.416000000000000014e+01,-9.510590382190994103e-04,-1.621528334698350100e-03,-2.332588925444987159e-03,-9.510590382190994103e-04,-6.704692964792506897e-04,-7.110605907466370588e-04,-6.086777844602235810e+00,-4.291003497467204220e+00,-2.275393890389238560e+00,-6.086777844602235810e+00,-3.795952569737603710e+01
2.417000000000000171e+01,-9.689168773853565385e-04,-1.628715413747444055e-03,-2.344864681950794335e-03,-9.689168773853565385e-04,-6.597985363620875168e-04,-7.161492682033502796e-04,-6.201068015266281819e+00,-4.222710632717360468e+00,-2.291677658250721006e+00,-6.201068015266281819e+00,-3.814636891870308943e+01
2.417999999999999972e+01,-9.875500022916675232e-04,-1.634352482840960947e-03,-2.352930642455387973e-03,-9.875500022916675232e-04,-6.468024805492934241e-04,-7.185781596144270259e-04,-6.320320014666672037e+00,-4.139535875515478303e+00,-2.299450110766166677e+00,-6.320320014666672037e+00,-3.827791800284495594e+01
2.419000000000000128e+01,-1.009502354368431096e-03,-1.642637816474131320e-03,-2.360390698814807207e-03,-1.009502354368431096e-03,-6.331354621057002242e-04,-7.177528823406758868e-04,-6.460815067957959457e+00,-4.052066957476481157e+00,-2.296809223490162921e+00,-6.460815067957959457e+00,-3.842907374677380972e+01
2.419999999999999929e+01,-1.037257183199007593e-03,-1.657765079037800239e-03,-2.370989949750779320e-03,-1.037257183199007593e-03,-6.205078958387926467e-04,-7.132248707129790807e-04,-6.638445972473648204e+00,-3.971250533368273050e+00,-2.282319586281532864e+00,-6.638445972473648204e+00,-3.867604827637035925e+01
2.421000000000000085e+01,-1.072755917517426074e-03,-1.683379371266127038e-03,-2.388157640826730349e-03,-1.072755917517426074e-03,-6.106234537487009641e-04,-7.047782695606033109e-04,-6.865637872111526541e+00,-3.907990103991686226e+00,-2.255290462593930734e+00,-6.865637872111526541e+00,-3.908675531609142695e+01
2.421999999999999886e+01,-1.117631559617363090e-03,-1.722742989409359327e-03,-2.415246994740594382e-03,-1.117631559617363090e-03,-6.051114297919962370e-04,-6.925040053312350556e-04,-7.152841981551123496e+00,-3.872713150668775750e+00,-2.216012817059952233e+00,-7.152841981551123496e+00,-3.972470384783954955e+01
2.423000000000000043e+01,-1.173454643586946747e-03,-1.778921141777704742e-03,-2.455776668216155811e-03,-1.173454643586946747e-03,-6.054664981907579950e-04,-6.768555264384510696e-04,-7.510109718956458735e+00,-3.874985588420851279e+00,-2.165937684603043589e+00,-7.510109718956458735e+00,-4.065309897594106303e+01
2.423999999999999844e+01,-1.241527899969384254e-03,-1.854530462938721062e-03,-2.513212439116270600e-03,-1.241527899969384254e-03,-6.130025629693368078e-04,-6.586819761775495382e-04,-7.945778559804058894e+00,-3.923216403003755737e+00,-2.107782323768158328e+00,-7.945778559804058894e+00,-4.193033185972791443e+01
2.425000000000000000e+01,-1.322403728074237825e-03,-1.951218798178054039e-03,-2.590454858193297089e-03,-1.322403728074237825e-03,-6.288150701038162146e-04,-6.392360600152430499e-04,-8.463383859675122523e+00,-4.024416448664423385e+00,-2.045555392048777676e+00,-8.463383859675122523e+00,-4.360006710116496720e+01
2.426000000000000156e+01,-1.415505370408749958e-03,-2.069246640120311204e-03,-2.689401805710565224e-03,-1.415505370408749958e-03,-6.537412697115612455e-04,-6.201551655902540205e-04,-9.059234370616000120e+00,-4.183944126153991583e+00,-1.984496529888812866e+00,-9.059234370616000120e+00,-4.568302507997641726e+01
2.426999999999999957e+01,-1.519142413210697231e-03,-2.207456455993829503e-03,-2.810871764721469251e-03,-1.519142413210697231e-03,-6.883140427831322718e-04,-6.034153087276397480e-04,-9.722511444548462833e+00,-4.405209873812046872e+00,-1.930928987928447249e+00,-9.722511444548462833e+00,-4.817595091886687442e+01
2.428000000000000114e+01,-1.630952795760503681e-03,-2.363669720747468752e-03,-2.954928224449574706e-03,-1.630952795760503681e-03,-7.327169249869650708e-04,-5.912585037021059545e-04,-1.043809789286722278e+01,-4.689388319916576009e+00,-1.892027211846738943e+00,-1.043809789286722278e+01,-5.105854027389161587e+01
2.428999999999999915e+01,-1.748408615429796658e-03,-2.535164035498580978e-03,-3.121259586229720075e-03,-1.748408615429796658e-03,-7.867554200687843207e-04,-5.860955507311390970e-04,-1.118981513875069922e+01,-5.035234688440219486e+00,-1.875505762339645166e+00,-1.118981513875069922e+01,-5.430166676859170138e+01
2.430000000000000071e+01,-1.868958956878863462e-03,-2.718813662013465794e-03,-3.309201697174725832e-03,-1.868958956878863462e-03,-8.498547051346023312e-04,-5.903880351612600386e-04,-1.196133732402472560e+01,-5.439070112861454476e+00,-1.889241712516032123e+00,-1.196133732402472560e+01,-5.786894744820663306e+01
2.430999999999999872e+01,-1.989856881403248481e-03,-2.910938457575821051e-03,-3.517453614107670778e-03,-1.989856881403248481e-03,-9.210815761725725699e-04,-6.065151565318497272e-04,-1.273508404098079083e+01,-5.894922087504464336e+00,-1.940848500901919182e+00,-1.273508404098079083e+01,-6.171256388816152594e+01
2.432000000000000028e+01,-2.107991829688839799e-03,-3.107172750287927332e-03,-3.743805119102680632e-03,-2.107991829688839799e-03,-9.991809205990875332e-04,-6.366323688147533001e-04,-1.349114771000857438e+01,-6.394757891834160546e+00,-2.037223580207210727e+00,-1.349114771000857438e+01,-6.576938754614982940e+01
2.432999999999999829e+01,-2.219872249549148611e-03,-3.302489765287873903e-03,-3.985019247771624633e-03,-2.219872249549148611e-03,-1.082617515738725292e-03,-6.825294824837507303e-04,-1.420718239711455055e+01,-6.928752100727841423e+00,-2.184094343948002503e+00,-1.420718239711455055e+01,-6.996008652537118166e+01
2.433999999999999986e+01,-2.321802995443364003e-03,-3.491421809124229184e-03,-4.236917724998959939e-03,-2.321802995443364003e-03,-1.169618813680865180e-03,-7.454959158747307552e-04,-1.485953917083752884e+01,-7.485560407557537488e+00,-2.385586930799138194e+00,-1.485953917083752884e+01,-7.419205952758261446e+01
2.435000000000000142e+01,-2.410286620677882120e-03,-3.668507567627440815e-03,-4.494707987353470380e-03,-2.410286620677882120e-03,-1.258220946949558695e-03,-8.262004197260295647e-04,-1.542583437233844634e+01,-8.052614060477175428e+00,-2.643841343123294774e+00,-1.542583437233844634e+01,-7.836686932781674386e+01
2.435999999999999943e+01,-2.482440158666148183e-03,-3.828764493726790046e-03,-4.753356578130004187e-03,-2.482440158666148183e-03,-1.346324335060641864e-03,-9.245920844032141407e-04,-1.588761701546334848e+01,-8.616475744388107927e+00,-2.958694670090285417e+00,-1.588761701546334848e+01,-8.238836228982523835e+01
2.437000000000000099e+01,-2.536113447945879604e-03,-3.967875100528734690e-03,-5.007703940965785826e-03,-2.536113447945879604e-03,-1.431761652582855086e-03,-1.039828840437051136e-03,-1.623112606685362991e+01,-9.163274576530271887e+00,-3.327452289398563856e+00,-1.623112606685362991e+01,-8.616555879834740495e+01
2.437999999999999901e+01,-2.569772573738546805e-03,-4.082145432090863654e-03,-5.252384231283543231e-03,-2.569772573738546805e-03,-1.512372858352316850e-03,-1.170238799192679577e-03,-1.644654447192669977e+01,-9.679186293454828061e+00,-3.744764157416574868e+00,-1.644654447192669977e+01,-8.961148476839430543e+01
2.439000000000000057e+01,-2.582470726905571664e-03,-4.168549933591765219e-03,-5.481868397933129140e-03,-2.582470726905571664e-03,-1.586079206686193555e-03,-1.313318464341363921e-03,-1.652781265219566009e+01,-1.015090692279163953e+01,-4.202619085892364659e+00,-1.652781265219566009e+01,-9.264401598263899018e+01
2.439999999999999858e+01,-2.573976038200598889e-03,-4.224928205759000306e-03,-5.690698335705048072e-03,-2.573976038200598889e-03,-1.650952167558401417e-03,-1.465770129946047766e-03,-1.647344664448383256e+01,-1.056609387237376829e+01,-4.690464415827352518e+00,-1.647344664448383256e+01,-9.519001479805484678e+01
2.441000000000000014e+01,-2.544857281972805543e-03,-4.250133832409345135e-03,-5.873712715220044331e-03,-2.544857281972805543e-03,-1.705276550436539591e-03,-1.623578882810699196e-03,-1.628708660462595503e+01,-1.091376992279385405e+01,-5.195452424994237539e+00,-1.628708660462595503e+01,-9.718892685724213720e+01
2.442000000000000171e+01,-2.496434175110886361e-03,-4.244040451754664198e-03,-6.026168147366128998e-03,-2.496434175110886361e-03,-1.747606276643777837e-03,-1.782127695611464800e-03,-1.597717872070967360e+01,-1.118468017052017771e+01,-5.702808625956687472e+00,-1.597717872070967360e+01,-9.859400255155961190e+01
2.442999999999999972e+01,-2.430752215957953776e-03,-4.207562934974142139e-03,-6.143910132555363210e-03,-2.430752215957953776e-03,-1.776810719016188363e-03,-1.936347197581221070e-03,-1.555681418213090339e+01,-1.137158860170360519e+01,-6.196311032259907314e+00,-1.555681418213090339e+01,-9.937414144828323970e+01
2.444000000000000128e+01,-2.350647731847501851e-03,-4.142759950545516628e-03,-6.223654904978987920e-03,-2.350647731847501851e-03,-1.792112218698014778e-03,-2.080894954433471292e-03,-1.504414548382401229e+01,-1.146951819966729502e+01,-6.658863854187107911e+00,-1.504414548382401229e+01,-9.951758261303524478e+01
2.444999999999999929e+01,-2.259688932244987517e-03,-4.052805304934259736e-03,-6.263162926270017354e-03,-2.259688932244987517e-03,-1.793116372689272219e-03,-2.210357621335757618e-03,-1.446200916636792044e+01,-1.147594478521134143e+01,-7.073144388274424266e+00,-1.446200916636792044e+01,-9.903329501956105219e+01
2.446000000000000085e+01,-2.161862283975682884e-03,-3.941694768651083682e-03,-6.261162929672140290e-03,-2.161862283975682884e-03,-1.779832484675400797e-03,-2.319468161021056608e-03,-1.383591861744437068e+01,-1.139092790192256466e+01,-7.422298115267381036e+00,-1.383591861744437068e+01,-9.794743390390294735e+01
2.446999999999999886e+01,-2.061206246715420118e-03,-3.813883944305397448e-03,-6.217213276639851731e-03,-2.061206246715420118e-03,-1.752677697589977331e-03,-2.403329332334454282e-03,-1.319171997897868920e+01,-1.121713726457585558e+01,-7.690653863470253704e+00,-1.319171997897868920e+01,-9.629853332107438746e+01
2.448000000000000043e+01,-1.961528358607465047e-03,-3.673987844191863635e-03,-6.131621661376592675e-03,-1.961528358607465047e-03,-1.712459485584398589e-03,-2.457633817184729039e-03,-1.255378149508777597e+01,-1.095974070774015097e+01,-7.864428214991132648e+00,-1.255378149508777597e+01,-9.413385125345718052e+01
2.448999999999999844e+01,-1.866065022433364279e-03,-3.526398201905983718e-03,-6.005268948030766107e-03,-1.866065022433364279e-03,-1.660333179472619439e-03,-2.478870746124782389e-03,-1.194281614357353050e+01,-1.062613234862476475e+01,-7.932386387599303923e+00,-1.194281614357353050e+01,-9.150400463939280371e+01
2.450000000000000000e+01,-1.777088854990111931e-03,-3.374820208612246564e-03,-5.839328281821356582e-03,-1.777088854990111931e-03,-1.597731353622134634e-03,-2.464508073209110018e-03,-1.137336867193671708e+01,-1.022548066318166171e+01,-7.886425834269152446e+00,-1.137336867193671708e+01,-8.845582550816259015e+01
2.451000000000000156e+01,-1.695687507214180137e-03,-3.221952294599901914e-03,-5.635092601539749835e-03,-1.695687507214180137e-03,-1.526264787385721777e-03,-2.413140306939847921e-03,-1.085240004617075371e+01,-9.768094639268619872e+00,-7.722048982207513568e+00,-1.085240004617075371e+01,-8.502763100294066589e+01
2.451999999999999957e+01,-1.621758904368163527e-03,-3.069360289666608985e-03,-5.393951985752391300e-03,-1.621758904368163527e-03,-1.447601385298445459e-03,-2.324591696085782314e-03,-1.037925698795624641e+01,-9.264648865910050546e+00,-7.438693427474503572e+00,-1.037925698795624641e+01,-8.124779784402240068e+01
2.453000000000000114e+01,-1.553982822198528855e-03,-2.917316087999669710e-03,-5.117282365557408036e-03,-1.553982822198528855e-03,-1.363333265801140856e-03,-2.199966277557738326e-03,-9.945490062070584614e+00,-8.725332901127300644e+00,-7.039892088184762642e+00,-9.945490062070584614e+00,-7.713214515414794903e+01
2.453999999999999915e+01,-1.489709094478260587e-03,-2.764549728932083790e-03,-4.806187949316739760e-03,-1.489709094478260587e-03,-1.274840634453823203e-03,-2.041638220384655970e-03,-9.534138204660868254e+00,-8.158980060504468668e+00,-6.533242305230898772e+00,-9.534138204660868254e+00,-7.267908171118870087e+01
2.455000000000000071e+01,-1.425191327069307750e-03,-2.608354319808370986e-03,-4.461532878242135090e-03,-1.425191327069307750e-03,-1.183162992739063236e-03,-1.853178558433764105e-03,-9.121224493243570208e+00,-7.572243153530004989e+00,-5.930171386988044802e+00,-9.121224493243570208e+00,-6.787091710128486000e+01
2.455999999999999872e+01,-1.356377620253971855e-03,-2.445276207648313608e-03,-4.084493999061009940e-03,-1.356377620253971855e-03,-1.088898587394341753e-03,-1.639217791412696332e-03,-8.680816769625419482e+00,-6.968950959323787053e+00,-5.245496932520627986e+00,-8.680816769625419482e+00,-6.268579398440950712e+01
2.457000000000000028e+01,-1.279531634053851508e-03,-2.271687793948964397e-03,-3.676935864768077992e-03,-1.279531634053851508e-03,-9.921561598951128894e-04,-1.405248070819113595e-03,-8.189002457944649649e+00,-6.349799423328722270e+00,-4.496793826621163781e+00,-8.189002457944649649e+00,-5.710678712368360976e+01
2.457999999999999829e+01,-1.191053957002986049e-03,-2.083619346207080895e-03,-3.240992707744529914e-03,-1.191053957002986049e-03,-8.925653892040948459e-04,-1.157373361537449019e-03,-7.622745324819110380e+00,-5.712418490906206792e+00,-3.703594756919836861e+00,-7.622745324819110380e+00,-5.111627571793545854e+01
2.458999999999999986e+01,-1.087276320351031594e-03,-1.876610231175509201e-03,-2.778630417147858606e-03,-1.087276320351031594e-03,-7.893339108244776074e-04,-9.020201859723494045e-04,-6.958568450246602310e+00,-5.051737029276656799e+00,-2.886464595111517983e+00,-6.958568450246602310e+00,-4.469031022390433350e+01
2.460000000000000142e+01,-9.652920323160482478e-04,-1.646638662336779571e-03,-2.292263511761121440e-03,-9.652920323160482478e-04,-6.813466300207313229e-04,-6.456248494243418696e-04,-6.177869006822708897e+00,-4.360618432132680411e+00,-2.065999518157894066e+00,-6.177869006822708897e+00,-3.781346087133984923e+01
2.460999999999999943e+01,-8.242180205836301121e-04,-1.391539475765960279e-03,-1.785855207172078359e-03,-8.242180205836301121e-04,-5.673214551823301671e-04,-3.943157314061180793e-04,-5.274995331735232718e+00,-3.630857313166913070e+00,-1.261810340499577965e+00,-5.274995331735232718e+00,-3.050298895620517214e+01
2.462000000000000099e+01,-6.652636159047105096e-04,-1.111287930025538868e-03,-1.264899344923215308e-03,-6.652636159047105096e-04,-4.460243141208283585e-04,-1.536114148976764401e-04,-4.257687141790147400e+00,-2.854555610373301633e+00,-4.915565276725646360e-01,-4.257687141790147400e+00,-2.281139783950803945e+01
2.462999999999999901e+01,-4.904103823227575886e-04,-8.069169558974678127e-04,-7.350730987305658650e-04,-4.904103823227575886e-04,-3.165065735747102241e-04,7.184385716690194768e-05,-3.138626446865648401e+00,-2.025642070878145518e+00,2.299003429340862326e-01,-3.138626446865648401e+00,-1.480310452442912350e+01
2.464000000000000057e+01,-3.014970152903457754e-04,-4.798066741841084900e-04,-2.013188213389893874e-04,-3.014970152903457754e-04,-1.783096588937627147e-04,2.784878528451190756e-04,-1.929580897858212962e+00,-1.141181816920081360e+00,8.911611291043810557e-01,-1.929580897858212962e+00,-6.538804757021738467e+00
2.464999999999999858e+01,-1.009782503015688269e-04,-1.325906100136600035e-04,3.313854170683772971e-04,-1.009782503015688269e-04,-3.161235971209117664e-05,4.639760270820373006e-04,-6.462608019300405404e-01,-2.023191021573835235e-01,1.484723286662519293e+00,-6.462608019300405404e-01,1.908430147725283632e+00
2.466000000000000014e+01,1.068980907758136157e-04,2.295630150627380416e-04,8.567984819105089805e-04,1.068980907758136157e-04,1.226649242869244259e-04,6.272354668477709118e-04,6.841477809652071196e-01,7.850555154363163535e-01,2.007153493912866793e+00,6.841477809652071196e-01,1.042907037094317069e+01
2.467000000000000171e+01,3.164188081192452462e-04,5.992088927884336221e-04,1.367641561417406223e-03,3.164188081192452462e-04,2.827900846691883759e-04,7.684326686289726007e-04,2.025080371963169590e+00,1.809856541882805647e+00,2.458984539612712350e+00,2.025080371963169590e+00,1.888176436037606010e+01
2.467999999999999972e+01,5.219886114401628549e-04,9.681980503071078471e-04,1.857054373391111776e-03,5.219886114401628549e-04,4.462094388669449923e-04,8.888563230840039291e-04,3.340727113217042188e+00,2.855740408748447923e+00,2.844340233868812629e+00,3.340727113217042188e+00,2.712242326750290999e+01
2.469000000000000128e+01,7.192318644202818538e-04,1.328865595043460723e-03,2.319588478227046103e-03,7.192318644202818538e-04,6.096337306231788692e-04,9.907228831835853799e-04,4.603083932289804281e+00,3.901655875988344846e+00,3.170313226187473354e+00,4.603083932289804281e+00,3.502515910339686656e+01
2.469999999999999929e+01,9.050263517523308944e-04,1.674253699036416321e-03,2.751173485560089952e-03,9.050263517523308944e-04,7.692273472840854267e-04,1.076919786523673631e-03,5.792168651214917752e+00,4.923055022618147092e+00,3.446143316875755591e+00,5.792168651214917752e+00,4.248410097212645553e+01
2.471000000000000085e+01,1.077310165542704271e-03,1.998188884728370560e-03,3.148896280517826836e-03,1.077310165542704271e-03,9.208787191856662897e-04,1.150707395789456276e-03,6.894785059473306887e+00,5.893623802788264143e+00,3.682263666526260248e+00,6.894785059473306887e+00,4.941201758636348984e+01
2.471999999999999886e+01,1.235051717867933965e-03,2.295572028569000094e-03,3.510976932124762213e-03,1.235051717867933965e-03,1.060520310701066130e-03,1.215404903555762119e-03,7.904330994354777040e+00,6.787329988486822785e+00,3.889295691378438669e+00,7.904330994354777040e+00,5.574287002266011370e+01
2.473000000000000043e+01,1.377833953558845782e-03,2.562294761851522090e-03,3.836381855543705144e-03,1.377833953558845782e-03,1.184460808292676307e-03,1.274087093692183054e-03,8.818137302776612785e+00,7.580549173073128699e+00,4.077078699814985718e+00,8.818137302776612785e+00,6.142729552699417894e+01
2.473999999999999844e+01,1.505155435909402099e-03,2.794838905868159140e-03,4.124156546674447379e-03,1.505155435909402099e-03,1.289683469958757042e-03,1.329317640806288239e-03,9.632994789820173764e+00,8.253974207736044733e+00,4.253816450580122144e+00,9.632994789820173764e+00,6.642235634440902459e+01
2.475000000000000000e+01,1.616425687924598689e-03,2.990499029679571062e-03,4.373439659064093030e-03,1.616425687924598689e-03,1.374073341754972373e-03,1.382940629384521967e-03,1.034512440271743117e+01,8.794069387231823853e+00,4.425410014030470407e+00,1.034512440271743117e+01,7.069381141193917983e+01
2.476000000000000156e+01,1.711601840220472069e-03,3.148164083935430391e-03,4.584110119200448738e-03,1.711601840220472069e-03,1.436562243714958323e-03,1.435946035265018347e-03,1.095425177741102196e+01,9.193998359775733320e+00,4.595027312848058543e+00,1.095425177741102196e+01,7.422983235010444503e+01
2.476999999999999957e+01,1.791166954323369529e-03,3.268357996675402312e-03,4.756776082077889510e-03,1.791166954323369529e-03,1.477191042352032782e-03,1.488418085402487198e-03,1.146346850766956571e+01,9.454022671053010640e+00,4.762937873287959256e+00,1.146346850766956571e+01,7.704128715603161481e+01
2.478000000000000114e+01,1.855227216704070361e-03,3.352303230927699326e-03,4.891871305513189293e-03,1.855227216704070361e-03,1.497076014223628964e-03,1.539568074585489967e-03,1.187345418690605037e+01,9.581286491031224983e+00,4.926617838673568173e+00,1.187345418690605037e+01,7.914407554983253590e+01
2.478999999999999915e+01,1.903110780555413448e-03,3.401377449953289604e-03,4.989222913424219696e-03,1.903110780555413448e-03,1.498266669397876156e-03,1.587845463470930092e-03,1.217990899555464601e+01,9.588906684146406789e+00,5.081105483106976628e+00,1.217990899555464601e+01,8.054976348842407674e+01
2.480000000000000071e+01,1.934270508798920617e-03,3.417785684816294824e-03,5.048899487745642407e-03,1.934270508798920617e-03,1.483515176017374208e-03,1.631113802929347583e-03,1.237933125631309217e+01,9.494497126511195262e+00,5.219564169373912321e+00,1.237933125631309217e+01,8.128017765659458860e+01
2.480999999999999872e+01,1.949464059479484417e-03,3.405473469082056191e-03,5.072346244868044390e-03,1.949464059479484417e-03,1.456009409602571775e-03,1.666872775785988199e-03,1.247656998066869960e+01,9.318460221456458470e+00,5.333992882515162570e+00,1.247656998066869960e+01,8.138706925392096991e+01
2.482000000000000028e+01,1.950775840933624463e-03,3.369891147755611858e-03,5.062396395313105424e-03,1.950775840933624463e-03,1.419115306821987395e-03,1.692505247557493566e-03,1.248496538197519712e+01,9.082337963660719993e+00,5.416016792183979689e+00,1.248496538197519712e+01,8.094996041345969218e+01
2.482999999999999829e+01,1.940510741856791600e-03,3.316650985852629113e-03,5.022179056243695344e-03,1.940510741856791600e-03,1.376140243995837512e-03,1.705528070391066232e-03,1.241926874788346602e+01,8.807297561573360412e+00,5.457689825251412330e+00,1.241926874788346602e+01,8.005276840412471984e+01
2.483999999999999986e+01,1.920287774471769173e-03,3.250397599517467276e-03,4.954223974009148296e-03,1.920287774471769173e-03,1.330109825045698102e-03,1.703826374491681020e-03,1.228984175661932277e+01,8.512702880292467356e+00,5.452244398373379042e+00,1.228984175661932277e+01,7.876436710585551282e+01
2.485000000000000142e+01,1.891270895051573022e-03,3.174835776347654116e-03,4.860688671788226771e-03,1.891270895051573022e-03,1.283564881296081093e-03,1.685852895440572655e-03,1.210413372833006740e+01,8.214815240294919718e+00,5.394729265409832664e+00,1.210413372833006740e+01,7.714103470210446289e+01
2.485999999999999943e+01,1.855044757262186471e-03,3.093454302109448825e-03,4.744231406223422751e-03,1.855044757262186471e-03,1.238409544847262353e-03,1.650777104113973926e-03,1.187228644647799314e+01,7.925821087022479006e+00,5.282486733164716952e+00,1.187228644647799314e+01,7.524178279999557617e+01
2.487000000000000099e+01,1.813865482070651635e-03,3.009705220858752833e-03,4.608279104640474952e-03,1.813865482070651635e-03,1.195839738788101198e-03,1.598573883781722119e-03,1.160873908525216969e+01,7.653374328243847557e+00,5.115436428101510558e+00,1.160873908525216969e+01,7.313264952479258341e+01
2.487999999999999901e+01,1.769853343624747631e-03,2.926204556840813001e-03,4.456252049524386284e-03,1.769853343624747631e-03,1.156351213216065370e-03,1.530047492683573283e-03,1.132706139919838506e+01,7.400647764582818589e+00,4.896151976587434618e+00,1.132706139919838506e+01,7.087158342110591036e+01
2.489000000000000057e+01,1.724214497799135418e-03,2.844016359250758040e-03,4.290808575933345408e-03,1.724214497799135418e-03,1.119801861451622622e-03,1.446792216682587368e-03,1.103497278591446751e+01,7.166731913290385059e+00,4.629735093384280020e+00,1.103497278591446751e+01,6.849431937776739687e+01
2.489999999999999858e+01,1.677521607443261016e-03,2.763032380278862988e-03,4.114128143187435749e-03,1.677521607443261016e-03,1.085510772835601972e-03,1.351095762908572761e-03,1.073613828763687117e+01,6.947268946147852731e+00,4.323506441307432446e+00,1.073613828763687117e+01,6.602074102527646460e+01
2.491000000000000014e+01,1.630453385044154570e-03,2.682849169412836361e-03,3.928644500939970294e-03,1.630453385044154570e-03,1.052395784368681791e-03,1.245795331527133933e-03,1.043490166428258981e+01,6.735333019959563572e+00,3.986545060886828473e+00,1.043490166428258981e+01,6.347033923538694467e+01
2.492000000000000171e+01,1.583854971613682730e-03,2.603003030514128551e-03,3.737102681528261302e-03,1.583854971613682730e-03,1.019148058900445821e-03,1.134099651014132751e-03,1.013667181832756903e+01,6.522547576962852922e+00,3.629118883245224580e+00,1.013667181832756903e+01,6.086501483560694226e+01
2.492999999999999972e+01,1.538216828321887662e-03,2.522638667737444988e-03,3.542031237896034208e-03,1.538216828321887662e-03,9.844218394155573263e-04,1.019392570158589219e-03,9.844587701260081758e+00,6.300299772259567277e+00,3.262056224507485336e+00,9.844587701260081758e+00,5.822083109408140444e+01
2.494000000000000128e+01,1.493408545741100203e-03,2.440418273913358763e-03,3.345452691595931626e-03,1.493408545741100203e-03,9.470097281722585601e-04,9.050344176825728636e-04,9.557814692743042073e+00,6.060862260302454452e+00,2.896110136584232997e+00,9.557814692743042073e+00,5.554436126888919034e+01
2.494999999999999929e+01,1.448908592014687977e-03,2.354893676027859824e-03,3.149069929697588446e-03,1.448908592014687977e-03,9.059850840131718468e-04,7.941762536697286219e-04,9.273014988894002997e+00,5.798304537684299653e+00,2.541364011743131535e+00,9.273014988894002997e+00,5.283805061496430255e+01
2.496000000000000085e+01,1.404138186585234980e-03,2.264944238438674692e-03,2.954544107409056829e-03,1.404138186585234980e-03,8.608060518534397122e-04,6.895998689703821370e-04,8.986484394145504595e+00,5.509158731862013880e+00,2.206719580705222672e+00,8.986484394145504595e+00,5.010708812013822211e+01
2.496999999999999886e+01,1.358571880460765534e-03,2.169950919963283854e-03,2.763544341379538943e-03,1.358571880460765534e-03,8.113790395025183202e-04,5.935934214162550890e-04,8.694860034948899141e+00,5.192825852816117305e+00,1.899498948532016396e+00,8.694860034948899141e+00,4.736155450889110341e+01
2.498000000000000043e+01,1.311585335144454167e-03,2.069661866333281572e-03,2.577530991409648572e-03,1.311585335144454167e-03,7.580765311888274047e-04,5.078691250763670006e-04,8.394146144924507169e+00,4.851689799608495335e+00,1.625181200244374402e+00,8.394146144924507169e+00,4.461305143433213516e+01
2.498999999999999844e+01,1.262217240663306931e-03,1.963920005546585835e-03,2.397445516482943004e-03,1.262217240663306931e-03,7.017027648832789045e-04,4.335255109363571682e-04,8.078190340245164691e+00,4.490897695252985322e+00,1.387281634996342827e+00,8.078190340245164691e+00,4.186910901148348074e+01
2.500000000000000000e+01,1.209195451970734858e-03,1.852602700629864306e-03,2.223655404560201474e-03,1.209195451970734858e-03,6.434072486591294483e-04,3.710527039303371678e-04,7.738850892612703092e+00,4.117806391418428191e+00,1.187368652577079020e+00,7.738850892612703092e+00,3.913207780982463646e+01
2.501000000000000156e+01,1.151355120838009694e-03,1.735914898167378873e-03,2.056290359432779227e-03,1.151355120838009694e-03,5.845597773293691787e-04,3.203754612654003547e-04,7.368672773363262429e+00,3.741182574907962799e+00,1.025201476049281135e+00,7.368672773363262429e+00,3.640517047296151532e+01
2.501999999999999957e+01,1.088024347853760706e-03,1.614634242642200594e-03,1.895560251244622239e-03,1.088024347853760706e-03,5.266098947884398883e-04,2.809260086024216452e-04,6.963355826264068682e+00,3.370303326646015396e+00,8.989632275277492646e-01,6.963355826264068682e+00,3.369786714131350180e+01
2.503000000000000114e+01,1.019004871212022666e-03,1.489954577441829310e-03,1.741691826912908445e-03,1.019004871212022666e-03,4.709497062298066434e-04,2.517372494710791355e-04,6.521631175756945176e+00,3.014078119870762684e+00,8.055591983074532614e-01,6.521631175756945176e+00,3.102380548180548203e+01
2.503999999999999915e+01,9.444983920314379069e-04,1.363289795930054020e-03,1.594836349230286700e-03,9.444983920314379069e-04,4.187914038986161134e-04,2.315465533002326794e-04,6.044789709001202382e+00,2.680264984951143070e+00,7.409489705607446020e-01,6.044789709001202382e+00,2.839801099353926972e+01
2.505000000000000071e+01,8.653215333956840172e-04,1.236393210854848466e-03,1.455294097100609876e-03,8.653215333956840172e-04,3.710716774591644486e-04,2.189008862457614106e-04,5.538057813732377710e+00,2.374858735738652360e+00,7.004828359864365694e-01,5.538057813732377710e+00,2.584019815637240214e+01
2.505999999999999872e+01,7.829911890781950752e-04,1.111386646071547404e-03,1.323642139191141560e-03,7.829911890781950752e-04,3.283954569933523289e-04,2.122554931195941557e-04,5.011143610100448065e+00,2.101730924757454932e+00,6.792175779827013260e-01,5.011143610100448065e+00,2.337627633852181575e+01
2.507000000000000028e+01,6.993349519644144387e-04,9.903553447754881618e-04,1.200415745081071309e-03,6.993349519644144387e-04,2.910203928110737231e-04,2.100604003055831469e-04,4.475743692572252463e+00,1.862530513990871883e+00,6.721932809778661255e-01,4.475743692572252463e+00,2.103140246262297097e+01
2.507999999999999829e+01,6.160773926359373572e-04,8.749496607750676660e-04,1.085780820228268934e-03,6.160773926359373572e-04,2.588722681391303088e-04,2.108311594532012679e-04,3.942895312869999280e+00,1.656782516090433921e+00,6.746597102502440713e-01,3.942895312869999280e+00,1.882301261763203115e+01
2.508999999999999986e+01,5.347765785209051626e-04,7.663590622328246733e-04,9.795612099910387671e-04,5.347765785209051626e-04,2.315824837119195108e-04,2.132021477582140938e-04,3.422570102533792902e+00,1.482127895756284897e+00,6.822468728262851556e-01,3.422570102533792902e+00,1.676083461334908975e+01
2.510000000000000142e+01,4.568325729588926850e-04,6.653759679250859527e-04,8.813383456313323219e-04,4.568325729588926850e-04,2.085433949661932677e-04,2.159623777062463692e-04,2.923728466936913239e+00,1.334677727783637025e+00,6.910796086599884092e-01,2.923728466936913239e+00,1.484845741014161646e+01
2.510999999999999943e+01,3.833627123143467145e-04,5.723386222917705574e-04,7.904137817952578814e-04,3.833627123143467145e-04,1.889759099774238429e-04,2.180751595034873241e-04,2.453521358811818764e+00,1.209445823855512581e+00,6.978405104111594648e-01,2.453521358811818764e+00,1.308242307923547187e+01
2.512000000000000099e+01,3.151214430219480321e-04,4.871228669950477923e-04,7.058068606855199363e-04,3.151214430219480321e-04,1.720014239730997601e-04,2.186839936904721440e-04,2.016777235340467378e+00,1.100809113427838382e+00,6.997887798095108192e-01,2.016777235340467378e+00,1.145212538573344929e+01
2.512999999999999901e+01,2.524962429361466798e-04,4.092074826218590087e-04,6.263151627413566418e-04,2.524962429361466798e-04,1.567112396857123289e-04,2.171076801194976331e-04,1.615975954791338820e+00,1.002951933988558864e+00,6.947445763823923981e-01,1.615975954791338820e+00,9.941017395486870356e+00
2.514000000000000057e+01,1.954312674659635816e-04,3.376584076987113915e-04,5.504862282947506043e-04,1.954312674659635816e-04,1.422271402327478099e-04,2.128278205960392128e-04,1.250760111782166950e+00,9.102536974895859556e-01,6.810490259073255226e-01,1.250760111782166950e+00,8.526188505537234619e+00
2.514999999999999858e+01,1.433989195987667761e-04,2.711460891721197706e-04,4.766177768554292495e-04,1.433989195987667761e-04,1.277471695733529945e-04,2.054716876833094790e-04,9.177530854321073184e-01,8.175818852694591854e-01,6.575094005865903535e-01,9.177530854321073184e-01,7.178533113864471460e+00
2.516000000000000014e+01,9.557608570478791962e-05,2.081512246158890461e-04,4.029441622724369934e-04,9.557608570478791962e-05,1.125751389111011265e-04,1.947929376565479473e-04,6.116869485106426474e-01,7.204808890310472336e-01,6.233374005009534313e-01,6.116869485106426474e-01,5.866515714127929826e+00
2.517000000000000171e+01,5.095931674330260463e-05,1.470953465847510248e-04,3.277473943103038413e-04,5.095931674330260463e-05,9.613602984144842018e-05,1.806520477255528165e-04,3.261396271571366801e-01,6.152705909852699273e-01,5.780865527217690092e-01,3.261396271571366801e-01,4.558490312592526905e+00
2.517999999999999972e+01,8.206439638244035175e-06,8.618274975059251155e-05,2.491804666401628674e-04,8.206439638244035175e-06,7.797631011234847976e-05,1.629977168895703423e-04,5.252121368476182772e-02,4.990483847190302913e-01,5.215926940466251160e-01,5.252121368476182772e-02,3.219486877351251053e+00
2.519000000000000128e+01,-3.438463083440280999e-05,2.336213847205318448e-05,1.652118722000324815e-04,-3.438463083440280999e-05,5.774676930645599446e-05,1.418497337279792971e-04,-2.200616373401779735e-01,3.695793235613183403e-01,4.539191479295337506e-01,-2.200616373401779735e-01,1.810310502452022519e+00
2.519999999999999929e+01,-7.845409022856350350e-05,-4.327987265151543101e-05,7.400326036642273348e-05,-7.845409022856350350e-05,3.517421757704807249e-05,1.172831330179381713e-04,-5.021061774628063912e-01,2.251149924931076518e-01,3.753060256574021203e-01,-5.021061774628063912e-01,2.949445220631101705e-01
2.521000000000000085e+01,-1.252483540217126385e-04,-1.152133715472530162e-04,-2.580021182138207317e-05,-1.252483540217126385e-04,1.003498247445962232e-05,8.941315972587094980e-05,-8.015894657389608380e-01,6.422388783654157940e-02,2.861221111227870151e-01,-8.015894657389608380e-01,-1.353730400338896356e+00
2.521999999999999886e+01,-1.758136369782245393e-04,-1.936783740541486016e-04,-1.352977123237791607e-04,-1.758136369782245393e-04,-1.786473707592406228e-05,5.838066173036944085e-05,-1.125207276660637135e+00,-1.143343172859140056e-01,1.868181175371822211e-01,-1.125207276660637135e+00,-3.158170429228106979e+00
2.523000000000000043e+01,-2.312712123681364654e-04,-2.799778639760734027e-04,-2.556401594121276619e-04,-2.312712123681364654e-04,-4.870665160793693723e-05,2.433770456394574073e-05,-1.480135759156073316e+00,-3.117225702907964191e-01,7.788065460462637035e-02,-1.480135759156073316e+00,-5.141933024526729845e+00
2.523999999999999844e+01,-2.927443803223465880e-04,-3.754234703293656775e-04,-3.879902308273802712e-04,-2.927443803223465880e-04,-8.267909000701908952e-05,-1.256676049801459371e-05,-1.873564034063018191e+00,-5.291461760449222007e-01,-4.021363359364669987e-02,-1.873564034063018191e+00,-7.328771531104761650e+00
2.525000000000000000e+01,-3.612424982643251529e-04,-4.812360026743683883e-04,-5.334373194520075937e-04,-3.612424982643251529e-04,-1.199935044100432354e-04,-5.220131677763920541e-05,-2.311951988891681076e+00,-7.679584282242767346e-01,-1.670442136884454642e-01,-2.311951988891681076e+00,-9.740863892413209157e+00
2.526000000000000156e+01,-4.377985759984582789e-04,-5.986963883640653147e-04,-6.931630146946342937e-04,-4.377985759984582789e-04,-1.608978123656070358e-04,-9.446662633056897903e-05,-2.801910886390133193e+00,-1.029745999139884960e+00,-3.022932042578207468e-01,-2.801910886390133193e+00,-1.240185026936351598e+01
2.526999999999999957e+01,-5.235672001573501771e-04,-7.292563775233776432e-04,-8.685664221125255751e-04,-5.235672001573501771e-04,-2.056891773660274661e-04,-1.393100445891479319e-04,-3.350830081007041272e+00,-1.316410735142575783e+00,-4.457921426852733959e-01,-3.350830081007041272e+00,-1.533909887650467319e+01
2.528000000000000114e+01,-6.196828196754725505e-04,-8.744083898683755601e-04,-1.061148597191947842e-03,-6.196828196754725505e-04,-2.547255701929030097e-04,-1.867402073235722819e-04,-3.965970045923024490e+00,-1.630243649234579317e+00,-5.975686634354313576e-01,-3.965970045923024490e+00,-1.858134707577910660e+01
2.528999999999999915e+01,-7.271306760634346040e-04,-1.035562609832985179e-03,-1.272403981124374962e-03,-7.271306760634346040e-04,-3.084319337695505753e-04,-2.368413712913897823e-04,-4.653636326805981049e+00,-1.973964376125123765e+00,-7.578923881324473033e-01,-4.653636326805981049e+00,-2.215647927319065502e+01
2.530000000000000071e+01,-8.467408018538901586e-04,-1.214039377032826925e-03,-1.503826426441000775e-03,-8.467408018538901586e-04,-3.672985751789367660e-04,-2.897870494081738503e-04,-5.419141131864897432e+00,-2.350710881145195330e+00,-9.273185581061562655e-01,-5.419141131864897432e+00,-2.609151171334874775e+01
2.530999999999999872e+01,-9.791628747503637251e-04,-1.411034575899614701e-03,-1.756886777070169967e-03,-9.791628747503637251e-04,-4.318717011492509764e-04,-3.458522011705552658e-04,-6.266642398402328062e+00,-2.763978887355206027e+00,-1.106727043745776795e+00,-6.266642398402328062e+00,-3.041204498850993332e+01
2.532000000000000028e+01,-1.124923991203617126e-03,-1.627661612290337871e-03,-2.033084626269697232e-03,-1.124923991203617126e-03,-5.027376210867207443e-04,-4.054230139793593615e-04,-7.199513543703149665e+00,-3.217520774955012541e+00,-1.297353644733949984e+00,-7.199513543703149665e+00,-3.514316389017633924e+01
2.532999999999999829e+01,-1.284459120566954372e-03,-1.864962491481656328e-03,-2.333965703160435605e-03,-1.284459120566954372e-03,-5.805033709147019560e-04,-4.690032116787792773e-04,-8.220538371628508756e+00,-3.715221573854092352e+00,-1.500810277372093715e+00,-8.220538371628508756e+00,-4.030971066856407958e+01
2.533999999999999986e+01,-1.457521631143134100e-03,-2.123289794772575435e-03,-2.660505530671858961e-03,-1.457521631143134100e-03,-6.657681636294413355e-04,-5.372157358992835259e-04,-9.328138439316058239e+00,-4.260916247228424325e+00,-1.719090354877707227e+00,-9.328138439316058239e+00,-4.592443512426656582e+01
2.535000000000000142e+01,-1.642233148060589067e-03,-2.401299533378710091e-03,-3.012097685316117261e-03,-1.642233148060589067e-03,-7.590663853181210240e-04,-6.107981519374071702e-04,-1.051029214758776931e+01,-4.858024866035974831e+00,-1.954554086199702834e+00,-1.051029214758776931e+01,-5.196861329947034136e+01
2.535999999999999943e+01,-1.835159004606069701e-03,-2.695930978044790149e-03,-3.386520092863720688e-03,-1.835159004606069701e-03,-8.607719734387204481e-04,-6.905891148189305384e-04,-1.174501762947884664e+01,-5.508940630007811201e+00,-2.209885167420577723e+00,-1.174501762947884664e+01,-5.839153028072171026e+01
2.537000000000000099e+01,-2.032644746639067964e-03,-3.003633390793750135e-03,-3.781135905201024952e-03,-2.032644746639067964e-03,-9.709886441546821713e-04,-7.775025144072748168e-04,-1.300892637849003464e+01,-6.214327322589966229e+00,-2.488008046103279192e+00,-1.300892637849003464e+01,-6.513378524154984461e+01
2.537999999999999901e+01,-2.231600883193967863e-03,-3.321065781318907357e-03,-4.193552315432285890e-03,-2.231600883193967863e-03,-1.089464898124939494e-03,-8.724865341133785333e-04,-1.428224565244139477e+01,-6.972575347999613093e+00,-2.791956909162811140e+00,-1.428224565244139477e+01,-7.214033372881145567e+01
2.539000000000000057e+01,-2.428762020335474732e-03,-3.644305526978234080e-03,-4.620772163623083385e-03,-2.428762020335474732e-03,-1.215543506642759349e-03,-9.764666366448493048e-04,-1.554407693014703895e+01,-7.779478442513659608e+00,-3.124693237263517887e+00,-1.554407693014703895e+01,-7.934474582977264845e+01
2.539999999999999858e+01,-2.620046479311184933e-03,-3.968175056847459033e-03,-5.058448348235212479e-03,-2.620046479311184933e-03,-1.348128577536274100e-03,-1.090273291387753446e-03,-1.676829746759158368e+01,-8.628022896232154793e+00,-3.488874532440811027e+00,-1.676829746759158368e+01,-8.665558468879365250e+01
2.541000000000000014e+01,-2.801330620692125180e-03,-4.286999754312451581e-03,-5.501556399282054796e-03,-2.801330620692125180e-03,-1.485669133620326401e-03,-1.214556644969603215e-03,-1.792851597242960082e+01,-9.508282455170089520e+00,-3.886581263902730399e+00,-1.792851597242960082e+01,-9.397013907450725867e+01
2.542000000000000171e+01,-2.969325638261538329e-03,-4.595505828943005112e-03,-5.945197733703208587e-03,-2.969325638261538329e-03,-1.626180190681466783e-03,-1.349691904760203474e-03,-1.900368408487384642e+01,-1.040755322036138786e+01,-4.319014095232651229e+00,-1.900368408487384642e+01,-1.011907542014036494e+02
2.542999999999999972e+01,-3.121389658783158255e-03,-4.888699123198403558e-03,-6.384380287036026287e-03,-3.121389658783158255e-03,-1.767309464415245304e-03,-1.495681163837622729e-03,-1.997689381621221116e+01,-1.131078057225757050e+01,-4.786179724280392733e+00,-1.997689381621221116e+01,-1.082215623382505214e+02
2.544000000000000128e+01,-3.255391271219342832e-03,-5.161829992041027174e-03,-6.813889103573766808e-03,-3.255391271219342832e-03,-1.906438720821684342e-03,-1.652059111532739634e-03,-2.083450413580379390e+01,-1.220120781325877957e+01,-5.286589156904766718e+00,-2.083450413580379390e+01,-1.149669033179020232e+02
2.544999999999999929e+01,-3.370289934662672182e-03,-5.411104613701019604e-03,-7.228915760441713759e-03,-3.370289934662672182e-03,-2.040814679038347422e-03,-1.817811146740694155e-03,-2.156985558184110374e+01,-1.306121394584542372e+01,-5.816995669570220961e+00,-2.156985558184110374e+01,-1.213441955917702444e+02
2.546000000000000085e+01,-3.466074383750983225e-03,-5.633779813763005982e-03,-7.625092708356998039e-03,-3.466074383750983225e-03,-2.167705430012022757e-03,-1.991312894593992057e-03,-2.218287605600629320e+01,-1.387331475207694531e+01,-6.372201262700774471e+00,-2.218287605600629320e+01,-1.272851762123520416e+02
2.546999999999999886e+01,-3.542779243738421614e-03,-5.827335845725119604e-03,-7.997635509862941264e-03,-3.542779243738421614e-03,-2.284556601986697990e-03,-2.170299664137821660e-03,-2.267378715992589733e+01,-1.462116225271486769e+01,-6.944958925241029313e+00,-2.267378715992589733e+01,-1.327197250136453874e+02
2.548000000000000043e+01,-3.600457625369034818e-03,-5.989577585159004854e-03,-8.341450121014013300e-03,-3.600457625369034818e-03,-2.389119959789970035e-03,-2.351872535855008446e-03,-2.304292880236182128e+01,-1.529036774265580867e+01,-7.525992114736027361e+00,-2.304292880236182128e+01,-1.375778659792609631e+02
2.548999999999999844e+01,-3.640374702289457965e-03,-6.119934331819312963e-03,-8.652479454307193674e-03,-3.640374702289457965e-03,-2.479559629529854998e-03,-2.532545122487880711e-03,-2.329839809465252998e+01,-1.586918162899107188e+01,-8.104144391961218830e+00,-2.329839809465252998e+01,-1.418151723468144496e+02
2.550000000000000000e+01,-3.665078309668527799e-03,-6.219627899142627682e-03,-8.927960456148810106e-03,-3.665078309668527799e-03,-2.554549589474099883e-03,-2.708332557006182424e-03,-2.345650118187857913e+01,-1.634911737263423959e+01,-8.666664182419783202e+00,-2.345650118187857913e+01,-1.454168482107978093e+02
2.551000000000000156e+01,-3.676739360301379492e-03,-6.290078960637221842e-03,-9.164960611762671544e-03,-3.676739360301379492e-03,-2.613339600335842349e-03,-2.874881651125449702e-03,-2.353113190592882731e+01,-1.672537344214939026e+01,-9.199621283601439714e+00,-2.353113190592882731e+01,-1.483683798950389701e+02
2.551999999999999957e+01,-3.676327659816158808e-03,-6.332080010092738624e-03,-9.359717564433059356e-03,-3.676327659816158808e-03,-2.655752350276579816e-03,-3.027637554340320732e-03,-2.352849702282341582e+01,-1.699681504177011249e+01,-9.688440173889025786e+00,-2.352849702282341582e+01,-1.506412567154476676e+02
2.553000000000000114e+01,-3.664723595023624929e-03,-6.346839666562235048e-03,-9.508877796149936557e-03,-3.664723595023624929e-03,-2.682116071538610119e-03,-3.162038129587701508e-03,-2.345423100815120065e+01,-1.716554285784710387e+01,-1.011852201468064472e+01,-2.345423100815120065e+01,-1.522148876420368424e+02
2.553999999999999915e+01,-3.643551335677326294e-03,-6.336721330956671810e-03,-9.610445575604115165e-03,-3.643551335677326294e-03,-2.693169995279345516e-03,-3.273724244647443354e-03,-2.331872854833488873e+01,-1.723628796978780997e+01,-1.047591758287181918e+01,-2.331872854833488873e+01,-1.530928023029835572e+02
2.555000000000000071e+01,-3.614472157664430207e-03,-6.304432824132269811e-03,-9.663185656558945583e-03,-3.614472157664430207e-03,-2.689960666467839604e-03,-3.358752832426675772e-03,-2.313262180905235255e+01,-1.721574826539417202e+01,-1.074800906376536247e+01,-2.313262180905235255e+01,-1.532891374146356611e+02
2.555999999999999872e+01,-3.578497205168842780e-03,-6.252220225717105770e-03,-9.666019410224485978e-03,-3.578497205168842780e-03,-2.673723020548262989e-03,-3.413799184507380208e-03,-2.290238211308059491e+01,-1.711182733150888424e+01,-1.092415739042361622e+01,-2.290238211308059491e+01,-1.528151005050392826e+02
2.557000000000000028e+01,-3.536182283597693633e-03,-6.181931913576115684e-03,-9.618267028547376057e-03,-3.536182283597693633e-03,-2.645749629978422050e-03,-3.436335114971260374e-03,-2.263156661502523903e+01,-1.693279763186190223e+01,-1.099627236790803408e+01,-2.263156661502523903e+01,-1.516819098443855296e+02
2.557999999999999829e+01,-3.487498372698168234e-03,-6.094759450860762727e-03,-9.519530094182781371e-03,-3.487498372698168234e-03,-2.607261078162594493e-03,-3.424770643322018644e-03,-2.231998958526827792e+01,-1.668647090024060375e+01,-1.095926605863045999e+01,-2.231998958526827792e+01,-1.498971796324180161e+02
2.558999999999999986e+01,-3.431114395448814618e-03,-5.990392676765200937e-03,-9.368941324598667811e-03,-3.431114395448814618e-03,-2.559278281316386319e-03,-3.378548647833466874e-03,-2.195913213087241189e+01,-1.637938100042487122e+01,-1.081135567306709433e+01,-2.195913213087241189e+01,-1.474496064130931359e+02
2.560000000000000142e+01,-3.364451906686854576e-03,-5.866948694790369637e-03,-9.165132898085567165e-03,-3.364451906686854576e-03,-2.502496788103515061e-03,-3.298184203295197528e-03,-2.153249220279586851e+01,-1.601597944386249495e+01,-1.055418945054463187e+01,-2.153249220279586851e+01,-1.443079832916089913e+02
2.560999999999999943e+01,-3.284743263918397244e-03,-5.721928931148588179e-03,-8.907172217552586715e-03,-3.284743263918397244e-03,-2.437185667230190936e-03,-3.185243286403998536e-03,-2.102235688907774147e+01,-1.559798827027322154e+01,-1.019277851649279576e+01,-2.102235688907774147e+01,-1.404393710275312799e+02
2.562000000000000099e+01,-3.189688403093188154e-03,-5.552830184843820724e-03,-8.595089869816583544e-03,-3.189688403093188154e-03,-2.363141781750632570e-03,-3.042259684972762820e-03,-2.041400577979640474e+01,-1.512410740320404834e+01,-9.735230991912841247e+00,-2.041400577979640474e+01,-1.358200325247398723e+02
2.562999999999999901e+01,-3.077212498016299383e-03,-5.356920682189400713e-03,-8.229514612560428002e-03,-3.077212498016299383e-03,-2.279708184173101330e-03,-2.872593930371027289e-03,-1.969415998730431738e+01,-1.459013237870784785e+01,-9.192300577187287658e+00,-1.969415998730431738e+01,-1.304297788295983480e+02
2.564000000000000057e+01,-2.945266310793827509e-03,-5.131111421018590482e-03,-7.811354283459211352e-03,-2.945266310793827509e-03,-2.185845110224762973e-03,-2.680242862440620870e-03,-1.884970438908049672e+01,-1.398940870543848369e+01,-8.576777159809987339e+00,-1.884970438908049672e+01,-1.242476707629868997e+02
2.564999999999999858e+01,-2.792052454945557517e-03,-4.872294440649128401e-03,-7.341906786304916617e-03,-2.792052454945557517e-03,-2.080241985703570884e-03,-2.469612345655788216e-03,-1.786913571165156966e+01,-1.331354870850285366e+01,-7.902759506098522735e+00,-1.786913571165156966e+01,-1.172563317787588346e+02
2.566000000000000014e+01,-2.616233533415943287e-03,-4.577695597011083480e-03,-6.822964131294901972e-03,-2.616233533415943287e-03,-1.961462063595140193e-03,-2.245268534283818493e-03,-1.674389461386203592e+01,-1.255335720700889723e+01,-7.184859309708219399e+00,-1.674389461386203592e+01,-1.094463333917374541e+02
2.567000000000000171e+01,-2.417084041848159819e-03,-4.245192871831827280e-03,-6.256877728033051478e-03,-2.417084041848159819e-03,-1.828108829983667461e-03,-2.011684856201224197e-03,-1.546933786782822295e+01,-1.169989651189547253e+01,-6.437391539843916988e+00,-1.546933786782822295e+01,-1.008198777587028303e+02
2.567999999999999972e+01,-2.194660065907358317e-03,-3.873661521933043691e-03,-5.646663945251121849e-03,-2.194660065907358317e-03,-1.679001456025685374e-03,-1.773002423318078159e-03,-1.404582442180709378e+01,-1.074560931856438728e+01,-5.673607754617850496e+00,-1.404582442180709378e+01,-9.139512448496799379e+01
2.569000000000000128e+01,-1.949586681756513120e-03,-3.462928493509541926e-03,-4.995749246343106353e-03,-1.949586681756513120e-03,-1.513341811753028806e-03,-1.532820752833564427e-03,-1.247735476324168324e+01,-9.685387595219383527e+00,-4.905026409067406057e+00,-1.247735476324168324e+01,-8.120330630258541760e+01
2.569999999999999929e+01,-1.682667506610539647e-03,-3.013516726705447492e-03,-4.307550068736544502e-03,-1.682667506610539647e-03,-1.330849220094907845e-03,-1.294033342031097010e-03,-1.076907204230745307e+01,-8.517435008607410651e+00,-4.140906694499510543e+00,-1.076907204230745307e+01,-7.028224123624312369e+01
2.571000000000000085e+01,-1.395188441113552700e-03,-2.527037226877817087e-03,-3.585756162020666254e-03,-1.395188441113552700e-03,-1.131848785764264387e-03,-1.058718935142849166e-03,-8.929206023126736724e+00,-7.243832228891291969e+00,-3.387900592457117277e+00,-8.929206023126736724e+00,-5.868281653342543791e+01
2.571999999999999886e+01,-1.089674756120501391e-03,-2.006995206855037139e-03,-2.835090207472186312e-03,-1.089674756120501391e-03,-9.173204507345357472e-04,-8.280950006171491733e-04,-6.973918439171209016e+00,-5.870850884701028782e+00,-2.649904001974877410e+00,-6.973918439171209016e+00,-4.648401997754135095e+01
2.573000000000000043e+01,-7.697678998485216282e-04,-1.458684640431569561e-03,-2.061220323518775897e-03,-7.697678998485216282e-04,-6.889167405830479325e-04,-6.025356830872063366e-04,-4.926514559030538365e+00,-4.409067139731506657e+00,-1.928114185879060249e+00,-4.926514559030538365e+00,-3.379108765392331293e+01
2.573999999999999844e+01,-4.391819287358547912e-04,-8.881176365784699579e-04,-1.269769817035965595e-03,-4.391819287358547912e-04,-4.489357078426151667e-04,-3.816521804574956375e-04,-2.810764343909470497e+00,-2.873188530192737122e+00,-1.221286977463986068e+00,-2.810764343909470497e+00,-2.071571955469858040e+01
2.575000000000000000e+01,-1.012365993891398342e-04,-3.014685012492307557e-04,-4.658972939841593921e-04,-1.012365993891398342e-04,-2.002319018600909350e-04,-1.644287927349286364e-04,-6.479142360904949216e-01,-1.281484171904581970e+00,-5.261721367517716574e-01,-6.479142360904949216e-01,-7.366711634240544981e+00
2.576000000000000156e+01,2.406578796481565309e-04,2.945841639332231403e-04,3.451808490607605000e-04,2.406578796481565309e-04,5.392628428506660932e-05,5.059668512753735976e-05,1.540210429748201770e+00,3.451282194244262858e-01,1.619093924081195512e-01,1.540210429748201770e+00,6.141744124742243294e+00
2.576999999999999957e+01,5.828651133349048398e-04,8.928938642360763301e-04,1.158016870555963465e-03,5.828651133349048398e-04,3.100287509011714904e-04,2.651230063198871346e-04,3.730336725343391002e+00,1.984184005767497538e+00,8.483936202236388446e-01,3.730336725343391002e+00,1.968874305400358082e+01
2.578000000000000114e+01,9.221046081634488335e-04,1.486616699875690454e-03,1.967479428517359026e-03,9.221046081634488335e-04,5.645120917122416204e-04,4.808627286416685721e-04,5.901469492246072868e+00,3.612877386958346371e+00,1.538760731653339375e+00,5.901469492246072868e+00,3.315932283257327384e+01
2.578999999999999915e+01,1.255603848416000532e-03,2.069560179467095067e-03,2.768884405849208075e-03,1.255603848416000532e-03,8.139563310510945348e-04,6.993242263821130081e-04,8.035864629862404129e+00,5.209320518727005300e+00,2.237837524422761515e+00,8.035864629862404129e+00,4.644906801903651683e+01
2.580000000000000071e+01,1.580652847047186180e-03,2.635921836668023762e-03,3.557537271224413093e-03,1.580652847047186180e-03,1.055268989620837582e-03,9.216154345563893312e-04,1.011617822110199150e+01,6.753721533573360247e+00,2.949169390580445693e+00,1.011617822110199150e+01,5.945720743576739409e+01
2.580999999999999872e+01,1.894659909323226886e-03,3.180493941665639944e-03,4.328778117416435221e-03,1.894659909323226886e-03,1.285834032342413058e-03,1.148284175750795277e-03,1.212582341966865229e+01,8.229337806991443571e+00,3.674509362402544888e+00,1.212582341966865229e+01,7.208901176718791248e+01
2.582000000000000028e+01,2.195694902303325143e-03,3.699315092295091170e-03,5.078521678334939338e-03,2.195694902303325143e-03,1.503620189991766026e-03,1.379206586039848168e-03,1.405244737474128058e+01,9.623169215947303456e+00,4.413461075327513861e+00,1.405244737474128058e+01,8.426723299804828571e+01
2.582999999999999829e+01,2.482357060407822981e-03,4.189604070455074485e-03,5.803135268840198431e-03,2.482357060407822981e-03,1.707247010047251504e-03,1.613531198385123946e-03,1.588708518661006686e+01,1.092638086430240918e+01,5.163299834832396407e+00,1.588708518661006686e+01,9.593029765723461821e+01
2.583999999999999986e+01,2.753099755454208476e-03,4.649094472521970653e-03,6.498776222744516787e-03,2.753099755454208476e-03,1.895994717067762177e-03,1.849681750222546134e-03,1.761983843490693502e+01,1.213436618923367760e+01,5.918981600712147184e+00,1.761983843490693502e+01,1.070195586745582830e+02
2.585000000000000142e+01,3.006370930196121481e-03,5.076121462884368267e-03,7.161538290844046174e-03,3.006370930196121481e-03,2.069750532688246786e-03,2.085416827959677907e-03,1.924077395325517870e+01,1.324640340920477932e+01,6.673333849470969525e+00,1.924077395325517870e+01,1.174815336357927862e+02
2.585999999999999943e+01,3.241512582961450593e-03,5.470424061607476705e-03,7.788363912563173869e-03,3.241512582961450593e-03,2.228911478646026113e-03,2.317939850955697163e-03,2.074568053095328324e+01,1.426503346333456790e+01,7.417407523058231256e+00,2.074568053095328324e+01,1.272843645520382552e+02
2.587000000000000099e+01,3.458883225206499552e-03,5.833153656527267222e-03,8.377203185460636164e-03,3.458883225206499552e-03,2.374270431320767670e-03,2.544049528933368942e-03,2.213685264132159602e+01,1.519533076045291331e+01,8.140958492586779727e+00,2.213685264132159602e+01,1.364194256830838583e+02
2.587999999999999901e+01,3.658948090053480706e-03,6.165837419852474369e-03,8.926156149204144893e-03,3.658948090053480706e-03,2.506889329798993662e-03,2.760318729351670525e-03,2.341726777634227830e+01,1.604409171071355900e+01,8.833019933925346123e+00,2.341726777634227830e+01,1.448831382629435325e+02
2.589000000000000057e+01,3.841772131124660851e-03,6.469724494899489926e-03,9.433012572178168728e-03,3.841772131124660851e-03,2.627952363774829075e-03,2.963288077278678802e-03,2.458734163919783100e+01,1.681889512815890697e+01,9.482521847291772943e+00,2.458734163919783100e+01,1.526662758439455274e+02
2.589999999999999858e+01,4.007413964045940767e-03,6.746023640456193585e-03,9.895683291843310539e-03,4.007413964045940767e-03,2.738609676410252818e-03,3.149659651387116954e-03,2.564744936989401936e+01,1.752710192902561914e+01,1.007891088443877337e+01,2.564744936989401936e+01,1.597603865500752249e+02
2.591000000000000014e+01,4.156179101314153544e-03,6.996014434583224494e-03,1.031249086974181384e-02,4.156179101314153544e-03,2.839835333269070949e-03,3.316476435158589343e-03,2.659954624841058290e+01,1.817494613292205230e+01,1.061272459250748668e+01,2.659954624841058290e+01,1.661616509215203905e+02
2.592000000000000171e+01,4.288268355844311076e-03,7.220581336875432285e-03,1.068185617562922470e-02,4.288268355844311076e-03,2.932312981031121209e-03,3.461274838753792410e-03,2.744491747740359244e+01,1.876680307859917463e+01,1.107607948401213527e+01,2.744491747740359244e+01,1.718634001200447017e+02
2.592999999999999972e+01,4.403508381806573758e-03,7.419859378326551513e-03,1.100205952155724858e-02,4.403508381806573758e-03,3.016350996519977755e-03,3.582200143230697062e-03,2.818245364356207361e+01,1.930464637772785608e+01,1.146304045833823082e+01,2.818245364356207361e+01,1.768504214388844957e+02
2.594000000000000128e+01,4.501520053413383265e-03,7.593351697437866060e-03,1.127142948278484283e-02,4.501520053413383265e-03,3.091831644024482795e-03,3.678077785346976769e-03,2.880972834184565201e+01,1.978772252175669166e+01,1.176984891311032655e+01,2.880972834184565201e+01,1.811018993301379965e+02
2.594999999999999929e+01,4.581943681382003551e-03,7.740146617989416417e-03,1.148858357338043527e-02,4.581943681382003551e-03,3.158202936607412865e-03,3.748436955391018857e-03,2.932443956084482295e+01,2.021249879428744123e+01,1.199499825725126101e+01,2.932443956084482295e+01,1.845958098371505685e+02
2.596000000000000085e+01,4.644551491917085426e-03,7.859069424182409461e-03,1.165255631252937012e-02,4.644551491917085426e-03,3.214517932265324035e-03,3.793486888346960656e-03,2.972512954826934717e+01,2.057291476649807294e+01,1.213915804271027454e+01,2.972512954826934717e+01,1.873116070724331053e+02
2.596999999999999886e+01,4.689355695630847282e-03,7.948875708128992287e-03,1.176292584698691163e-02,4.689355695630847282e-03,3.259520012498145006e-03,3.814050138857919339e-03,3.001187645203742349e+01,2.086092807998812759e+01,1.220496044434534255e+01,3.001187645203742349e+01,1.892332949291126738e+02
2.598000000000000043e+01,4.716510756790664137e-03,8.008276308952904862e-03,1.181973691972096861e-02,4.716510756790664137e-03,3.291765552162240725e-03,3.811460610768063750e-03,3.018566884346024892e+01,2.106729953383834086e+01,1.219667395445780400e+01,3.018566884346024892e+01,1.903489269952691814e+02
2.598999999999999844e+01,4.725919411222775750e-03,8.035684615250813373e-03,1.182312129140438220e-02,4.725919411222775750e-03,3.309765204028037623e-03,3.787436676153568826e-03,3.024588423182576591e+01,2.118249730577944234e+01,1.211979736369142024e+01,3.024588423182576591e+01,1.906445367038898837e+02
2.600000000000000000e+01,4.717153685535276086e-03,8.029276655990612646e-03,1.177321766357078935e-02,4.717153685535276086e-03,3.312122970455336560e-03,3.743941007580176700e-03,3.018978358742576518e+01,2.119758701091415531e+01,1.198061122425656500e+01,3.018978358742576518e+01,1.901039454677894582e+02
2.601000000000000156e+01,4.690037775758620735e-03,7.987703602573103037e-03,1.167074250540796158e-02,4.690037775758620735e-03,3.297665826814482302e-03,3.683038902834858547e-03,3.001624176485517381e+01,2.110506129161268518e+01,1.178572448907154779e+01,3.001624176485517381e+01,1.887210826366182346e+02
2.601999999999999957e+01,4.644985588899305969e-03,7.910550899032288419e-03,1.151731725192682923e-02,4.644985588899305969e-03,3.265565310132982450e-03,3.606766352894540811e-03,2.972790776895555709e+01,2.089961798485108702e+01,1.154165232926253104e+01,2.972790776895555709e+01,1.865075342492075379e+02
2.603000000000000114e+01,4.582275877837184257e-03,7.797712799968073601e-03,1.131473067102622618e-02,4.582275877837184257e-03,3.215436922130889344e-03,3.517017871058152577e-03,2.932656561815797858e+01,2.057879630163769136e+01,1.125445718738608747e+01,2.932656561815797858e+01,1.834794573215452829e+02
2.603999999999999915e+01,4.501208131092148020e-03,7.648595281712230153e-03,1.106405692588247579e-02,4.501208131092148020e-03,3.147387150620082133e-03,3.415461644170245635e-03,2.880773203898974799e+01,2.014327776396852698e+01,1.092947726134478614e+01,2.880773203898974799e+01,1.796414611929091620e+02
2.605000000000000071e+01,4.400582240016271719e-03,7.462578768235125781e-03,1.076606473260608744e-02,4.400582240016271719e-03,3.061996528218854062e-03,3.303485964370961661e-03,2.816372633610414056e+01,1.959677778060066444e+01,1.057115508598707798e+01,2.816372633610414056e+01,1.749949776080756578e+02
2.605999999999999872e+01,4.279989501498132620e-03,7.240253203091319249e-03,1.042243052308273674e-02,4.279989501498132620e-03,2.960263701593186629e-03,3.182177319991417487e-03,2.739193280958804877e+01,1.894568769019639376e+01,1.018296742397253674e+01,2.739193280958804877e+01,1.695617637712709325e+02
2.607000000000000028e+01,4.140067295479621552e-03,6.983607226898810687e-03,1.003593524227031596e-02,4.140067295479621552e-03,2.843539931419189135e-03,3.052328015371505270e-03,2.649643069106957682e+01,1.819865556108280913e+01,9.767449649188817418e+00,2.649643069106957682e+01,1.633876077040235941e+02
2.607999999999999829e+01,3.981481225184285537e-03,6.694933965110212368e-03,9.609403453474689091e-03,3.981481225184285537e-03,2.713452739925926831e-03,2.914469488364476724e-03,2.548147984117942855e+01,1.736609753552593105e+01,9.326302362766325516e+00,2.548147984117942855e+01,1.565216392184150607e+02
2.608999999999999986e+01,3.804404577320459179e-03,6.376207904508829002e-03,9.145133680006594171e-03,3.804404577320459179e-03,2.571803327188369823e-03,2.768925775497765168e-03,2.434818929485093975e+01,1.645954129400556809e+01,8.860562481592848982e+00,2.434818929485093975e+01,1.490048792113480829e+02
2.610000000000000142e+01,3.609390521587194523e-03,6.029838911187000890e-03,8.645718899560847839e-03,3.609390521587194523e-03,2.420448389599806367e-03,2.615879988373846950e-03,2.310009933815804573e+01,1.549086969343876063e+01,8.370815962796310572e+00,2.310009933815804573e+01,1.408853549831793543e+02
2.610999999999999943e+01,3.398265859038511905e-03,5.659466762067191618e-03,8.114912965190759081e-03,3.398265859038511905e-03,2.261200903028679713e-03,2.455446203123567463e-03,2.174890149784647519e+01,1.447168577938355050e+01,7.857427849995415770e+00,2.174890149784647519e+01,1.322340453816763102e+02
2.612000000000000099e+01,3.173740166506740235e-03,5.269508654168561339e-03,7.557248770973627738e-03,3.173740166506740235e-03,2.095768487661821104e-03,2.287740116805066400e-03,2.031193706564313572e+01,1.341291832103565440e+01,7.320768373776212812e+00,2.031193706564313572e+01,1.231368712813650177e+02
2.612999999999999901e+01,2.938527881321522511e-03,4.864246239993607474e-03,6.977189571182274182e-03,2.938527881321522511e-03,1.925718358672084962e-03,2.112943331188666708e-03,1.880657844045774496e+01,1.232459749550134376e+01,6.761418659803733355e+00,1.880657844045774496e+01,1.136777837872884618e+02
2.614000000000000057e+01,2.695319361400100224e-03,4.447776334750114420e-03,6.379133763081737928e-03,2.695319361400100224e-03,1.752456973350014196e-03,1.931357428331623508e-03,1.725004391296064199e+01,1.121572462944009096e+01,6.180343770661195002e+00,1.725004391296064199e+01,1.039383369391857741e+02
2.614999999999999858e+01,2.447251052315766416e-03,4.024481265414204395e-03,5.767926527849496360e-03,2.447251052315766416e-03,1.577230213098437979e-03,1.743445262435291965e-03,1.566240673482090529e+01,1.009427336383000373e+01,5.579024839792934287e+00,1.566240673482090529e+01,9.400711481533153346e+01
2.616000000000000014e+01,2.197728477583381183e-03,3.598877530030482504e-03,5.148735938776640396e-03,2.197728477583381183e-03,1.401149052447101320e-03,1.549858408746157892e-03,1.406546225653363891e+01,8.967353935661448006e+00,4.959546907987705033e+00,1.406546225653363891e+01,8.397708930054838561e+01
2.617000000000000171e+01,1.949675389825770511e-03,3.174902298007774553e-03,4.526353411641629090e-03,1.949675389825770511e-03,1.225226908182004042e-03,1.351451113633854537e-03,1.247792249488493077e+01,7.841452212364825591e+00,4.324643563628334242e+00,1.247792249488493077e+01,7.393205481263427714e+01
2.617999999999999972e+01,1.705159277574642453e-03,2.755568125220953304e-03,3.904849947329277256e-03,1.705159277574642453e-03,1.050408847646310852e-03,1.149281822108323952e-03,1.091301937647771148e+01,6.722616624936389229e+00,3.677701830746636702e+00,1.091301937647771148e+01,6.394001349648220867e+01
2.619000000000000128e+01,1.465600235212530288e-03,2.343186289656920118e-03,3.287789747027865077e-03,1.465600235212530288e-03,8.775860544443898296e-04,9.446034573709449593e-04,9.379841505360193565e+00,5.616550748444095298e+00,3.022731063587023925e+00,9.379841505360193565e+00,5.405736995217393570e+01
2.619999999999999929e+01,1.231963740094639635e-03,1.939563382336633324e-03,2.678406932037575086e-03,1.231963740094639635e-03,7.075996422419936899e-04,7.388435497009417617e-04,7.884567936605693994e+00,4.528637710348759171e+00,2.364299359043013471e+00,7.884567936605693994e+00,4.433251501799239946e+01
2.621000000000000085e+01,1.004636728381828317e-03,1.545871936676036090e-03,2.079447217550685258e-03,1.004636728381828317e-03,5.412352082942077734e-04,5.335752808746491681e-04,6.429675061643701284e+00,3.463905333082929694e+00,1.707440898798877393e+00,6.429675061643701284e+00,3.480306388057652356e+01
2.621999999999999886e+01,7.833104635900511739e-04,1.162515583840741194e-03,1.492996006806230833e-03,7.833104635900511739e-04,3.792051202506900196e-04,3.304804229654896390e-04,5.013186966976327597e+00,2.426912769604415931e+00,1.057537353489566900e+00,5.013186966976327597e+00,2.549291127021093217e+01
2.623000000000000043e+01,5.671969467592077700e-04,7.893171060543552851e-04,9.206221003929866307e-04,5.671969467592077700e-04,2.221201592951475151e-04,1.313049943386313456e-04,3.630060459258929839e+00,1.421569019488944097e+00,4.201759818836203197e-01,3.630060459258929839e+00,1.641541638189448093e+01
2.623999999999999844e+01,3.554216342629851482e-04,4.258818540614279407e-04,3.636903207806188739e-04,3.554216342629851482e-04,7.046021979844279250e-05,-6.219153328080906677e-05,2.274698459283104768e+00,4.509454067100338581e-01,-1.990129064985890206e-01,2.274698459283104768e+00,7.579892878483648566e+00
2.625000000000000000e+01,1.472310572679837854e-04,7.178548346959568859e-05,-1.765067905861861643e-04,1.472310572679837854e-04,-7.544557379838809678e-05,-2.482922740557818664e-04,9.422787665150962333e-01,-4.828516723096838437e-01,-7.945352769785020142e-01,9.422787665150962333e-01,-1.005324548319268985e+00
2.626000000000000156e+01,-5.800448360057153702e-05,-2.734297340047219665e-04,-6.988121154965926942e-04,-5.800448360057153702e-05,-2.154252504041504227e-04,-4.253823814918707277e-04,-3.712286950436578525e-01,-1.378721602586562733e+00,-1.361223620773986287e+00,-3.712286950436578525e-01,-9.333521755212620619e+00
2.626999999999999957e+01,-2.606442802297339830e-04,-6.100999036130475743e-04,-1.202109308778547252e-03,-2.606442802297339830e-04,-3.494556233833135913e-04,-5.920094051654996780e-04,-1.668123393470297477e+00,-2.236515989653207193e+00,-1.894430096529599039e+00,-1.668123393470297477e+00,-1.739720843895931068e+01
2.628000000000000114e+01,-4.603921443544156883e-04,-9.380262361754883533e-04,-1.684967586864069165e-03,-4.603921443544156883e-04,-4.776340918210726649e-04,-7.469413506885808117e-04,-2.946509723868260266e+00,-3.056858187654865056e+00,-2.390212322203458584e+00,-2.946509723868260266e+00,-2.518074070117975438e+01
2.628999999999999915e+01,-6.561224200452281776e-04,-1.256248252711680315e-03,-2.145466759160226822e-03,-6.561224200452281776e-04,-6.001258326664521371e-04,-8.892185064485465078e-04,-4.199183488289460087e+00,-3.840805329065293705e+00,-2.845499220635348880e+00,-4.199183488289460087e+00,-3.265646411397030846e+01
2.630000000000000071e+01,-8.461637353032447611e-04,-1.563255890391055097e-03,-2.581450422364067222e-03,-8.461637353032447611e-04,-7.170921550878103356e-04,-1.018194531973012126e-03,-5.415447905940766304e+00,-4.589389792561986425e+00,-3.258222502313638635e+00,-5.415447905940766304e+00,-3.978918060244917854e+01
2.630999999999999872e+01,-1.028542211948720638e-03,-1.857155934613519046e-03,-2.990718219846581760e-03,-1.028542211948720638e-03,-8.286137226647984078e-04,-1.133562285233062714e-03,-6.582670156471811751e+00,-5.303127825054709810e+00,-3.627399312745800852e+00,-6.582670156471811751e+00,-4.653959188281696413e+01
2.632000000000000028e+01,-1.200840879307503006e-03,-2.135458142391512878e-03,-3.370818638159458255e-03,-1.200840879307503006e-03,-9.346172630840098722e-04,-1.235360495767945377e-03,-7.685381627568019347e+00,-5.981550483737663626e+00,-3.953153586457425206e+00,-7.685381627568019347e+00,-5.286025709328932010e+01
2.632999999999999829e+01,-1.360207074853139958e-03,-2.395016457305917338e-03,-3.718974913037232950e-03,-1.360207074853139958e-03,-1.034809382452777380e-03,-1.323958455731315612e-03,-8.705325279060096122e+00,-6.622780047697775174e+00,-4.236667058340209735e+00,-8.705325279060096122e+00,-5.869431715529424309e+01
2.633999999999999986e+01,-1.503904039102838723e-03,-2.632532684654799796e-03,-4.032550047990521476e-03,-1.503904039102838723e-03,-1.128628645551961072e-03,-1.400017363335721680e-03,-9.624985850258168441e+00,-7.223223331532550695e+00,-4.480055562674309044e+00,-9.624985850258168441e+00,-6.398479423339507832e+01
2.635000000000000142e+01,-1.629785132187810742e-03,-2.845017793258347062e-03,-4.309446778876888963e-03,-1.629785132187810742e-03,-1.215232661070536320e-03,-1.464428985618541901e-03,-1.043062484600198836e+01,-7.777489030851432616e+00,-4.686172753979334082e+00,-1.043062484600198836e+01,-6.868285989249827139e+01
2.635999999999999943e+01,-1.736145482040668802e-03,-3.029670681352644376e-03,-4.547905424504589990e-03,-1.736145482040668802e-03,-1.293525199311975574e-03,-1.518234743151945614e-03,-1.111133108506028044e+01,-8.278561275596644009e+00,-4.858351178086225630e+00,-1.111133108506028044e+01,-7.274473061622944670e+01
2.637000000000000099e+01,-1.821497938966998385e-03,-3.183712102727178760e-03,-4.746242669099051681e-03,-1.821497938966998385e-03,-1.362214163760180376e-03,-1.562530566371872921e-03,-1.165758680938878911e+01,-8.718170648065154182e+00,-5.000097812389993734e+00,-1.165758680938878911e+01,-7.612756580953181640e+01
2.637999999999999901e+01,-1.884847847182666942e-03,-3.304740948570117440e-03,-4.903105491455914643e-03,-1.884847847182666942e-03,-1.419893101387450498e-03,-1.598364542885797202e-03,-1.206302622196906782e+01,-9.087315848879683244e+00,-5.114766537234551436e+00,-1.206302622196906782e+01,-7.879532582424991460e+01
2.639000000000000057e+01,-1.926063043682428545e-03,-3.391209227718475216e-03,-5.017844763017558461e-03,-1.926063043682428545e-03,-1.465146184036046672e-03,-1.626635535299083245e-03,-1.232680347956754296e+01,-9.376935577830698421e+00,-5.205233712957066494e+00,-1.232680347956754296e+01,-8.072691831106592986e+01
2.639999999999999858e+01,-1.945837766069265706e-03,-3.442509966412654610e-03,-5.090511606747377855e-03,-1.945837766069265706e-03,-1.496672200343388904e-03,-1.648001640334723246e-03,-1.245336170284330102e+01,-9.578702082197688483e+00,-5.273605249071114720e+00,-1.245336170284330102e+01,-8.191700710233631355e+01
2.641000000000000014e+01,-1.945439748864913635e-03,-3.458852948543756235e-03,-5.121660264819536193e-03,-1.945439748864913635e-03,-1.513413199678842599e-03,-1.662807316275779958e-03,-1.245081439273544710e+01,-9.685844477944591802e+00,-5.320983412082496145e+00,-1.245081439273544710e+01,-8.237292684828760514e+01
2.642000000000000171e+01,-1.926365680139904878e-03,-3.441034195368466997e-03,-5.112071131587866621e-03,-1.926365680139904878e-03,-1.514668515228562119e-03,-1.671036936219399624e-03,-1.232874035289539094e+01,-9.693878497462797839e+00,-5.347318195902079019e+00,-1.232874035289539094e+01,-8.210981113878079896e+01
2.642999999999999972e+01,-1.889862048175775834e-03,-3.390035503145877836e-03,-5.062335840156403054e-03,-1.889862048175775834e-03,-1.500173454970102002e-03,-1.672300337010525217e-03,-1.209511710832496512e+01,-9.601110111808653258e+00,-5.351361078433680696e+00,-1.209511710832496512e+01,-8.114276489570190165e+01
2.644000000000000128e+01,-1.836819250388788865e-03,-3.306947725121373721e-03,-4.972800539474359592e-03,-1.836819250388788865e-03,-1.470128474732584857e-03,-1.665852814352985871e-03,-1.175564320248824934e+01,-9.408822238288543360e+00,-5.330729005929554454e+00,-1.175564320248824934e+01,-7.948558334011903526e+01
2.644999999999999929e+01,-1.768435966005116235e-03,-3.193620990615233819e-03,-4.844269599943213170e-03,-1.768435966005116235e-03,-1.425185024610117583e-03,-1.650648609327979351e-03,-1.131799018243274446e+01,-9.121184157504751866e+00,-5.282075549849533758e+00,-1.131799018243274446e+01,-7.716374966936109558e+01
2.646000000000000085e+01,-1.686857556163473722e-03,-3.053267803257716986e-03,-4.678691922954344475e-03,-1.686857556163473722e-03,-1.366410247094243264e-03,-1.625424119696627489e-03,-1.079588835944623249e+01,-8.745025581403156778e+00,-5.201357183029207576e+00,-1.079588835944623249e+01,-7.422681337163578519e+01
2.646999999999999886e+01,-1.594864711866795636e-03,-2.890107565929900865e-03,-4.478912741324395791e-03,-1.594864711866795636e-03,-1.295242854063105228e-03,-1.588805175394494926e-03,-1.020713415594749129e+01,-8.289554266003873906e+00,-5.084176561262383487e+00,-1.020713415594749129e+01,-7.074259494964124428e+01
2.648000000000000043e+01,-1.495163241680289804e-03,-2.708596424608491343e-03,-4.248027723183774723e-03,-1.495163241680289804e-03,-1.213433182928201539e-03,-1.539431298575283380e-03,-9.569044746753855080e+00,-7.765972370740489517e+00,-4.926180155440906816e+00,-9.569044746753855080e+00,-6.678359181880574624e+01
2.648999999999999844e+01,-1.390239383172851883e-03,-2.513200660436385857e-03,-3.989289216007208677e-03,-1.390239383172851883e-03,-1.122961277263533975e-03,-1.476088555570822820e-03,-8.897532052306251771e+00,-7.186952174486617828e+00,-4.723483377826632967e+00,-8.897532052306251771e+00,-6.242390281385850415e+01
2.650000000000000000e+01,-1.282414773735542600e-03,-2.308353991667585255e-03,-3.706195626259539255e-03,-1.282414773735542600e-03,-1.025939217932042655e-03,-1.397841634591953999e-03,-8.207454551907472862e+00,-6.566010994765073328e+00,-4.473093230694252576e+00,-8.207454551907472862e+00,-5.773967633210040162e+01
2.651000000000000156e+01,-1.173418010906682315e-03,-2.097920747129816427e-03,-3.402076169501084147e-03,-1.173418010906682315e-03,-9.245027362231341122e-04,-1.304155422371267720e-03,-7.509875269802766873e+00,-5.916817511828058151e+00,-4.173297351588056259e+00,-7.509875269802766873e+00,-5.279997039965664385e+01
2.651999999999999957e+01,-1.064117808756183609e-03,-1.884810387917486979e-03,-3.079806926361847511e-03,-1.064117808756183609e-03,-8.206925791613033701e-04,-1.194996538444360532e-03,-6.810353976039575485e+00,-5.252432506632341180e+00,-3.823988923021953923e+00,-6.810353976039575485e+00,-4.766032621708161798e+01
2.653000000000000114e+01,-9.551067705667290767e-04,-1.671445790126900892e-03,-2.742351920571689267e-03,-9.551067705667290767e-04,-7.163390195601718148e-04,-1.070906130444788376e-03,-6.112683331627065897e+00,-4.584569725185099642e+00,-3.426899617423322830e+00,-6.112683331627065897e+00,-4.237245802270646777e+01
2.653999999999999915e+01,-8.472861999679915388e-04,-1.460261341199351566e-03,-2.393298504879343928e-03,-8.472861999679915388e-04,-6.129751412313600269e-04,-9.330371636799923620e-04,-5.422631679795145487e+00,-3.923040903880704366e+00,-2.985718923775975586e+00,-5.422631679795145487e+00,-3.699417452235547898e+01
2.655000000000000071e+01,-7.415622695707816845e-04,-1.253353319318017576e-03,-2.036505723207366475e-03,-7.415622695707816845e-04,-5.117910497472358917e-04,-7.831524038893488988e-04,-4.745998525253003031e+00,-3.275462718382309735e+00,-2.506087692445916559e+00,-4.745998525253003031e+00,-3.158264680824368753e+01
2.655999999999999872e+01,-6.383376609180206130e-04,-1.051958234139001129e-03,-1.675540769551834685e-03,-6.383376609180206130e-04,-4.136205732209805161e-04,-6.235825354128335558e-04,-4.085361029875332228e+00,-2.647171668614275220e+00,-1.995464113321067323e+00,-4.085361029875332228e+00,-2.618399043543202254e+01
2.657000000000000028e+01,-5.376791530930753260e-04,-8.566320902372413651e-04,-1.313778872784018706e-03,-5.376791530930753260e-04,-3.189529371441660391e-04,-4.571467825467773411e-04,-3.441146579795681948e+00,-2.041298797722662428e+00,-1.462869704149687422e+00,-3.441146579795681948e+00,-2.083594524500409761e+01
2.657999999999999829e+01,-4.397410353443483282e-04,-6.677140133053745133e-04,-9.547550625356451218e-04,-4.397410353443483282e-04,-2.279729779610261851e-04,-2.870410492302706085e-04,-2.814342626203829134e+00,-1.459027058950567612e+00,-9.185313575368659889e-01,-2.814342626203829134e+00,-1.557570312807378876e+01
2.658999999999999986e+01,-3.447751367216064940e-04,-4.854058083228652990e-04,-6.021068492629902662e-04,-3.447751367216064940e-04,-1.406306716012588050e-04,-1.167010409401249673e-04,-2.206560875018281465e+00,-9.000362982480563101e-01,-3.734433310083998814e-01,-2.206560875018281465e+00,-1.044012151282421286e+01
2.660000000000000142e+01,-2.529601138137387516e-04,-3.096900722269791155e-04,-2.593398389800357045e-04,-2.529601138137387516e-04,-5.672995841324036384e-05,5.035023324694341091e-05,-1.618944728407927913e+00,-3.630717338447383424e-01,1.611207463902189219e-01,-1.618944728407927913e+00,-5.462687147587342196e+00
2.660999999999999943e+01,-1.644239997240244514e-04,-1.404483652075718336e-04,7.021174422895498873e-05,-1.644239997240244514e-04,2.397563451645261788e-05,2.106601094365268359e-04,-1.052313598233756586e+00,1.534440609052967475e-01,6.741123501968858678e-01,-1.052313598233756586e+00,-6.742715613947227737e-01
2.662000000000000099e+01,-7.935053134400333274e-05,2.233897390762224757e-05,3.833374129444048323e-04,-7.935053134400333274e-05,1.016895052516255803e-04,3.609984390367825847e-04,-5.078434006016213642e-01,6.508128336104037626e-01,1.155195004917704216e+00,-5.078434006016213642e-01,3.894493313779459953e+00
2.662999999999999901e+01,1.852843705113461446e-06,1.783392360535218776e-04,6.768335010414029771e-04,1.852843705113461446e-06,1.764863923484084050e-04,4.984942649878810724e-04,1.185819971272615396e-02,1.129512911029813882e+00,1.595181647961219529e+00,1.185819971272615396e-02,8.209658276111277075e+00
2.664000000000000057e+01,7.832413320855417685e-05,3.265614908999716118e-04,9.473096948238996081e-04,7.832413320855417685e-05,2.482373576914174485e-04,6.207482039239280505e-04,5.012744525347467839e-01,1.588719089225071768e+00,1.986394252556569651e+00,5.012744525347467839e-01,1.222916338294916372e+01
2.664999999999999858e+01,1.489907118095323726e-04,4.655424884945539936e-04,1.191455968313072638e-03,1.489907118095323726e-04,3.165517766850216210e-04,7.259134798185185901e-04,9.535405555810071432e-01,2.025931370784138430e+00,2.322923135419259655e+00,9.535405555810071432e-01,1.590718518535321557e+01
2.666000000000000014e+01,2.134623945580574062e-04,5.942188526766770769e-04,1.406959913932807416e-03,2.134623945580574062e-04,3.807564581186196435e-04,8.127410612561303390e-04,1.366159325171567351e+00,2.436841331959165746e+00,2.600771396019617043e+00,1.366159325171567351e+00,1.921131615945105153e+01
2.667000000000000171e+01,2.724727347314101554e-04,7.124058149805965112e-04,1.592993632660758864e-03,2.724727347314101554e-04,4.399330802491863558e-04,8.805878176801623528e-04,1.743825502281024953e+00,2.815571713594792858e+00,2.817881016576519571e+00,1.743825502281024953e+00,2.213183469735701436e+01
2.667999999999999972e+01,3.270688633560304048e-04,8.200762903841799043e-04,1.749466723939936729e-03,3.270688633560304048e-04,4.930074270281495537e-04,9.293904335557568244e-04,2.093240725478594744e+00,3.155247532980157033e+00,2.974049387378421727e+00,2.093240725478594744e+00,2.466761293751152095e+01
2.669000000000000128e+01,3.776801535149488295e-04,9.165379116106237229e-04,1.876148704797823627e-03,3.776801535149488295e-04,5.388577580956748934e-04,9.596107931871999041e-04,2.417152982495672564e+00,3.448689651812319124e+00,3.070754538199039541e+00,2.417152982495672564e+00,2.680979151752109502e+01
2.669999999999999929e+01,4.244782119524301051e-04,1.000899391307440416e-03,1.973059534006279831e-03,4.244782119524301051e-04,5.764211793550103654e-04,9.721601426988394148e-04,2.716660556495552825e+00,3.689095547872066394e+00,3.110912456636286016e+00,2.716660556495552825e+00,2.855000568301171526e+01
2.671000000000000085e+01,4.683928616649615882e-04,1.073198546796398341e-03,2.041508735220603620e-03,4.683928616649615882e-04,6.048056851314367530e-04,9.683101884242052790e-04,2.997714314655754109e+00,3.870756384841195441e+00,3.098592602957456865e+00,2.997714314655754109e+00,2.990118990736321791e+01
2.671999999999999886e+01,5.111644758782152385e-04,1.134579438417260104e-03,2.084179446872340587e-03,5.111644758782152385e-04,6.234149625390448656e-04,9.496000084550804826e-04,3.271452645620577471e+00,3.989855760249886973e+00,3.038720027056257322e+00,3.271452645620577471e+00,3.090008529878016574e+01
2.673000000000000043e+01,5.544244476624180700e-04,1.186490040381262901e-03,2.104237833460874223e-03,5.544244476624180700e-04,6.320655927188448308e-04,9.177477930796113220e-04,3.548316465039475620e+00,4.045219793400606889e+00,2.936792937854756147e+00,3.548316465039475620e+00,3.159098758888451641e+01
2.673999999999999844e+01,5.991710211810243958e-04,1.230236704542261991e-03,2.104811936208184162e-03,5.991710211810243958e-04,6.310656833612375951e-04,8.745752316659221714e-04,3.834694535558555994e+00,4.038820373511920359e+00,2.798640741330951087e+00,3.834694535558555994e+00,3.201646695120427921e+01
2.675000000000000000e+01,6.460718722888065223e-04,1.267314773832955467e-03,2.089264714089620733e-03,6.460718722888065223e-04,6.212429015441489448e-04,8.219499402566652659e-04,4.134859982648361409e+00,3.975954569882553358e+00,2.630239808821329017e+00,4.134859982648361409e+00,3.222316308405673624e+01
2.676000000000000156e+01,6.956874121871369160e-04,1.299614317576338642e-03,2.061362787921008129e-03,6.956874121871369160e-04,6.039269053892017255e-04,7.617484703446694878e-04,4.452399437997676124e+00,3.865132194490890960e+00,2.437595105102942306e+00,4.452399437997676124e+00,3.226538021277453083e+01
2.676999999999999957e+01,7.480715318369159789e-04,1.328958637875197416e-03,2.024798261117626615e-03,7.480715318369159789e-04,5.808871060382814373e-04,6.958396232424291991e-04,4.787657803756262709e+00,3.717677478645001088e+00,2.226686794375773548e+00,4.787657803756262709e+00,3.219606623033111248e+01
2.678000000000000114e+01,8.022199221030094658e-04,1.356438380412892768e-03,1.982523332609975944e-03,8.022199221030094658e-04,5.542184583098833019e-04,6.260849521970831763e-04,5.134207501459260747e+00,3.546998133183253188e+00,2.003471847030666275e+00,5.134207501459260747e+00,3.205403244501954418e+01
2.678999999999999915e+01,8.558873034833128614e-04,1.382060702850994478e-03,1.936411200740287969e-03,8.558873034833128614e-04,5.261733993676816169e-04,5.543504978892934906e-04,5.477678742293202063e+00,3.367509755953162376e+00,1.773921593245739281e+00,5.477678742293202063e+00,3.185733027447631116e+01
2.680000000000000071e+01,9.058536259837885428e-04,1.404807095375031111e-03,1.887328549937587405e-03,9.058536259837885428e-04,4.989534693912425680e-04,4.825214545625562939e-04,5.797463206296246341e+00,3.193302204103952491e+00,1.544068654600180057e+00,5.797463206296246341e+00,3.160450219500113178e+01
2.680999999999999872e+01,9.484783670719265604e-04,1.422966563280708653e-03,1.835476844519221863e-03,9.484783670719265604e-04,4.744881962087820924e-04,4.125102812385132104e-04,6.070261549260330014e+00,3.036724455736205197e+00,1.320032899963242246e+00,6.070261549260330014e+00,3.128105671487933392e+01
2.682000000000000028e+01,9.802055392574573166e-04,1.434439019667917061e-03,1.780688223361723320e-03,9.802055392574573166e-04,4.542334804104597445e-04,3.462492036938062592e-04,6.273315451247726493e+00,2.907094274626942365e+00,1.107997451820180057e+00,6.273315451247726493e+00,3.086522153308455074e+01
2.682999999999999829e+01,9.976990474958999031e-04,1.436712964703118749e-03,1.722373011516716316e-03,9.976990474958999031e-04,4.390139172072188463e-04,2.856600468135975669e-04,6.385273903973759602e+00,2.809689070126200505e+00,9.141121498035121862e-01,6.385273903973759602e+00,3.032722537171041921e+01
2.683999999999999986e+01,9.977723535489831271e-04,1.426692869025892717e-03,1.659290266097480536e-03,9.977723535489831271e-04,4.289205154769095904e-04,2.325973970715878181e-04,6.385743062713491902e+00,2.745091299052221601e+00,7.443116706290809903e-01,6.385743062713491902e+00,2.962543809718438226e+01
2.685000000000000142e+01,9.776364792485258901e-04,1.400907056538551465e-03,1.589671749301186385e-03,9.776364792485258901e-04,4.232705772900255750e-04,1.887646927626349200e-04,6.256873467190565918e+00,2.708931694656163458e+00,6.040470168404317164e-01,6.256873467190565918e+00,2.870955653606148417e+01
2.685999999999999943e+01,9.355864745855488893e-04,1.356228015741765651e-03,1.511834782394017940e-03,9.355864745855488893e-04,4.206415411562167616e-04,1.556067666522522892e-04,5.987753437347512531e+00,2.692105863399787413e+00,4.979416532872072976e-01,5.987753437347512531e+00,2.753340286210352161e+01
2.687000000000000099e+01,8.715084041968678211e-04,1.290497980618471232e-03,1.424684504612456701e-03,8.715084041968678211e-04,4.189895764216034109e-04,1.341865239939854688e-04,5.577653786859953833e+00,2.681533289098261719e+00,4.293968767807535003e-01,5.577653786859953833e+00,2.606575185821690610e+01
2.687999999999999901e+01,7.866302580809191253e-04,1.202475484808916044e-03,1.327532798141084882e-03,7.866302580809191253e-04,4.158452267279969189e-04,1.250573133321688374e-04,5.034433651717882263e+00,2.661409451059180142e+00,4.001834026629402796e-01,5.034433651717882263e+00,2.428807951632000695e+01
2.689000000000000057e+01,6.828770853220324536e-04,1.091432862933115842e-03,1.219578051378051795e-03,6.828770853220324536e-04,4.085557776110833881e-04,1.281451884449359528e-04,4.370413346061007509e+00,2.614756976710933767e+00,4.100646030237950490e-01,4.370413346061007509e+00,2.218570477738720825e+01
2.689999999999999858e+01,5.626261426964996801e-04,9.571655492262832153e-04,1.099821520774223182e-03,5.626261426964996801e-04,3.945394065297835352e-04,1.426559715479399672e-04,3.600807313257598175e+00,2.525052201790614514e+00,4.564991089534078950e-01,3.600807313257598175e+00,1.974707587200486003e+01
2.691000000000000014e+01,4.288948606613038664e-04,8.004229200883625564e-04,9.674437886032657107e-04,4.288948606613038664e-04,3.715280594270586900e-04,1.670208685149031543e-04,2.744927108232344537e+00,2.377779580333175602e+00,5.344667792476900381e-01,2.744927108232344537e+00,1.697152040343963364e+01
2.692000000000000171e+01,2.852789071065510353e-04,6.230615929475780308e-04,8.219533904210489473e-04,2.852789071065510353e-04,3.377826858410269955e-04,1.988917974734709165e-04,1.825785005481926682e+00,2.161809189382572605e+00,6.364537519151068912e-01,1.825785005481926682e+00,1.387214384033881664e+01
2.692999999999999972e+01,1.354161741717221760e-04,4.276750503089330455e-04,6.628688364233213887e-04,1.354161741717221760e-04,2.922588761372108424e-04,2.351937861143883431e-04,8.666635146990219196e-01,1.870456807278149336e+00,7.526201155660426911e-01,8.666635146990219196e-01,1.046922131262964228e+01
2.694000000000000128e+01,-1.745671507116314385e-05,2.172430216165718885e-04,4.894798580436948189e-04,-1.745671507116314385e-05,2.346997366877350358e-04,2.722368364271229033e-04,-1.117229764554441146e-01,1.502078314801504222e+00,8.711578765667933322e-01,-1.117229764554441146e-01,6.784539644738559971e+00
2.694999999999999929e+01,-1.704583924843127232e-04,-4.811533768162976871e-06,3.010724540266465133e-04,-1.704583924843127232e-04,1.656468587161497345e-04,3.058839877948095021e-04,-1.090933711899601422e+00,1.060139895783358321e+00,9.788287609433904413e-01,-1.090933711899601422e+00,2.844104834481442801e+00
2.696000000000000085e+01,-3.209560257006890895e-04,-2.345799298201050578e-04,9.718682487667692008e-05,-3.209560257006890895e-04,8.637609588058403165e-05,3.317667546967820050e-04,-2.054118564484410214e+00,5.528070136357378095e-01,1.061653615029702458e+00,-2.054118564484410214e+00,-1.318973807456911729e+00
2.696999999999999886e+01,-4.669612687054314985e-04,-4.681949397209643027e-04,-1.226606366045353302e-04,-4.669612687054314985e-04,-1.233671015532804196e-06,3.455343031164289725e-04,-2.988552119714761535e+00,-7.895494499409946854e-03,1.105709769972572643e+00,-2.988552119714761535e+00,-5.672213532724796892e+00
2.698000000000000043e+01,-6.077402298441374889e-04,-7.026361620692352832e-04,-3.595173331412171479e-04,-6.077402298441374889e-04,-9.489593222509779425e-05,3.431188289280181353e-04,-3.889537471002479929e+00,-6.073339662406258554e-01,1.097980252569658033e+00,-3.889537471002479929e+00,-1.019667355402034303e+01
2.698999999999999844e+01,-7.437786178891624220e-04,-9.359430568194129513e-04,-6.149462498781063831e-04,-7.437786178891624220e-04,-1.921644389302505293e-04,3.209968069413065683e-04,-4.760183154490639446e+00,-1.229852409153603388e+00,1.027189782212180935e+00,-4.760183154490639446e+00,-1.488853734429618569e+01
2.700000000000000000e+01,-8.759497064858227499e-04,-1.166648404695219774e-03,-8.902236367018160441e-04,-8.759497064858227499e-04,-2.906986982093970242e-04,2.764247679934037300e-04,-5.606078121509265877e+00,-1.860471668540141010e+00,8.845592575788919776e-01,-5.606078121509265877e+00,-1.974597159741154684e+01
2.701000000000000156e+01,-1.004710597382060724e-03,-1.393209889905639700e-03,-1.185580109029694658e-03,-1.004710597382060724e-03,-3.884992925235789766e-04,2.076297808759450421e-04,-6.430147823245188299e+00,-2.486395472150905395e+00,6.644152988030240792e-01,-6.430147823245188299e+00,-2.475638398977920573e+01
2.701999999999999957e+01,-1.129902599983511561e-03,-1.613979216522030968e-03,-1.500040330403929053e-03,-1.129902599983511561e-03,-4.840766165385194074e-04,1.139388861181019150e-04,-7.231376639894474323e+00,-3.098090345846524318e+00,3.646044355779261004e-01,-7.231376639894474323e+00,-2.989458765048922118e+01
2.703000000000000114e+01,-1.250822858242006284e-03,-1.827359743810673615e-03,-1.831522177870320827e-03,-1.250822858242006284e-03,-5.765368855686673309e-04,-4.162434059647212095e-06,-8.005266292748840939e+00,-3.689836067639471029e+00,-1.331978899087107870e-02,-8.005266292748840939e+00,-3.512526644813754473e+01
2.703999999999999915e+01,-1.366285694570132598e-03,-2.031868322330196864e-03,-2.176914360050325771e-03,-1.366285694570132598e-03,-6.655826277600642663e-04,-1.450460377201289071e-04,-8.744228445248849013e+00,-4.259728817664411693e+00,-4.641473207044125027e-01,-8.744228445248849013e+00,-4.040431375085302079e+01
2.705000000000000071e+01,-1.474985852750599789e-03,-2.226422919015431934e-03,-2.532450797689568805e-03,-1.474985852750599789e-03,-7.514370662648321448e-04,-3.060278786741368710e-04,-9.439909457603839371e+00,-4.809197224094925893e+00,-9.792892117572380428e-01,-9.439909457603839371e+00,-4.568518768036801703e+01
2.705999999999999872e+01,-1.576121771919759655e-03,-2.410838238575749217e-03,-2.894355020378973613e-03,-1.576121771919759655e-03,-8.347164666559895620e-04,-4.835167818032243964e-04,-1.008717934028646113e+01,-5.342185386598333530e+00,-1.547253701770318068e+00,-1.008717934028646113e+01,-5.092985528596534550e+01
2.707000000000000028e+01,-1.669477227671916199e-03,-2.585753453741966405e-03,-3.258965546751229313e-03,-1.669477227671916199e-03,-9.162762260700502061e-04,-6.732120930092629074e-04,-1.068465425710026295e+01,-5.864167846848321375e+00,-2.154278697629641304e+00,-1.068465425710026295e+01,-5.610930240473467734e+01
2.707999999999999829e+01,-1.754651186338757442e-03,-2.751690575287624608e-03,-3.622024844473073230e-03,-1.754651186338757442e-03,-9.970393889488671658e-04,-8.703342691854486224e-04,-1.122976759256804691e+01,-6.381052089272749583e+00,-2.785069661393435592e+00,-1.122976759256804691e+01,-6.118766802970269225e+01
2.708999999999999986e+01,-1.830416962165504462e-03,-2.908222111176749902e-03,-3.978092734360058787e-03,-1.830416962165504462e-03,-1.077805149011245439e-03,-1.069870623183308885e-03,-1.171466855785922867e+01,-6.897952953671970810e+00,-3.423585994186588266e+00,-1.171466855785922867e+01,-6.610862251715334992e+01
2.710000000000000142e+01,-1.895095018020742737e-03,-3.054145119499194257e-03,-4.320962692542192236e-03,-1.895095018020742737e-03,-1.159050101478451521e-03,-1.266817573042997979e-03,-1.212860811533275296e+01,-7.417920649462089955e+00,-4.053816233737593144e+00,-1.212860811533275296e+01,-7.080103499559730551e+01
2.710999999999999943e+01,-1.947325163433993736e-03,-3.188081336437577178e-03,-4.644482878392568875e-03,-1.947325163433993736e-03,-1.240756173003583441e-03,-1.456401541954991698e-03,-1.246288104597756075e+01,-7.940839507222934301e+00,-4.660484934255973322e+00,-1.246288104597756075e+01,-7.519261646236941488e+01
2.712000000000000099e+01,-1.986267667797566704e-03,-3.308564167928997914e-03,-4.942827656164188420e-03,-1.986267667797566704e-03,-1.322296500131431209e-03,-1.634263488235190506e-03,-1.271211307390442613e+01,-8.462697600841160295e+00,-5.229643162352609842e+00,-1.271211307390442613e+01,-7.921336151129457903e+01
2.712999999999999901e+01,-2.011553124747899636e-03,-3.413946405331119965e-03,-5.210542857851683217e-03,-2.011553124747899636e-03,-1.402393280583220329e-03,-1.796596452520563252e-03,-1.287393999838655745e+01,-8.975316995732610437e+00,-5.749108648065802463e+00,-1.287393999838655745e+01,-8.279509692655490483e+01
2.714000000000000057e+01,-2.023587485083997144e-03,-3.502742014386729316e-03,-5.442972794988760500e-03,-2.023587485083997144e-03,-1.479154529302732172e-03,-1.940230780602031184e-03,-1.295095990453758183e+01,-9.466588987537486233e+00,-6.208738497926499456e+00,-1.295095990453758183e+01,-8.587886217000469458e+01
2.714999999999999858e+01,-2.023618337108751969e-03,-3.573809801353123889e-03,-5.636477084850053179e-03,-2.023618337108751969e-03,-1.550191464244371920e-03,-2.062667283496929290e-03,-1.295115735749601171e+01,-9.921225371163981066e+00,-6.600535307190173562e+00,-1.295115735749601171e+01,-8.841875410755049813e+01
2.716000000000000014e+01,-2.013022133900402213e-03,-3.625820278432563114e-03,-5.787884079491213175e-03,-2.013022133900402213e-03,-1.612798144532160902e-03,-2.162063801058650061e-03,-1.288334165696257472e+01,-1.032190812500583021e+01,-6.918604163387680472e+00,-1.288334165696257472e+01,-9.037156183606825266e+01
2.717000000000000171e+01,-1.992738491409537169e-03,-3.656898044044479441e-03,-5.894082564998403238e-03,-1.992738491409537169e-03,-1.664159552634942273e-03,-2.237184520953923797e-03,-1.275352634502103832e+01,-1.065062113686363077e+01,-7.158990467052555928e+00,-1.275352634502103832e+01,-9.168941384681167506e+01
2.717999999999999972e+01,-1.963678749594795908e-03,-3.665244818120908920e-03,-5.952568481522885896e-03,-1.963678749594795908e-03,-1.701566068526113012e-03,-2.287323663401976976e-03,-1.256754399740669470e+01,-1.089002283856712339e+01,-7.319435722886326268e+00,-1.256754399740669470e+01,-9.233100767658044106e+01
2.719000000000000128e+01,-1.927193439409846188e-03,-3.649821690479179617e-03,-5.962037887970921511e-03,-1.927193439409846188e-03,-1.722628251069333429e-03,-2.312216197491741895e-03,-1.233403801222301510e+01,-1.102482080684373322e+01,-7.399091831973573896e+00,-1.233403801222301510e+01,-9.227385195312095334e+01
2.719999999999999929e+01,-1.884555227248504083e-03,-3.610031122625173994e-03,-5.921979401782566377e-03,-1.884555227248504083e-03,-1.725475895376669911e-03,-2.311948279157392382e-03,-1.206115345439042663e+01,-1.104304573041068771e+01,-7.398234493303655235e+00,-1.206115345439042663e+01,-9.150730103431430962e+01
2.721000000000000085e+01,-1.836221957709255077e-03,-3.545131006820340276e-03,-5.832009670361976844e-03,-1.836221957709255077e-03,-1.708909049111085200e-03,-2.286878663541636568e-03,-1.175182052933923238e+01,-1.093701791431094605e+01,-7.318011723333237128e+00,-1.175182052933923238e+01,-9.002055050095025024e+01
2.721999999999999886e+01,-1.782054364231856628e-03,-3.454534833439930775e-03,-5.692114209983462764e-03,-1.782054364231856628e-03,-1.672480469208074147e-03,-2.237579376543531989e-03,-1.140514793108388325e+01,-1.070387500293167449e+01,-7.160254004939302419e+00,-1.140514793108388325e+01,-8.780783081686458047e+01
2.723000000000000043e+01,-1.721976396422021357e-03,-3.338491537743058703e-03,-5.503291789936912322e-03,-1.721976396422021357e-03,-1.616515141321037347e-03,-2.164800252193853618e-03,-1.102064893710093685e+01,-1.034569690445463941e+01,-6.927360807020331634e+00,-1.102064893710093685e+01,-8.488111994572773256e+01
2.723999999999999844e+01,-1.655964476994824068e-03,-3.198041913825805382e-03,-5.267500306486748787e-03,-1.655964476994824068e-03,-1.542077436830981314e-03,-2.069458392660943405e-03,-1.059817265276687337e+01,-9.869295595718281078e+00,-6.622266856515018674e+00,-1.059817265276687337e+01,-8.126920531500051936e+01
2.725000000000000000e+01,-1.583637735480975320e-03,-3.034523489212527167e-03,-4.987173811483554091e-03,-1.583637735480975320e-03,-1.450885753731551847e-03,-1.952650322271026924e-03,-1.013528150707824160e+01,-9.285668823881930933e+00,-6.248481031267286490e+00,-1.013528150707824160e+01,-7.700829408668238329e+01
2.726000000000000156e+01,-1.504254766805696204e-03,-2.849431185209337809e-03,-4.665112728251223119e-03,-1.504254766805696204e-03,-1.345176418403641605e-03,-1.815681543041885310e-03,-9.627230507556456374e+00,-8.609129077783306272e+00,-5.810180937734033435e+00,-9.627230507556456374e+00,-7.213962156922139002e+01
2.726999999999999957e+01,-1.416930829502820004e-03,-2.644461668808916095e-03,-4.304567375447324734e-03,-1.416930829502820004e-03,-1.227530839306096092e-03,-1.660105706638408639e-03,-9.068357308818047358e+00,-7.856197371559014542e+00,-5.312338261242907755e+00,-9.068357308818047358e+00,-6.671067882485991163e+01
2.728000000000000114e+01,-1.320729046248994955e-03,-2.421413937359165845e-03,-3.909178076159913577e-03,-1.320729046248994955e-03,-1.100684891110170890e-03,-1.487764138800747732e-03,-8.452665895993566991e+00,-7.044383303105093752e+00,-4.760845244162393186e+00,-8.452665895993566991e+00,-6.077368332978316801e+01
2.728999999999999915e+01,-1.214973313335951204e-03,-2.182314920835233020e-03,-3.483131127341020095e-03,-1.214973313335951204e-03,-9.673416074992818164e-04,-1.300816206505787075e-03,-7.775829205350087925e+00,-6.190986287995404069e+00,-4.162611860818518750e+00,-7.775829205350087925e+00,-5.438828206249202424e+01
2.730000000000000071e+01,-1.099665398889316864e-03,-1.929677034821944024e-03,-3.031429144196218749e-03,-1.099665398889316864e-03,-8.300116359326271606e-04,-1.101752109374274724e-03,-7.037858552891627539e+00,-5.312074469968814050e+00,-3.525606749997679312e+00,-7.037858552891627539e+00,-4.762661931857435604e+01
2.730999999999999872e+01,-9.751777864386913276e-04,-1.666073042110815822e-03,-2.559454960391314721e-03,-9.751777864386913276e-04,-6.908952556721244948e-04,-8.933819182804988990e-04,-6.241137833207624830e+00,-4.421729636301597210e+00,-2.858822138497596477e+00,-6.241137833207624830e+00,-4.056506882402045733e+01
2.732000000000000028e+01,-8.415399654982201995e-04,-1.393339439232906289e-03,-2.072136822547921732e-03,-8.415399654982201995e-04,-5.517994737346860893e-04,-6.787973833150154433e-04,-5.385855779188609027e+00,-3.531516631901991055e+00,-2.172151626608049391e+00,-5.385855779188609027e+00,-3.326857211309594931e+01
2.732999999999999829e+01,-6.987161912395601542e-04,-1.112802230158382562e-03,-1.574107883793540675e-03,-6.987161912395601542e-04,-4.140860389188224079e-04,-4.613056536351581131e-04,-4.471783623933185403e+00,-2.650150649080463605e+00,-1.476178091632506018e+00,-4.471783623933185403e+00,-2.579433709393846286e+01
2.733999999999999986e+01,-5.476436627713004079e-04,-8.263116979056356641e-04,-1.070648560888428366e-03,-5.476436627713004079e-04,-2.786680351343352562e-04,-2.443368629827927024e-04,-3.504919441736322749e+00,-1.783475424859745750e+00,-7.818779615449366061e-01,-3.504919441736322749e+00,-1.821081848442301521e+01
2.735000000000000142e+01,-3.901329639199635534e-04,-5.362000390889716658e-04,-5.675308164624533191e-04,-3.901329639199635534e-04,-1.460670751690081124e-04,-3.133077737348165335e-05,-2.496850969087766714e+00,-9.348292810816518639e-01,-1.002584875951412907e-01,-2.496850969087766714e+00,-1.059581621329368062e+01
2.735999999999999943e+01,-2.275450378076042737e-04,-2.440509557457166143e-04,-6.966146998725736002e-05,-2.275450378076042737e-04,-1.650591793811234057e-05,1.743894857584592543e-04,-1.456288241968667352e+00,-1.056378748039189797e-01,5.580463544270696241e-01,-1.456288241968667352e+00,-3.011639287036548929e+00
2.737000000000000099e+01,-6.047495286607235891e-05,4.952380857558114460e-05,4.192711665237019232e-04,-6.047495286607235891e-05,1.099987614416535035e-04,3.697473579481207651e-04,-3.870396983428631144e-01,7.039920732265824155e-01,1.183191545433986525e+00,-3.870396983428631144e-01,4.500431760953118143e+00
2.737999999999999901e+01,1.099453644290629005e-04,3.434887375753413268e-04,8.955256956037881003e-04,1.099453644290629005e-04,2.335433731462784263e-04,5.520369580284468277e-04,7.036503323460026049e-01,1.494677588136182012e+00,1.766518265691029876e+00,7.036503323460026049e-01,1.189453855851964370e+01
2.739000000000000057e+01,2.813016594747884402e-04,6.355256990820096858e-04,1.354557851347521717e-03,2.813016594747884402e-04,3.542240396072212456e-04,7.190321522655120307e-04,1.800330620638646018e+00,2.267033853486216000e+00,2.300902887249638429e+00,1.800330620638646018e+00,1.910480208412350223e+01
2.739999999999999858e+01,4.508254819606152645e-04,9.228370550236460407e-04,1.791908463414941012e-03,4.508254819606152645e-04,4.720115730630307762e-04,8.690714083912949714e-04,2.885283084547937804e+00,3.020874067603397162e+00,2.781028506852143867e+00,2.885283084547937804e+00,2.606155697701043650e+01
2.741000000000000014e+01,6.162771989851051216e-04,1.202927259741827558e-03,2.204037892864010428e-03,6.162771989851051216e-04,5.866500607567224366e-04,1.001110633122182869e-03,3.944174073504672862e+00,3.754560388843023677e+00,3.203554025990985377e+00,3.944174073504672862e+00,3.270686546501604397e+01
2.742000000000000171e+01,7.755908300139859740e-04,1.473188294859807635e-03,2.587927186006676056e-03,7.755908300139859740e-04,6.975974648458216614e-04,1.114738891146868421e-03,4.963781312089510678e+00,4.464623775013258467e+00,3.567164451669978753e+00,4.963781312089510678e+00,3.898670861631824636e+01
2.742999999999999972e+01,9.264785706470308243e-04,1.730481055046467894e-03,2.940636212049843774e-03,9.264785706470308243e-04,8.040024843994370701e-04,1.210155157003375880e-03,5.929462852140996887e+00,5.145615900156396805e+00,3.872496502410802677e+00,5.929462852140996887e+00,4.484272576412459443e+01
2.744000000000000128e+01,1.066770566358207165e-03,1.971485611133035488e-03,3.259593013933301427e-03,1.066770566358207165e-03,9.047150447748283225e-04,1.288107402800265939e-03,6.827331624692526191e+00,5.790176286558901708e+00,4.121943688960850949e+00,6.827331624692526191e+00,5.021835480063683832e+01
2.744999999999999929e+01,1.194415950327707473e-03,2.192747441825594872e-03,3.542545745313204191e-03,1.194415950327707473e-03,9.983314914978873994e-04,1.349798303487609319e-03,7.644262082097327493e+00,6.389321545586479800e+00,4.319354571160349821e+00,7.644262082097327493e+00,5.505881459653247134e+01
2.746000000000000085e+01,1.306864811252540651e-03,2.390125417611305234e-03,3.786889763605747958e-03,1.306864811252540651e-03,1.083260606358764583e-03,1.396764345994442724e-03,8.363934792016261000e+00,6.932867880696093721e+00,4.469645907182216327e+00,8.363934792016261000e+00,5.929934573968371581e+01
2.746999999999999886e+01,1.401237546527742605e-03,2.559032650159244297e-03,3.989769386944845737e-03,1.401237546527742605e-03,1.157795103631501692e-03,1.430736736785601440e-03,8.967920297777553174e+00,7.409888663241610551e+00,4.578357557713924386e+00,8.967920297777553174e+00,6.286849955619926078e+01
2.748000000000000043e+01,1.475420661004457189e-03,2.695616756039192260e-03,4.149110254198483567e-03,1.475420661004457189e-03,1.220196095034735070e-03,1.453493498159291308e-03,9.442692230428525235e+00,7.809255008222304895e+00,4.651179194109731796e+00,9.442692230428525235e+00,6.570937929828167512e+01
2.748999999999999844e+01,1.528304873068385243e-03,2.797106341230692732e-03,4.263819373521763288e-03,1.528304873068385243e-03,1.268801468162307489e-03,1.466713032291070556e-03,9.781151187637664890e+00,8.120329396238767927e+00,4.693481703331425337e+00,9.781151187637664890e+00,6.778488686162357624e+01
2.750000000000000000e+01,1.558789537713985845e-03,2.860929185541314420e-03,4.332768978357773998e-03,1.558789537713985845e-03,1.302139647827328574e-03,1.471839792816459578e-03,9.976253041369510299e+00,8.333693746094903432e+00,4.709887337012670372e+00,9.976253041369510299e+00,6.905950237343125764e+01
2.751000000000000156e+01,1.565443171520216996e-03,2.884461588389415805e-03,4.354433304748984296e-03,1.565443171520216996e-03,1.319018416869198809e-03,1.469971716359568491e-03,1.001883629772938811e+01,8.441717867962871935e+00,4.703909492350619281e+00,1.001883629772938811e+01,6.949339097412862998e+01
2.751999999999999957e+01,1.547502715594722012e-03,2.866089544548120621e-03,4.327866516277512586e-03,1.547502715594722012e-03,1.318586828953398609e-03,1.461776971729391965e-03,9.904017379806221655e+00,8.438955705301751209e+00,4.677686309534053954e+00,9.904017379806221655e+00,6.906197818392607246e+01
2.753000000000000114e+01,1.505484797340058854e-03,2.805872714014479106e-03,4.253318115411872623e-03,1.505484797340058854e-03,1.300387916674420252e-03,1.447445401397393517e-03,9.635102702976377387e+00,8.322482666716290112e+00,4.631825284471659643e+00,9.635102702976377387e+00,6.776823196249299031e+01
2.753999999999999915e+01,1.440503318273235770e-03,2.704903933442868828e-03,4.131581936488221661e-03,1.440503318273235770e-03,1.264400615169633058e-03,1.426678003045352833e-03,9.219221236948708764e+00,8.092163937085651071e+00,4.565369609745129509e+00,9.219221236948708764e+00,6.563026435133846803e+01
2.755000000000000071e+01,1.353609142418940115e-03,2.564659505231876684e-03,3.963374832664234848e-03,1.353609142418940115e-03,1.211050362812936569e-03,1.398715327432358164e-03,8.663098511481216235e+00,7.750722322002793874e+00,4.475889047783546459e+00,8.663098511481216235e+00,6.266912964380266970e+01
2.755999999999999872e+01,1.245999869847994436e-03,2.387180364802666405e-03,3.749583001898027217e-03,1.245999869847994436e-03,1.141180494954671968e-03,1.362402637095360813e-03,7.974399167027164559e+00,7.303555167709900431e+00,4.359688438705154212e+00,7.974399167027164559e+00,5.891292832032665672e+01
2.757000000000000028e+01,1.119204824521430677e-03,2.175198336518953043e-03,3.491485063732351329e-03,1.119204824521430677e-03,1.055993511997522366e-03,1.316286727213398285e-03,7.162910876937155891e+00,6.758358476784143143e+00,4.212117527082874346e+00,7.162910876937155891e+00,5.440016064241251570e+01
2.757999999999999829e+01,9.747700555173106039e-04,1.931738783685106944e-03,3.190475706655897768e-03,9.747700555173106039e-04,9.569687281677963404e-04,1.258736922970790824e-03,6.238528355310787532e+00,6.124599860273896468e+00,4.027958153506530969e+00,6.238528355310787532e+00,4.917325910727364402e+01
2.758999999999999986e+01,8.142018589168979661e-04,1.659962228617130938e-03,2.848043207545162235e-03,8.142018589168979661e-04,8.457603697002329720e-04,1.188080978928031297e-03,5.210891897068147038e+00,5.412866366081490632e+00,3.801859132569699984e+00,5.210891897068147038e+00,4.327685218715801341e+01
2.760000000000000142e+01,6.392780228759892573e-04,1.363367473313490058e-03,2.466113057757791851e-03,6.392780228759892573e-04,7.240894504375008011e-04,1.102745584444301792e-03,4.091379346406331052e+00,4.634172482800004822e+00,3.528785870221765819e+00,4.091379346406331052e+00,3.676301309828430419e+01
2.760999999999999943e+01,4.519640905770877255e-04,1.045607928926543806e-03,2.046999086295716967e-03,4.519640905770877255e-04,5.936438383494560805e-04,1.001391157369173161e-03,2.892570179693361609e+00,3.799320565436518748e+00,3.204451703581354227e+00,2.892570179693361609e+00,2.968902734613370598e+01
2.762000000000000099e+01,2.541520179263223752e-04,7.101440786951771205e-04,1.593175537046375096e-03,2.541520179263223752e-04,4.559920607688547453e-04,8.830314583511979752e-04,1.626572914728463104e+00,2.918349188920670301e+00,2.825700666723833354e+00,1.626572914728463104e+00,2.211186831111890072e+01
2.762999999999999901e+01,4.806684605900503793e-05,3.605869189335467488e-04,1.107717029360967033e-03,4.806684605900503793e-05,3.125200728745417380e-04,7.471301104274202841e-04,3.076278147776322358e-01,2.000128466397067317e+00,2.390816353367744895e+00,3.076278147776322358e-01,1.409571790362733523e+01
2.764000000000000057e+01,-1.632203589208058359e-04,1.188732661458428785e-06,5.948572251184749277e-04,-1.632203589208058359e-04,1.644090915822642781e-04,5.936684924570164584e-04,-1.044610297093157447e+00,1.052218186126491428e+00,1.899739175862452667e+00,-1.044610297093157447e+00,5.722041194687360388e+00
2.764999999999999858e+01,-3.762660253998065989e-04,-3.636074814991312057e-04,5.957503745308219173e-05,-3.762660253998065989e-04,1.265854390067539317e-05,4.231825189522133704e-04,-2.408102562558762205e+00,8.101468096432251631e-02,1.354184060647082744e+00,-2.408102562558762205e+00,-2.918711462842070503e+00
2.766000000000000014e+01,-5.879667537715216417e-04,-7.298307687440471489e-04,-4.930620501912862975e-04,-5.879667537715216417e-04,-1.418640149725255073e-04,2.367687185527608514e-04,-3.762987224137738451e+00,-9.079296958241632742e-01,7.576598993688347106e-01,-3.762987224137738451e+00,-1.173977106177919971e+01
2.767000000000000171e+01,-7.951493993519329105e-04,-1.093506589413445734e-03,-1.057444310192627059e-03,-7.951493993519329105e-04,-2.983571900615128230e-04,3.606227922081867501e-05,-5.088956155852370600e+00,-1.909486016393681984e+00,1.153992935066197600e-01,-5.088956155852370600e+00,-2.064912863621829331e+01
2.767999999999999972e+01,-9.938352145139998668e-04,-1.449830827492084445e-03,-1.626639135494905696e-03,-9.938352145139998668e-04,-4.559956129780845784e-04,-1.768083080028212510e-04,-6.360545372889599314e+00,-2.918371923059741135e+00,-5.657865856090280587e-01,-6.360545372889599314e+00,-2.953411164467510375e+01
2.769000000000000128e+01,-1.179793453101757230e-03,-1.793612192652476638e-03,-2.192895751266212261e-03,-1.179793453101757230e-03,-6.138187395507194079e-04,-3.992835586137356233e-04,-7.550678099851245939e+00,-3.928439933124604266e+00,-1.277707387563953967e+00,-7.550678099851245939e+00,-3.827047626161941452e+01
2.769999999999999929e+01,-1.349706309526720223e-03,-2.120337246519745505e-03,-2.748782169328872933e-03,-1.349706309526720223e-03,-7.706309369930252826e-04,-6.284449228091274278e-04,-8.638120380971010093e+00,-4.932037996755362030e+00,-2.011023752989207658e+00,-8.638120380971010093e+00,-4.674354639214674023e+01
2.771000000000000085e+01,-1.501203415292712761e-03,-2.426144324688383688e-03,-3.287233947579452920e-03,-1.501203415292712761e-03,-9.249409093956709269e-04,-8.610896228910692313e-04,-9.607701857873362172e+00,-5.919621820132293877e+00,-2.755486793251421318e+00,-9.607701857873362172e+00,-5.484843141377123032e+01
2.771999999999999886e+01,-1.632175309647322355e-03,-2.707114472800454651e-03,-3.800917716508500112e-03,-1.632175309647322355e-03,-1.074939163153132296e-03,-1.093803243708045460e-03,-1.044592198174286324e+01,-6.879610644180046641e+00,-3.500170379865745307e+00,-1.044592198174286324e+01,-6.247710901736596867e+01
2.773000000000000043e+01,-1.740958680750412770e-03,-2.959465986634489051e-03,-4.282492589420133951e-03,-1.740958680750412770e-03,-1.218507305884076282e-03,-1.323026602785644899e-03,-1.114213555680264101e+01,-7.798446757658088480e+00,-4.233685128914063789e+00,-1.114213555680264101e+01,-6.952280233012437805e+01
2.773999999999999844e+01,-1.827092163106160301e-03,-3.180362324577196229e-03,-4.725477607271808857e-03,-1.827092163106160301e-03,-1.353270161471035928e-03,-1.545115282694612627e-03,-1.169338984387942659e+01,-8.660929033414630496e+00,-4.944368904622760574e+00,-1.169338984387942659e+01,-7.589606334575046276e+01
2.775000000000000000e+01,-1.891257706595674687e-03,-3.367955803356218521e-03,-5.124348239545808460e-03,-1.891257706595674687e-03,-1.476698096760543834e-03,-1.756392436189589939e-03,-1.210404932221231888e+01,-9.450867819267481096e+00,-5.620455795806687860e+00,-1.210404932221231888e+01,-8.152611881185947595e+01
2.776000000000000156e+01,-1.934667815410496877e-03,-3.520912150435418202e-03,-5.474109696878975105e-03,-1.934667815410496877e-03,-1.586244335024921326e-03,-1.953197546443556903e-03,-1.238187401862717962e+01,-1.015196374415949698e+01,-6.250232148619382144e+00,-1.238187401862717962e+01,-8.635220973421817803e+01
2.776999999999999957e+01,-1.959022652999854210e-03,-3.638519741744898357e-03,-5.770454827021798648e-03,-1.959022652999854210e-03,-1.679497088745044147e-03,-2.131935085276900291e-03,-1.253774497919906672e+01,-1.074878136796828265e+01,-6.822192272886081099e+00,-1.253774497919906672e+01,-9.032615586016029852e+01
2.778000000000000114e+01,-1.966774789206064775e-03,-3.721112373001502893e-03,-6.010239828261516350e-03,-1.966774789206064775e-03,-1.754337583795438117e-03,-2.289127455260013457e-03,-1.258735865091881401e+01,-1.122776053629080373e+01,-7.325207856832043340e+00,-1.258735865091881401e+01,-9.342098113212497879e+01
2.778999999999999915e+01,-1.960871854289699193e-03,-3.769965995867666231e-03,-6.191442424944353269e-03,-1.960871854289699193e-03,-1.809094141577967038e-03,-2.421476429076687038e-03,-1.254957986745407439e+01,-1.157820250609898949e+01,-7.748724573045398856e+00,-1.254957986745407439e+01,-9.562952083979538997e+01
2.780000000000000071e+01,-1.944252169532480331e-03,-3.786924792969646215e-03,-6.312861163145348266e-03,-1.944252169532480331e-03,-1.842672623437165884e-03,-2.525936370175702050e-03,-1.244321388500787329e+01,-1.179310478999786227e+01,-8.082996384562246561e+00,-1.244321388500787329e+01,-9.695794517870395168e+01
2.780999999999999872e+01,-1.919590635770786376e-03,-3.774235079979177711e-03,-6.374035774367656053e-03,-1.919590635770786376e-03,-1.854644444208391335e-03,-2.599800694388478342e-03,-1.228538006893303347e+01,-1.186972444293370543e+01,-8.319362222043130473e+00,-1.228538006893303347e+01,-9.742340020172960635e+01
2.782000000000000028e+01,-1.889092479430727741e-03,-3.734373705792895948e-03,-6.375174243108927032e-03,-1.889092479430727741e-03,-1.845281226362168207e-03,-2.640800537316031083e-03,-1.209019186835665671e+01,-1.180979984871787636e+01,-8.450561719411298967e+00,-1.209019186835665671e+01,-9.705166030945750322e+01
2.782999999999999829e+01,-1.854278494380981034e-03,-3.669809258726621295e-03,-6.317021070810354029e-03,-1.854278494380981034e-03,-1.815530764345640261e-03,-2.647211812083732733e-03,-1.186738236403827784e+01,-1.161939689181209800e+01,-8.471077798667945302e+00,-1.186738236403827784e+01,-9.587357116355497055e+01
2.783999999999999986e+01,-1.815984673661496466e-03,-3.582920977147999522e-03,-6.200885147498142770e-03,-1.815984673661496466e-03,-1.766936303486503056e-03,-2.617964170350143248e-03,-1.162230191143357771e+01,-1.130839234231361878e+01,-8.377485345120458504e+00,-1.162230191143357771e+01,-9.392453879660297389e+01
2.785000000000000142e+01,-1.774260420386341349e-03,-3.475767511102642680e-03,-6.028510713223069958e-03,-1.774260420386341349e-03,-1.701507090716301331e-03,-2.552743202120427279e-03,-1.135526669047258430e+01,-1.088964538058432829e+01,-8.168778246785366903e+00,-1.135526669047258430e+01,-9.124107095352684382e+01
2.785999999999999943e+01,-1.727922036299276744e-03,-3.349467589682309995e-03,-5.801543297336897442e-03,-1.727922036299276744e-03,-1.621545553383033252e-03,-2.452075707654587447e-03,-1.105870103231537094e+01,-1.037789154165141348e+01,-7.846642264494679608e+00,-1.105870103231537094e+01,-8.784970451538438851e+01
2.787000000000000099e+01,-1.674503218948976066e-03,-3.203941908559021067e-03,-5.521329008346008947e-03,-1.674503218948976066e-03,-1.529438689610045001e-03,-2.317387099786987880e-03,-1.071682060127344727e+01,-9.788407613504288562e+00,-7.415638719318360828e+00,-1.071682060127344727e+01,-8.376260080228828997e+01
2.787999999999999901e+01,-1.611086476440975719e-03,-3.038526445312915610e-03,-5.189546783165863500e-03,-1.611086476440975719e-03,-1.427439968871939890e-03,-2.151020337852947890e-03,-1.031095344922224477e+01,-9.135615800780415796e+00,-6.883265081129433582e+00,-1.031095344922224477e+01,-7.898950299339628600e+01
2.789000000000000057e+01,-1.535146277636735470e-03,-2.852627984642897106e-03,-4.808835844286128008e-03,-1.535146277636735470e-03,-1.317481707006161636e-03,-1.956207859643230903e-03,-9.824936176875107563e+00,-8.431882924839435134e+00,-6.259865150858338723e+00,-9.824936176875107563e+00,-7.355005275771864603e+01
2.789999999999999858e+01,-1.444578475946279965e-03,-2.645623284079853116e-03,-4.382615035725603327e-03,-1.444578475946279965e-03,-1.201044808133573151e-03,-1.736991751645750211e-03,-9.245302246056191109e+00,-7.686686772054867944e+00,-5.558373605266401007e+00,-9.245302246056191109e+00,-6.747108787013237929e+01
2.791000000000000014e+01,-1.337349971829454413e-03,-2.416439114727543264e-03,-3.914531147810994087e-03,-1.337349971829454413e-03,-1.079089142898088851e-03,-1.498092033083450823e-03,-8.559039819708507579e+00,-6.906170514547768313e+00,-4.793894505867042355e+00,-8.559039819708507579e+00,-6.077731452036995563e+01
2.792000000000000171e+01,-1.211380823087152220e-03,-2.163418537128803092e-03,-3.408146037809220083e-03,-1.211380823087152220e-03,-9.520377140416508722e-04,-1.244727500680416991e-03,-7.752837267757774597e+00,-6.093041369866565304e+00,-3.983128002177334537e+00,-7.752837267757774597e+00,-5.348701991940502865e+01
2.792999999999999972e+01,-1.064700141472395018e-03,-1.884509695790789058e-03,-2.866907344311872986e-03,-1.064700141472395018e-03,-8.198095543183940397e-04,-9.823976485210839278e-04,-6.814080905423328005e+00,-5.246781147637721965e+00,-3.143672475267468513e+00,-6.814080905423328005e+00,-4.561360358498555456e+01
2.794000000000000128e+01,-8.959130219200186693e-04,-1.577814123580145982e-03,-2.294451797672069759e-03,-8.959130219200186693e-04,-6.819011016601273130e-04,-7.166376740919237764e-04,-5.733843340288119705e+00,-4.364167050624814692e+00,-2.293240557094156085e+00,-5.733843340288119705e+00,-3.717375284402127278e+01
2.794999999999999929e+01,-7.046886769909265066e-04,-1.242206242907483663e-03,-1.694967753544997149e-03,-7.046886769909265066e-04,-5.375175659165571567e-04,-4.527615106375134854e-04,-4.510007532741929559e+00,-3.440112421865965775e+00,-1.448836834040043264e+00,-4.510007532741929559e+00,-2.819687036594381624e+01
